district_code,district_name,mandal_code,mandal_name,village_code,village_name,sro_code,sro_name
14_1,MAHABUBNAGAR,01,ADDAKAL,1426021,ADDAKAL,,
14_1,MAHABUBNAGAR,01,ADDAKAL,1437004,BALEEDUPALLE,,
14_1,MAHABUBNAGAR,01,ADDAKAL,1437002,CHINNAMUNGALACHEDU,,
14_1,MAHABUBNAGAR,01,ADDAKAL,1426016,GUDIBANDA,,
14_1,MAHABUBNAGAR,01,ADDAKAL,1426018,KANDUR,,
14_1,MAHABUBNAGAR,01,ADDAKAL,1437003,KANMANOOR,,
14_1,MAHABUBNAGAR,01,ADDAKAL,1426020,KATAVARAM,,
14_1,MAHABUBNAGAR,01,ADDAKAL,1427027,MUTHYALAMPALLE,,
14_1,MAHABUBNAGAR,01,ADDAKAL,1437001,PEDDAMUNGALACHEDU,,
14_1,MAHABUBNAGAR,01,ADDAKAL,1426014,PONNAKAL,,
14_1,MAHABUBNAGAR,01,ADDAKAL,1426015,RACHALA,,
14_1,MAHABUBNAGAR,01,ADDAKAL,1426017,SHAKHAPUR,,
14_1,MAHABUBNAGAR,01,ADDAKAL,1426019,THIMMAIPALLE,,
14_1,MAHABUBNAGAR,01,ADDAKAL,1427028,VARNE,,
14_1,MAHABUBNAGAR,02,BALANGAR,1410022,APPAJIPALLE,,
14_1,MAHABUBNAGAR,02,BALANGAR,1410005,BALANAGAR,,
14_1,MAHABUBNAGAR,02,BALANGAR,1410023,BODAJANAMPETA,,
14_1,MAHABUBNAGAR,02,BALANGAR,1410036,CHINNA REVALLI,,
14_1,MAHABUBNAGAR,02,BALANGAR,1410018,GOUTHAPUR,,
14_1,MAHABUBNAGAR,02,BALANGAR,1410007,GUNDED,,
14_1,MAHABUBNAGAR,02,BALANGAR,1410019,HEMAJIPUR,,
14_1,MAHABUBNAGAR,02,BALANGAR,1410014,KETHIREDDIPALLE,,
14_1,MAHABUBNAGAR,02,BALANGAR,1410020,LINGARAM,,
14_1,MAHABUBNAGAR,02,BALANGAR,1410002,MACHARAM,,
14_1,MAHABUBNAGAR,02,BALANGAR,1410035,MADAMPALLE,,
14_1,MAHABUBNAGAR,02,BALANGAR,1410004,MOTHIGHANAPUR,,
14_1,MAHABUBNAGAR,02,BALANGAR,1410006,NANDARAM,,
14_1,MAHABUBNAGAR,02,BALANGAR,1410008,NERELLAPALLE,,
14_1,MAHABUBNAGAR,02,BALANGAR,1410021,PEDDARIVALLE,,
14_1,MAHABUBNAGAR,02,BALANGAR,1410015,PEDDAYAPALLE,,
14_1,MAHABUBNAGAR,02,BALANGAR,1410016,SERIGUDA,,
14_1,MAHABUBNAGAR,02,BALANGAR,1410003,SURARAM,,
14_1,MAHABUBNAGAR,02,BALANGAR,1410037,THIRUMALAGIRI,,
14_1,MAHABUBNAGAR,02,BALANGAR,1410001,UDITHYAL,,
14_1,MAHABUBNAGAR,02,BALANGAR,1410017,VANAMAVANIGUDA,,
14_1,MAHABUBNAGAR,03,BHOOTHPUR,1424003,AMISTAPUR,,
14_1,MAHABUBNAGAR,03,BHOOTHPUR,1424011,ANNASAGAR,,
14_1,MAHABUBNAGAR,03,BHOOTHPUR,1424004,BHOOTHPUR,,
14_1,MAHABUBNAGAR,03,BHOOTHPUR,1424009,GOPALAPUR (KHURD),,
14_1,MAHABUBNAGAR,03,BHOOTHPUR,1424002,HASNAPUR,,
14_1,MAHABUBNAGAR,03,BHOOTHPUR,1424014,KAPPETA,,
14_1,MAHABUBNAGAR,03,BHOOTHPUR,1424007,KARVENA,,
14_1,MAHABUBNAGAR,03,BHOOTHPUR,1424008,KOTHAMOLGARA,,
14_1,MAHABUBNAGAR,03,BHOOTHPUR,1424006,KOTHUR,,
14_1,MAHABUBNAGAR,03,BHOOTHPUR,1424016,MADDIGATLA,,
14_1,MAHABUBNAGAR,03,BHOOTHPUR,1424015,POTHAMALGARA,,
14_1,MAHABUBNAGAR,03,BHOOTHPUR,1424010,POTHULAMADUGU,,
14_1,MAHABUBNAGAR,03,BHOOTHPUR,1424013,RAVALPALLE,,
14_1,MAHABUBNAGAR,03,BHOOTHPUR,1424012,TADIKONDA,,
14_1,MAHABUBNAGAR,03,BHOOTHPUR,1424005,TADPARTHY,,
14_1,MAHABUBNAGAR,03,BHOOTHPUR,1424017,YELKICHARLA,,
14_1,MAHABUBNAGAR,04,CHINNA CHINTHA KUNTA,1434021,ALLIPUR,,
14_1,MAHABUBNAGAR,04,CHINNA CHINTHA KUNTA,1434018,AMMAPUR,,
14_1,MAHABUBNAGAR,04,CHINNA CHINTHA KUNTA,1434001,BANDREPALLE,,
14_1,MAHABUBNAGAR,04,CHINNA CHINTHA KUNTA,1434016,CHINNACHINTAKUNTA,,
14_1,MAHABUBNAGAR,04,CHINNA CHINTHA KUNTA,1434008,DAMAGNAPUR,,
14_1,MAHABUBNAGAR,04,CHINNA CHINTHA KUNTA,1434013,EDULAPUR,,
14_1,MAHABUBNAGAR,04,CHINNA CHINTHA KUNTA,1434003,FAREEDPUR,,
14_1,MAHABUBNAGAR,04,CHINNA CHINTHA KUNTA,1434017,GUDUR,,
14_1,MAHABUBNAGAR,04,CHINNA CHINTHA KUNTA,1434019,KURUMURTHY,,
14_1,MAHABUBNAGAR,04,CHINNA CHINTHA KUNTA,1434014,LAKSHMIDEVIPUR,,
14_1,MAHABUBNAGAR,04,CHINNA CHINTHA KUNTA,1434002,LALKOTA,,
14_1,MAHABUBNAGAR,04,CHINNA CHINTHA KUNTA,1434020,MADDUR,,
14_1,MAHABUBNAGAR,04,CHINNA CHINTHA KUNTA,1434006,NELLIKONDI,,
14_1,MAHABUBNAGAR,04,CHINNA CHINTHA KUNTA,1434004,PALLAMARRI,,
14_1,MAHABUBNAGAR,04,CHINNA CHINTHA KUNTA,1434007,SEETHARAMPETA,,
14_1,MAHABUBNAGAR,04,CHINNA CHINTHA KUNTA,1434015,UNDYALA,,
14_1,MAHABUBNAGAR,04,CHINNA CHINTHA KUNTA,1434009,WADDEMANU,,
14_1,MAHABUBNAGAR,06,DEVARKADARA,1427002,AJILAPUR,,
14_1,MAHABUBNAGAR,06,DEVARKADARA,1427008,BALSUPALLE,,
14_1,MAHABUBNAGAR,06,DEVARKADARA,1427015,BASWAIPALLE,,
14_1,MAHABUBNAGAR,06,DEVARKADARA,1427009,BASWAPUR,,
14_1,MAHABUBNAGAR,06,DEVARKADARA,1427001,BOLLARAM,,
14_1,MAHABUBNAGAR,06,DEVARKADARA,1427003,CHINNARAJAMOOR,,
14_1,MAHABUBNAGAR,06,DEVARKADARA,1427013,CHOWDARPALLE,,
14_1,MAHABUBNAGAR,06,DEVARKADARA,1427012,DEVARAKADARA,,
14_1,MAHABUBNAGAR,06,DEVARKADARA,1427018,DOKUR,,
14_1,MAHABUBNAGAR,06,DEVARKADARA,1427006,GADDEGUDA,,
14_1,MAHABUBNAGAR,06,DEVARKADARA,1427021,GOPANPALLE,,
14_1,MAHABUBNAGAR,06,DEVARKADARA,1427020,GUDIBANDA,,
14_1,MAHABUBNAGAR,06,DEVARKADARA,1427010,GURAKONDA,,
14_1,MAHABUBNAGAR,06,DEVARKADARA,1427014,HAJILAPUR,,
14_1,MAHABUBNAGAR,06,DEVARKADARA,1427017,JEENUGURALA,,
14_1,MAHABUBNAGAR,06,DEVARKADARA,1427016,LAXMIPALLE,,
14_1,MAHABUBNAGAR,06,DEVARKADARA,1427019,MEENUGUVANIPALLE,,
14_1,MAHABUBNAGAR,06,DEVARKADARA,1427005,NAGARAM,,
14_1,MAHABUBNAGAR,06,DEVARKADARA,1427029,PEDDA GOPLAPOOR,,
14_1,MAHABUBNAGAR,06,DEVARKADARA,1427004,PEDDARAJAMOOR,,
14_1,MAHABUBNAGAR,06,DEVARKADARA,1427007,VENKATAIPALLE,,
14_1,MAHABUBNAGAR,08,GANDEED,1527010,BAISPALLE,,
14_1,MAHABUBNAGAR,08,GANDEED,1527016,BALSULGONDA,,
14_1,MAHABUBNAGAR,08,GANDEED,1527004,CHELMILLA,,
14_1,MAHABUBNAGAR,08,GANDEED,1527007,CHINNAVARVAL,,
14_1,MAHABUBNAGAR,08,GANDEED,1527009,GANDEED,,
14_1,MAHABUBNAGAR,08,GANDEED,1527014,GOVINDPALLE,,
14_1,MAHABUBNAGAR,08,GANDEED,1527003,JINNARAM,,
14_1,MAHABUBNAGAR,08,GANDEED,1527001,KAPLAPUR,,
14_1,MAHABUBNAGAR,08,GANDEED,1527019,KOMREDDIPALLE,,
14_1,MAHABUBNAGAR,08,GANDEED,1527017,KONDAPUR,,
14_1,MAHABUBNAGAR,08,GANDEED,1527018,MANSOORPALLE,,
14_1,MAHABUBNAGAR,08,GANDEED,1527015,PAGDIYAL,,
14_1,MAHABUBNAGAR,08,GANDEED,1527006,PEDDAVARVAL,,
14_1,MAHABUBNAGAR,08,GANDEED,1527011,REDDIPALLE,,
14_1,MAHABUBNAGAR,08,GANDEED,1527008,RUSUMPALLE,,
14_1,MAHABUBNAGAR,08,GANDEED,1527005,SALARNAGAR,,
14_1,MAHABUBNAGAR,08,GANDEED,1527012,SALKERPET,,
14_1,MAHABUBNAGAR,08,GANDEED,1527013,VARAHAGIRIPALLE,,
14_1,MAHABUBNAGAR,08,GANDEED,1527002,VENNACHED,,
14_1,MAHABUBNAGAR,09,HANWADA,1408017,AMMAPUR,,
14_1,MAHABUBNAGAR,09,HANWADA,1408004,AYODHYANAGAR,,
14_1,MAHABUBNAGAR,09,HANWADA,1408008,BUDHARAM,,
14_1,MAHABUBNAGAR,09,HANWADA,1408001,CHEEKARLAPALLE,,
14_1,MAHABUBNAGAR,09,HANWADA,1408012,CHINNADHARPALLE,,
14_1,MAHABUBNAGAR,09,HANWADA,1408010,DACHEKPALLE,,
14_1,MAHABUBNAGAR,09,HANWADA,1408018,DORASAMUDRAM,,
14_1,MAHABUBNAGAR,09,HANWADA,1408009,GUDDIMALKAPUR,,
14_1,MAHABUBNAGAR,09,HANWADA,1408003,GUNDYALA,,
14_1,MAHABUBNAGAR,09,HANWADA,1408015,HANWADA,,
14_1,MAHABUBNAGAR,09,HANWADA,1408007,IBRAHIMBAD,,
14_1,MAHABUBNAGAR,09,HANWADA,1408011,KOTHAPETA,,
14_1,MAHABUBNAGAR,09,HANWADA,1408019,MADHARAM,,
14_1,MAHABUBNAGAR,09,HANWADA,1408006,MUNIMOKSHAM,,
14_1,MAHABUBNAGAR,09,HANWADA,1408016,NAGINONIPALLE,,
14_1,MAHABUBNAGAR,09,HANWADA,1408013,PEDDADHARPALLE,,
14_1,MAHABUBNAGAR,09,HANWADA,1408005,SHAIKPALLE,,
14_1,MAHABUBNAGAR,09,HANWADA,1408014,TANKARA,,
14_1,MAHABUBNAGAR,09,HANWADA,1408002,VEPOOR,,
14_1,MAHABUBNAGAR,09,HANWADA,1408020,YARENPALLE,,
14_1,MAHABUBNAGAR,10,JADCHERLA,1423025,ALOOR,,
14_1,MAHABUBNAGAR,10,JADCHERLA,1423030,ALWANPALLE,,
14_1,MAHABUBNAGAR,10,JADCHERLA,1423003,AMBATAPUR,,
14_1,MAHABUBNAGAR,10,JADCHERLA,1423013,AMMAPALLE,,
14_1,MAHABUBNAGAR,10,JADCHERLA,1423021,BADEPALLE,,
14_1,MAHABUBNAGAR,10,JADCHERLA,1423022,BUREDDIPALLE,,
14_1,MAHABUBNAGAR,10,JADCHERLA,1423026,BURUGUPALLE,,
14_1,MAHABUBNAGAR,10,JADCHERLA,1423009,CHINNA ADIRYAL,,
14_1,MAHABUBNAGAR,10,JADCHERLA,1423024,CHINTABOINPALLE,,
14_1,MAHABUBNAGAR,10,JADCHERLA,1423005,EARLAPALLE,,
14_1,MAHABUBNAGAR,10,JADCHERLA,1423015,GANGAPUR,,
14_1,MAHABUBNAGAR,10,JADCHERLA,1423004,GOLLAPALLE,,
14_1,MAHABUBNAGAR,10,JADCHERLA,1423011,GOPLAPUR (KALAM),,
14_1,MAHABUBNAGAR,10,JADCHERLA,1423020,JADCHERLA,,
14_1,MAHABUBNAGAR,10,JADCHERLA,1409022,KHANAPUR,,
14_1,MAHABUBNAGAR,10,JADCHERLA,1423002,KISHTARAM,,
14_1,MAHABUBNAGAR,10,JADCHERLA,1423027,KISTAMPALLY,,
14_1,MAHABUBNAGAR,10,JADCHERLA,1423006,KODGAL,,
14_1,MAHABUBNAGAR,10,JADCHERLA,1423014,KODUPARTHY,,
14_1,MAHABUBNAGAR,10,JADCHERLA,1423010,KONDED,,
14_1,MAHABUBNAGAR,10,JADCHERLA,1423016,MACHARAM,,
14_1,MAHABUBNAGAR,10,JADCHERLA,1423023,MALLEBOINPALLE,,
14_1,MAHABUBNAGAR,10,JADCHERLA,1423028,NAGASALA,,
14_1,MAHABUBNAGAR,10,JADCHERLA,1423029,NARSULLABAD,,
14_1,MAHABUBNAGAR,10,JADCHERLA,1423012,NEKKONDA,,
14_1,MAHABUBNAGAR,10,JADCHERLA,1423007,PEDDAADIRYAL,,
14_1,MAHABUBNAGAR,10,JADCHERLA,1423017,POLEPALLE,,
14_1,MAHABUBNAGAR,10,JADCHERLA,1423019,SHANKARAYAPALLE,,
14_1,MAHABUBNAGAR,10,JADCHERLA,1423008,SOUDAGARPALLE,,
14_1,MAHABUBNAGAR,10,JADCHERLA,1423018,UDDANDAPUR,,
14_1,MAHABUBNAGAR,10,JADCHERLA,1423001,VALLUR,,
14_1,MAHABUBNAGAR,11,KOILKONDA,1407034,ABHANGAPATNAM,,
14_1,MAHABUBNAGAR,11,KOILKONDA,1407029,ACHARYAPUR,,
14_1,MAHABUBNAGAR,11,KOILKONDA,1407032,AKKAIPALLE,,
14_1,MAHABUBNAGAR,11,KOILKONDA,1407018,ANATHAPUR,,
14_1,MAHABUBNAGAR,11,KOILKONDA,1407023,ANKILLA,,
14_1,MAHABUBNAGAR,11,KOILKONDA,1407025,AYYAWARPALLE,,
14_1,MAHABUBNAGAR,11,KOILKONDA,1407010,BURGUPALLE,,
14_1,MAHABUBNAGAR,11,KOILKONDA,1407024,CHANDAPUR,,
14_1,MAHABUBNAGAR,11,KOILKONDA,1407011,CHANDRASPALLE,,
14_1,MAHABUBNAGAR,11,KOILKONDA,1407013,CHANMANPALLE,,
14_1,MAHABUBNAGAR,11,KOILKONDA,1407035,GARLAPAD,,
14_1,MAHABUBNAGAR,11,KOILKONDA,1407027,IBRAHIMNAGAR,,
14_1,MAHABUBNAGAR,11,KOILKONDA,1407022,JAMALPUR,,
14_1,MAHABUBNAGAR,11,KOILKONDA,1407014,KAMAIPALLE,,
14_1,MAHABUBNAGAR,11,KOILKONDA,1407030,KESAVAPUR,,
14_1,MAHABUBNAGAR,11,KOILKONDA,1407020,KHAZIPUR,,
14_1,MAHABUBNAGAR,11,KOILKONDA,1407002,KHUSHMHAMMADPALLE,,
14_1,MAHABUBNAGAR,11,KOILKONDA,1407028,KOILKONDA,,
14_1,MAHABUBNAGAR,11,KOILKONDA,1407009,KOTHLABAD,,
14_1,MAHABUBNAGAR,11,KOILKONDA,1407006,LINGALCHED,,
14_1,MAHABUBNAGAR,11,KOILKONDA,1407015,LINGUPALLE,,
14_1,MAHABUBNAGAR,11,KOILKONDA,1407031,MALKAPUR,,
14_1,MAHABUBNAGAR,11,KOILKONDA,1407008,MALLAPUR,,
14_1,MAHABUBNAGAR,11,KOILKONDA,1407004,MODIPUR,,
14_1,MAHABUBNAGAR,11,KOILKONDA,1407026,MUBARAKPUR,,
14_1,MAHABUBNAGAR,11,KOILKONDA,1407021,NALLAVELLY,,
14_1,MAHABUBNAGAR,11,KOILKONDA,1407016,PARPALLE,,
14_1,MAHABUBNAGAR,11,KOILKONDA,1407037,PERIKIVEEDU,,
14_1,MAHABUBNAGAR,11,KOILKONDA,1407033,RAMPUR,,
14_1,MAHABUBNAGAR,11,KOILKONDA,1407019,SALEPALLE,,
14_1,MAHABUBNAGAR,11,KOILKONDA,1407005,SERIVENKATAPUR,,
14_1,MAHABUBNAGAR,11,KOILKONDA,1407007,SURARAM,,
14_1,MAHABUBNAGAR,11,KOILKONDA,1407012,THIRUMALAMPALLE,,
14_1,MAHABUBNAGAR,11,KOILKONDA,1407017,VEERAMPALLE,,
14_1,MAHABUBNAGAR,11,KOILKONDA,1407001,VINJAMUR,,
14_1,MAHABUBNAGAR,11,KOILKONDA,1407003,YELLAREDDIPALLE,,
14_1,MAHABUBNAGAR,27,KOUKUNTLA,1434010,APPAMPALLE,,
14_1,MAHABUBNAGAR,27,KOUKUNTLA,1434011,DASARPALLE,,
14_1,MAHABUBNAGAR,27,KOUKUNTLA,1427024,ISRAMPALLE,,
14_1,MAHABUBNAGAR,27,KOUKUNTLA,1427023,KOUKUNTLA,,
14_1,MAHABUBNAGAR,27,KOUKUNTLA,1434005,MUTCHINTALA,,
14_1,MAHABUBNAGAR,27,KOUKUNTLA,1427026,PERUR,,
14_1,MAHABUBNAGAR,27,KOUKUNTLA,1427022,PUTTAPALLE,,
14_1,MAHABUBNAGAR,27,KOUKUNTLA,1427025,REKULAMPALLE,,
14_1,MAHABUBNAGAR,27,KOUKUNTLA,1434012,THIRUMALAPUR,,
14_1,MAHABUBNAGAR,16,MAHABUBANAGAR (URBAN),1425002,BOYAPALLE,,
14_1,MAHABUBNAGAR,16,MAHABUBANAGAR (URBAN),1425009,MAHABUBNAGAR,,
14_1,MAHABUBNAGAR,16,MAHABUBANAGAR (URBAN),1425008,PALAKONDA,,
14_1,MAHABUBNAGAR,16,MAHABUBANAGAR (URBAN),1425006,YEDIRA,,
14_1,MAHABUBNAGAR,16,MAHABUBANAGAR (URBAN),1425007,YENUGONDA,,
14_1,MAHABUBNAGAR,16,MAHABUBANAGAR (URBAN),1425005,YERRAVALLI,,
14_1,MAHABUBNAGAR,17,MAHABUBNAGAR RURAL,1425019,ALLIPUR,,
14_1,MAHABUBNAGAR,17,MAHABUBNAGAR RURAL,1425015,APPAIPALLE,,
14_1,MAHABUBNAGAR,17,MAHABUBNAGAR RURAL,1425018,DHARMAPUR,,
14_1,MAHABUBNAGAR,17,MAHABUBNAGAR RURAL,1425004,FATHEPUR,,
14_1,MAHABUBNAGAR,17,MAHABUBNAGAR RURAL,1426005,GAJULAPETA,,
14_1,MAHABUBNAGAR,17,MAHABUBNAGAR RURAL,1424001,IPPALPALLE,,
14_1,MAHABUBNAGAR,17,MAHABUBNAGAR RURAL,1425010,JANNAPPAPALLE,,
14_1,MAHABUBNAGAR,17,MAHABUBNAGAR RURAL,1425016,KADUR,,
14_1,MAHABUBNAGAR,17,MAHABUBNAGAR RURAL,1425013,KOTAKADIRA,,
14_1,MAHABUBNAGAR,17,MAHABUBNAGAR RURAL,1425012,MACHANPALLE,,
14_1,MAHABUBNAGAR,17,MAHABUBNAGAR RURAL,1407036,MANIKONDA,,
14_1,MAHABUBNAGAR,17,MAHABUBNAGAR RURAL,1425014,OBLAIPALLE,,
14_1,MAHABUBNAGAR,17,MAHABUBNAGAR RURAL,1425011,RAMACHANDRAPUR,,
14_1,MAHABUBNAGAR,17,MAHABUBNAGAR RURAL,1425001,VENKATAPUR,,
14_1,MAHABUBNAGAR,17,MAHABUBNAGAR RURAL,1425003,ZAINALLIPUR,,
14_1,MAHABUBNAGAR,17,MAHABUBNAGAR RURAL,1425017,ZAMIASTAPUR,,
14_1,MAHABUBNAGAR,20,MIDJIL,1421001,BHAIRAMPALLE,,
14_1,MAHABUBNAGAR,20,MIDJIL,1421020,BOINPALLE,,
14_1,MAHABUBNAGAR,20,MIDJIL,1421005,CHEDUGHATTU,,
14_1,MAHABUBNAGAR,20,MIDJIL,1421003,CHILUVERU,,
14_1,MAHABUBNAGAR,20,MIDJIL,1421007,DONUR,,
14_1,MAHABUBNAGAR,20,MIDJIL,1421006,KANCHANPALLE,,
14_1,MAHABUBNAGAR,20,MIDJIL,1421002,KOTHAPALLE,,
14_1,MAHABUBNAGAR,20,MIDJIL,1421025,KOTHUR,,
14_1,MAHABUBNAGAR,20,MIDJIL,1421009,MASIGUNDLAPALLE,,
14_1,MAHABUBNAGAR,20,MIDJIL,1421021,MIDJIL,,
14_1,MAHABUBNAGAR,20,MIDJIL,1421023,MUNNANUR,,
14_1,MAHABUBNAGAR,20,MIDJIL,1421008,SINGAMDODDI,,
14_1,MAHABUBNAGAR,20,MIDJIL,1421004,VASPULA,,
14_1,MAHABUBNAGAR,20,MIDJIL,1421024,VELUGAMMULA,,
14_1,MAHABUBNAGAR,20,MIDJIL,1421010,VEMULA,,
14_1,MAHABUBNAGAR,20,MIDJIL,1421022,WADIYAL,,
14_1,MAHABUBNAGAR,26,MOHAMMADABAD,1527026,ANNAREDDIPALLE,,
14_1,MAHABUBNAGAR,26,MOHAMMADABAD,1527022,CHOWDERPALLE,,
14_1,MAHABUBNAGAR,26,MOHAMMADABAD,1527021,GADRIAL,,
14_1,MAHABUBNAGAR,26,MOHAMMADABAD,1527025,JULAPALLE,,
14_1,MAHABUBNAGAR,26,MOHAMMADABAD,1527027,LINGAIPALLE,,
14_1,MAHABUBNAGAR,26,MOHAMMADABAD,1527023,MANGAMPET,,
14_1,MAHABUBNAGAR,26,MOHAMMADABAD,1527028,MOHAMADABAD,,
14_1,MAHABUBNAGAR,26,MOHAMMADABAD,1527024,MUKARLABAD,,
14_1,MAHABUBNAGAR,26,MOHAMMADABAD,1527020,NANCHERLA,,
14_1,MAHABUBNAGAR,26,MOHAMMADABAD,1527029,SANGAIPALLE,,
14_1,MAHABUBNAGAR,21,MOOSAPET,1426002,DASARAPALLE,,
14_1,MAHABUBNAGAR,21,MOOSAPET,1426008,JANAMPETA,,
14_1,MAHABUBNAGAR,21,MOOSAPET,1426009,KANKAPUR,,
14_1,MAHABUBNAGAR,21,MOOSAPET,1426013,KOMIREDDIPALLE,,
14_1,MAHABUBNAGAR,21,MOOSAPET,1438008,MOHAMMED HUSSAINPALLE,,
14_1,MAHABUBNAGAR,21,MOOSAPET,1426001,NANDIPETA,,
14_1,MAHABUBNAGAR,21,MOOSAPET,1426012,NIJALAPUR,,
14_1,MAHABUBNAGAR,21,MOOSAPET,1426006,POLKAMPALLI,,
14_1,MAHABUBNAGAR,21,MOOSAPET,1426011,SANKALAMADDI,,
14_1,MAHABUBNAGAR,21,MOOSAPET,1426004,SHAKRAPUR,,
14_1,MAHABUBNAGAR,21,MOOSAPET,1426007,THIMMAPUR,,
14_1,MAHABUBNAGAR,21,MOOSAPET,1426010,THUNKINIPUR,,
14_1,MAHABUBNAGAR,21,MOOSAPET,1426003,VEMULA,,
14_1,MAHABUBNAGAR,24,NAWABPET,1409006,AMMAPUR,,
14_1,MAHABUBNAGAR,24,NAWABPET,1409005,CHOWDOOR,,
14_1,MAHABUBNAGAR,24,NAWABPET,1409009,DARPALLE,,
14_1,MAHABUBNAGAR,24,NAWABPET,1409003,DEEPALLE,,
14_1,MAHABUBNAGAR,24,NAWABPET,1409008,GURUKUNTA,,
14_1,MAHABUBNAGAR,24,NAWABPET,1409014,HAJILAPUR,,
14_1,MAHABUBNAGAR,24,NAWABPET,1409018,HANMASANIPALLE,,
14_1,MAHABUBNAGAR,24,NAWABPET,1409019,IPPATUR,,
14_1,MAHABUBNAGAR,24,NAWABPET,1409004,KAKARJALA,,
14_1,MAHABUBNAGAR,24,NAWABPET,1409025,KAKARLAPAHAD,,
14_1,MAHABUBNAGAR,24,NAWABPET,1409007,KAMARAM,,
14_1,MAHABUBNAGAR,24,NAWABPET,1409023,KARKONDA,,
14_1,MAHABUBNAGAR,24,NAWABPET,1409020,KAROOR,,
14_1,MAHABUBNAGAR,24,NAWABPET,1409002,KOLLOOR,,
14_1,MAHABUBNAGAR,24,NAWABPET,1409015,KONDAPUR,,
14_1,MAHABUBNAGAR,24,NAWABPET,1409021,KUCHOOR,,
14_1,MAHABUBNAGAR,24,NAWABPET,1409010,LINGAMPALLE,,
14_1,MAHABUBNAGAR,24,NAWABPET,1409012,LOKIREV,,
14_1,MAHABUBNAGAR,24,NAWABPET,1409001,POMAL,,
14_1,MAHABUBNAGAR,24,NAWABPET,1409011,REKULACHOWDAPUR,,
14_1,MAHABUBNAGAR,24,NAWABPET,1409017,RUDRARAM,,
14_1,MAHABUBNAGAR,24,NAWABPET,1409024,SIDDOTAM,,
14_1,MAHABUBNAGAR,24,NAWABPET,1409027,TEEGALAPALLE,,
14_1,MAHABUBNAGAR,24,NAWABPET,1409016,VEERSETTIPALLE,,
14_1,MAHABUBNAGAR,24,NAWABPET,1409013,YEMMANAGANDLA,,
14_1,MAHABUBNAGAR,25,RAJAPUR,1410024,AGRAHARAM POTLAPALLE,,
14_1,MAHABUBNAGAR,25,RAJAPUR,1410032,BIBINAGAR,,
14_1,MAHABUBNAGAR,25,RAJAPUR,1410028,CHENNAVALLI,,
14_1,MAHABUBNAGAR,25,RAJAPUR,1410011,DONDLAPALLE,,
14_1,MAHABUBNAGAR,25,RAJAPUR,1410033,EDGANPALLE,,
14_1,MAHABUBNAGAR,25,RAJAPUR,1410025,GUNDLAPOTLAPALLE,,
14_1,MAHABUBNAGAR,25,RAJAPUR,1410034,KALLEPALLE,,
14_1,MAHABUBNAGAR,25,RAJAPUR,1410013,KHANAPUR,,
14_1,MAHABUBNAGAR,25,RAJAPUR,1410027,KUCHCHERKAL,,
14_1,MAHABUBNAGAR,25,RAJAPUR,1410010,KUTHNEPALLE,,
14_1,MAHABUBNAGAR,25,RAJAPUR,1410031,MALLEPALLE,,
14_1,MAHABUBNAGAR,25,RAJAPUR,1410009,RAGHVAPUR,,
14_1,MAHABUBNAGAR,25,RAJAPUR,1410029,RAIPALLE,,
14_1,MAHABUBNAGAR,25,RAJAPUR,1410030,RAJAPUR,,
14_1,MAHABUBNAGAR,25,RAJAPUR,1410026,RANGAREDDIGUDA,,
14_1,MAHABUBNAGAR,25,RAJAPUR,1410012,THIRUMALAPUR,,
14_2,JOGULAMBA GADWAL,01,ALAMPUR,1462016,ALAMPUR (P),,
14_2,JOGULAMBA GADWAL,01,ALAMPUR,1462015,BAIRAMPALLE,,
14_2,JOGULAMBA GADWAL,01,ALAMPUR,1462009,BHEEMAWARAM,,
14_2,JOGULAMBA GADWAL,01,ALAMPUR,1462010,BUKKAPUR,,
14_2,JOGULAMBA GADWAL,01,ALAMPUR,1462014,CHAGATUR,,
14_2,JOGULAMBA GADWAL,01,ALAMPUR,1462011,GUNDIMALLA,,
14_2,JOGULAMBA GADWAL,01,ALAMPUR,1462017,IMAMPUR,,
14_2,JOGULAMBA GADWAL,01,ALAMPUR,1462026,JILLELLAPADU,,
14_2,JOGULAMBA GADWAL,01,ALAMPUR,1462022,KASIPUR,,
14_2,JOGULAMBA GADWAL,01,ALAMPUR,1462018,KONERU,,
14_2,JOGULAMBA GADWAL,01,ALAMPUR,1462013,KUDAVELLI,,
14_2,JOGULAMBA GADWAL,01,ALAMPUR,1462006,KYATUR,,
14_2,JOGULAMBA GADWAL,01,ALAMPUR,1462019,LINGANAVAI,,
14_2,JOGULAMBA GADWAL,01,ALAMPUR,1462024,RYALAMPADU,,
14_2,JOGULAMBA GADWAL,01,ALAMPUR,1462023,SINGAVARAM,,
14_2,JOGULAMBA GADWAL,01,ALAMPUR,1462025,SULTANPUR,,
14_2,JOGULAMBA GADWAL,01,ALAMPUR,1462012,UPPALAPADU,,
14_2,JOGULAMBA GADWAL,01,ALAMPUR,1462008,UTKUR,,
14_2,JOGULAMBA GADWAL,01,ALAMPUR,1462007,YAPALADEVIPADU,,
14_2,JOGULAMBA GADWAL,02,DHAROOR,1455011,ALWALPAD,,
14_2,JOGULAMBA GADWAL,02,DHAROOR,1455007,CHINTHAREVULA,,
14_2,JOGULAMBA GADWAL,02,DHAROOR,1455025,DHARUR,,
14_2,JOGULAMBA GADWAL,02,DHAROOR,1455010,DORNALA,,
14_2,JOGULAMBA GADWAL,02,DHAROOR,1455005,GORLAPADU,,
14_2,JOGULAMBA GADWAL,02,DHAROOR,1455022,KOTHULAGIDDA,,
14_2,JOGULAMBA GADWAL,02,DHAROOR,1455009,MANNAPUR,,
14_2,JOGULAMBA GADWAL,02,DHAROOR,1455023,MARLABEEDU,,
14_2,JOGULAMBA GADWAL,02,DHAROOR,1455002,MIRZAPURAM,,
14_2,JOGULAMBA GADWAL,02,DHAROOR,1455004,NAGARDODDI,,
14_2,JOGULAMBA GADWAL,02,DHAROOR,1455001,NEELAHALLI,,
14_2,JOGULAMBA GADWAL,02,DHAROOR,1455003,NETTEMPADU,,
14_2,JOGULAMBA GADWAL,02,DHAROOR,1455008,PALCHERLA,,
14_2,JOGULAMBA GADWAL,02,DHAROOR,1455024,RYALAMPAD,,
14_2,JOGULAMBA GADWAL,02,DHAROOR,1455006,UPPERU,,
14_2,JOGULAMBA GADWAL,03,GADWAL,1454015,ANANTAPUR,,
14_2,JOGULAMBA GADWAL,03,GADWAL,1454006,ATMAKUR,,
14_2,JOGULAMBA GADWAL,03,GADWAL,1454017,BASAPUR,,
14_2,JOGULAMBA GADWAL,03,GADWAL,1454016,BEEROLE,,
14_2,JOGULAMBA GADWAL,03,GADWAL,1454005,GADWAL (RURAL),,
14_2,JOGULAMBA GADWAL,03,GADWAL,1454007,GANPAD,,
14_2,JOGULAMBA GADWAL,03,GADWAL,1454018,GURRAMGADDA,,
14_2,JOGULAMBA GADWAL,03,GADWAL,1454013,JAMMICHEDU,,
14_2,JOGULAMBA GADWAL,03,GADWAL,1454009,JILLADABANDA,,
14_2,JOGULAMBA GADWAL,03,GADWAL,1454010,KAKULAVARAM,,
14_2,JOGULAMBA GADWAL,03,GADWAL,1454002,KOTHAPALLE,,
14_2,JOGULAMBA GADWAL,03,GADWAL,1454012,MELLACHERUVU,,
14_2,JOGULAMBA GADWAL,03,GADWAL,1454004,MULKALAPALLE,,
14_2,JOGULAMBA GADWAL,03,GADWAL,1454011,PARAMALA,,
14_2,JOGULAMBA GADWAL,03,GADWAL,1454014,PUDUR,,
14_2,JOGULAMBA GADWAL,03,GADWAL,1454001,REKULAPALLE,,
14_2,JOGULAMBA GADWAL,03,GADWAL,1454008,SANGALA,,
14_2,JOGULAMBA GADWAL,03,GADWAL,1454003,YENKAMPETA,,
14_2,JOGULAMBA GADWAL,04,GHATTU,1457005,ALOOR,,
14_2,JOGULAMBA GADWAL,04,GHATTU,1457010,ARAGIDDA,,
14_2,JOGULAMBA GADWAL,04,GHATTU,1457019,BALGERA,,
14_2,JOGULAMBA GADWAL,04,GHATTU,1457023,BOYALAGUDEM,,
14_2,JOGULAMBA GADWAL,04,GHATTU,1457024,CHAGADONA,,
14_2,JOGULAMBA GADWAL,04,GHATTU,1457021,CHAMANKHANDODDI,,
14_2,JOGULAMBA GADWAL,04,GHATTU,1457011,GHATTU,,
14_2,JOGULAMBA GADWAL,04,GHATTU,1457015,GORLAKHANDODDI,,
14_2,JOGULAMBA GADWAL,04,GHATTU,1457022,INDUVASI,,
14_2,JOGULAMBA GADWAL,04,GHATTU,1457014,MACHERLA,,
14_2,JOGULAMBA GADWAL,04,GHATTU,1457018,MALLAMPALLE,,
14_2,JOGULAMBA GADWAL,04,GHATTU,1457017,MITTADODDI,,
14_2,JOGULAMBA GADWAL,04,GHATTU,1457020,MUSLIMPALLE,,
14_2,JOGULAMBA GADWAL,04,GHATTU,1457009,PENCHIKAPADU,,
14_2,JOGULAMBA GADWAL,04,GHATTU,1457008,RAYAPURAM,,
14_2,JOGULAMBA GADWAL,04,GHATTU,1457016,THAPPETLAMORSU,,
14_2,JOGULAMBA GADWAL,04,GHATTU,1457004,THUMMALACHERUVU,,
14_2,JOGULAMBA GADWAL,04,GHATTU,1457012,YELLAMDODDI,,
14_2,JOGULAMBA GADWAL,05,IEEJA,1458006,AIZA,,
14_2,JOGULAMBA GADWAL,05,IEEJA,1458002,B.TIMMAPUR,,
14_2,JOGULAMBA GADWAL,05,IEEJA,1458005,BINGIDODDI,,
14_2,JOGULAMBA GADWAL,05,IEEJA,1458012,CHINNA TANDRAPADU,,
14_2,JOGULAMBA GADWAL,05,IEEJA,1458004,DEVABANDA,,
14_2,JOGULAMBA GADWAL,05,IEEJA,1458003,EKLASPUR,,
14_2,JOGULAMBA GADWAL,05,IEEJA,1458008,JADADODDI,,
14_2,JOGULAMBA GADWAL,05,IEEJA,1458018,KESAVAPURAM,,
14_2,JOGULAMBA GADWAL,05,IEEJA,1458016,KUDAKANOOR,,
14_2,JOGULAMBA GADWAL,05,IEEJA,1458013,MEDIKONDA,,
14_2,JOGULAMBA GADWAL,05,IEEJA,1458017,PULLIKAL,,
14_2,JOGULAMBA GADWAL,05,IEEJA,1458015,SINDHANOOR,,
14_2,JOGULAMBA GADWAL,05,IEEJA,1458007,THOOMKUNTA,,
14_2,JOGULAMBA GADWAL,05,IEEJA,1458014,THOTHINONIDODDI,,
14_2,JOGULAMBA GADWAL,05,IEEJA,1458011,UPPAL,,
14_2,JOGULAMBA GADWAL,05,IEEJA,1458001,UTHANUR,,
14_2,JOGULAMBA GADWAL,05,IEEJA,1458019,VENISAMPUR,,
14_2,JOGULAMBA GADWAL,05,IEEJA,1458010,VENKATAPUR,,
14_2,JOGULAMBA GADWAL,05,IEEJA,1458009,YAPADINNE,,
14_2,JOGULAMBA GADWAL,06,ITIKYALA,1460014,CHAGAPUR,,
14_2,JOGULAMBA GADWAL,06,ITIKYALA,1460001,GOPALDINNE,,
14_2,JOGULAMBA GADWAL,06,ITIKYALA,1460008,ITIKYAL,,
14_2,JOGULAMBA GADWAL,06,ITIKYALA,1460002,MOGILRAVALCHERUVU,,
14_2,JOGULAMBA GADWAL,06,ITIKYALA,1460007,MUNAGALA,,
14_2,JOGULAMBA GADWAL,06,ITIKYALA,1460009,PEDDADINNE,,
14_2,JOGULAMBA GADWAL,06,ITIKYALA,1460011,SATERLA,,
14_2,JOGULAMBA GADWAL,06,ITIKYALA,1460013,SHABAD,,
14_2,JOGULAMBA GADWAL,06,ITIKYALA,1460010,UDANDAPUR,,
14_2,JOGULAMBA GADWAL,06,ITIKYALA,1460012,VAVILALA,,
14_2,JOGULAMBA GADWAL,07,KALOOR TIMMANADODDI,1457013,APKONDANHALLI,,
14_2,JOGULAMBA GADWAL,07,KALOOR TIMMANADODDI,1457007,CHINTALAKUNTA,,
14_2,JOGULAMBA GADWAL,07,KALOOR TIMMANADODDI,1457002,EASARLAPAD,,
14_2,JOGULAMBA GADWAL,07,KALOOR TIMMANADODDI,1455014,ERLABANDA,,
14_2,JOGULAMBA GADWAL,07,KALOOR TIMMANADODDI,1455012,GANGANAPALLE,,
14_2,JOGULAMBA GADWAL,07,KALOOR TIMMANADODDI,1455019,GUVVALADINNE,,
14_2,JOGULAMBA GADWAL,07,KALOOR TIMMANADODDI,1455018,IRKICHEDU,,
14_2,JOGULAMBA GADWAL,07,KALOOR TIMMANADODDI,1457003,KALOOR TIMMANADODDI,,
14_2,JOGULAMBA GADWAL,07,KALOOR TIMMANADODDI,1455020,KONDAPUR,,
14_2,JOGULAMBA GADWAL,07,KALOOR TIMMANADODDI,1457006,KUCHINERLA,,
14_2,JOGULAMBA GADWAL,07,KALOOR TIMMANADODDI,1455016,MUSALDODDI,,
14_2,JOGULAMBA GADWAL,07,KALOOR TIMMANADODDI,1457001,NAUDINNE,,
14_2,JOGULAMBA GADWAL,07,KALOOR TIMMANADODDI,1455015,PAGUNTA,,
14_2,JOGULAMBA GADWAL,07,KALOOR TIMMANADODDI,1455013,PURANAPALEM,,
14_2,JOGULAMBA GADWAL,07,KALOOR TIMMANADODDI,1455021,UMITHYALA,,
14_2,JOGULAMBA GADWAL,07,KALOOR TIMMANADODDI,1455017,VENKATAPURAM,,
14_2,JOGULAMBA GADWAL,08,MALDAKAL,1456003,ADAVIRAVALCHERUVU,,
14_2,JOGULAMBA GADWAL,08,MALDAKAL,1456005,BIJJAWARAM,,
14_2,JOGULAMBA GADWAL,08,MALDAKAL,1456006,BURDIPAD,,
14_2,JOGULAMBA GADWAL,08,MALDAKAL,1456016,CHELAGARLAPADU,,
14_2,JOGULAMBA GADWAL,08,MALDAKAL,1456008,D.AMARAVAI,,
14_2,JOGULAMBA GADWAL,08,MALDAKAL,1456014,KURTHIRAVALCHERUVU,,
14_2,JOGULAMBA GADWAL,08,MALDAKAL,1456001,MADDELABANDA,,
14_2,JOGULAMBA GADWAL,08,MALDAKAL,1456011,MALDAKAL,,
14_2,JOGULAMBA GADWAL,08,MALDAKAL,1456018,MALLEMDODDI,,
14_2,JOGULAMBA GADWAL,08,MALDAKAL,1456015,NAGARDODDI,,
14_2,JOGULAMBA GADWAL,08,MALDAKAL,1456002,NETHIVANIPALLE,,
14_2,JOGULAMBA GADWAL,08,MALDAKAL,1456007,PALWAI,,
14_2,JOGULAMBA GADWAL,08,MALDAKAL,1456009,SADDALONIPALLE,,
14_2,JOGULAMBA GADWAL,08,MALDAKAL,1456013,SYASAMPALLE,,
14_2,JOGULAMBA GADWAL,08,MALDAKAL,1456012,THATIKUNTA,,
14_2,JOGULAMBA GADWAL,08,MALDAKAL,1456004,ULIGEPALLE,,
14_2,JOGULAMBA GADWAL,08,MALDAKAL,1456019,VITTALAPURAM,,
14_2,JOGULAMBA GADWAL,08,MALDAKAL,1456010,YEDDULAGUDEM,,
14_2,JOGULAMBA GADWAL,08,MALDAKAL,1456017,YELKUR,,
14_2,JOGULAMBA GADWAL,09,MANOPAD,1461013,A.BURDIPADU,,
14_2,JOGULAMBA GADWAL,09,MANOPAD,1461012,AMARAVAI,,
14_2,JOGULAMBA GADWAL,09,MANOPAD,1461004,BORAVELLE,,
14_2,JOGULAMBA GADWAL,09,MANOPAD,1461003,CHANDAPUR,,
14_2,JOGULAMBA GADWAL,09,MANOPAD,1461007,CHANDUR,,
14_2,JOGULAMBA GADWAL,09,MANOPAD,1461024,CHINNAPOTHULAPADU,,
14_2,JOGULAMBA GADWAL,09,MANOPAD,1461017,CHINNIPADU,,
14_2,JOGULAMBA GADWAL,09,MANOPAD,1461016,GOKULAPADU,,
14_2,JOGULAMBA GADWAL,09,MANOPAD,1461008,JALLAPUR,,
14_2,JOGULAMBA GADWAL,09,MANOPAD,1461015,KALKUNTLA,,
14_2,JOGULAMBA GADWAL,09,MANOPAD,1461026,KORVIPADU,,
14_2,JOGULAMBA GADWAL,09,MANOPAD,1461014,MADDUR,,
14_2,JOGULAMBA GADWAL,09,MANOPAD,1461005,MANGAMPETA,,
14_2,JOGULAMBA GADWAL,09,MANOPAD,1461011,MANOPADU,,
14_2,JOGULAMBA GADWAL,09,MANOPAD,1461002,NARAYANPUR,,
14_2,JOGULAMBA GADWAL,09,MANOPAD,1461006,PALLEPADU,,
14_2,JOGULAMBA GADWAL,09,MANOPAD,1461001,PEDDAAMUDYALAPADU,,
14_2,JOGULAMBA GADWAL,09,MANOPAD,1461019,PEDDAPOTHULAPADU,,
14_2,JOGULAMBA GADWAL,09,MANOPAD,1461018,POOSALAPADU,,
14_2,JOGULAMBA GADWAL,09,MANOPAD,1461010,RAIMAKULAKUNTA,,
14_2,JOGULAMBA GADWAL,10,RAJOLI,1459002,CHINNADHANWADA,,
14_2,JOGULAMBA GADWAL,10,RAJOLI,1459004,MANDODDI,,
14_2,JOGULAMBA GADWAL,10,RAJOLI,1459014,MUNDLADINNE,,
14_2,JOGULAMBA GADWAL,10,RAJOLI,1459003,NASNUR,,
14_2,JOGULAMBA GADWAL,10,RAJOLI,1459017,PADAMATIGARLAPADU,,
14_2,JOGULAMBA GADWAL,10,RAJOLI,1459005,PATCHARLA,,
14_2,JOGULAMBA GADWAL,10,RAJOLI,1459015,PEDDA THANDRAPADU,,
14_2,JOGULAMBA GADWAL,10,RAJOLI,1459001,PEDDADHANWADA,,
14_2,JOGULAMBA GADWAL,10,RAJOLI,1459018,RAJOLI,,
14_2,JOGULAMBA GADWAL,10,RAJOLI,1459016,THUMMELLA,,
14_2,JOGULAMBA GADWAL,10,RAJOLI,1459020,TURPUGARLAPADU,,
14_2,JOGULAMBA GADWAL,11,UNDAVELLY,1462021,BASWAPUR,,
14_2,JOGULAMBA GADWAL,11,UNDAVELLY,1462020,BHAIRAPUR,,
14_2,JOGULAMBA GADWAL,11,UNDAVELLY,1461025,BONKUR,,
14_2,JOGULAMBA GADWAL,11,UNDAVELLY,1461030,BURDIPADU,,
14_2,JOGULAMBA GADWAL,11,UNDAVELLY,1461022,CHINNAAMUDYALAPADU,,
14_2,JOGULAMBA GADWAL,11,UNDAVELLY,1461009,ITKYALPADU,,
14_2,JOGULAMBA GADWAL,11,UNDAVELLY,1461028,KALGOTLA,,
14_2,JOGULAMBA GADWAL,11,UNDAVELLY,1461021,KANCHUPADU,,
14_2,JOGULAMBA GADWAL,11,UNDAVELLY,1461020,KHANAPUR,,
14_2,JOGULAMBA GADWAL,11,UNDAVELLY,1462002,MARAMUNAGALA,,
14_2,JOGULAMBA GADWAL,11,UNDAVELLY,1461027,MENNIPADU,,
14_2,JOGULAMBA GADWAL,11,UNDAVELLY,1462003,PRAGATOOR,,
14_2,JOGULAMBA GADWAL,11,UNDAVELLY,1461029,PULLUR,,
14_2,JOGULAMBA GADWAL,11,UNDAVELLY,1462004,SERIPALLE,,
14_2,JOGULAMBA GADWAL,11,UNDAVELLY,1462005,SHALIPUR,,
14_2,JOGULAMBA GADWAL,11,UNDAVELLY,1462001,THAKKASILA,,
14_2,JOGULAMBA GADWAL,11,UNDAVELLY,1461023,UNDAVELLI,,
14_2,JOGULAMBA GADWAL,12,WADDEPALLE,1459019,BUDAMARSU,,
14_2,JOGULAMBA GADWAL,12,WADDEPALLE,1459011,JILLEDUDINNE,,
14_2,JOGULAMBA GADWAL,12,WADDEPALLE,1459007,JULAKAL,,
14_2,JOGULAMBA GADWAL,12,WADDEPALLE,1459009,KOILDINNE,,
14_2,JOGULAMBA GADWAL,12,WADDEPALLE,1459013,KONKALA,,
14_2,JOGULAMBA GADWAL,12,WADDEPALLE,1459010,PAIPADU,,
14_2,JOGULAMBA GADWAL,12,WADDEPALLE,1459008,RAMAPURAM,,
14_2,JOGULAMBA GADWAL,12,WADDEPALLE,1459006,TANAGALA,,
14_2,JOGULAMBA GADWAL,12,WADDEPALLE,1459012,WADDEPALLE,,
14_2,JOGULAMBA GADWAL,13,YERRAVALLI,1460016,BATLADINNE,,
14_2,JOGULAMBA GADWAL,13,YERRAVALLI,1460019,BOCHUVEERAPUR,,
14_2,JOGULAMBA GADWAL,13,YERRAVALLI,1460018,DHARMAVARAM,,
14_2,JOGULAMBA GADWAL,13,YERRAVALLI,1460020,KASPAKULA,,
14_2,JOGULAMBA GADWAL,13,YERRAVALLI,1460003,KONDAIR,,
14_2,JOGULAMBA GADWAL,13,YERRAVALLI,1460006,PUTANDODDI,,
14_2,JOGULAMBA GADWAL,13,YERRAVALLI,1460021,RAJSRIGARLAPAD,,
14_2,JOGULAMBA GADWAL,13,YERRAVALLI,1460005,SASNOOL,,
14_2,JOGULAMBA GADWAL,13,YERRAVALLI,1460004,THIMMAPUR,,
14_2,JOGULAMBA GADWAL,13,YERRAVALLI,1460017,VALLUR,,
14_2,JOGULAMBA GADWAL,13,YERRAVALLI,1460015,VEMULA,,
14_3,NAGARKURNOOL,01,ACHAMPET,1444008,ACHAMPETA,,
14_3,NAGARKURNOOL,01,ACHAMPET,1444016,AINOLE,,
14_3,NAGARKURNOOL,01,ACHAMPET,1444022,AKKAVARAM,,
14_3,NAGARKURNOOL,01,ACHAMPET,1444013,BOLGHATPALLE,,
14_3,NAGARKURNOOL,01,ACHAMPET,1444018,BOMMENAPALLE,,
14_3,NAGARKURNOOL,01,ACHAMPET,1444015,BRAHMANAPALLE,,
14_3,NAGARKURNOOL,01,ACHAMPET,1444006,CHANDAPUR,,
14_3,NAGARKURNOOL,01,ACHAMPET,1444004,CHENNARAM (SABAK),,
14_3,NAGARKURNOOL,01,ACHAMPET,1444010,CHOUTAPALLE,,
14_3,NAGARKURNOOL,01,ACHAMPET,1444021,GHANAPUR,,
14_3,NAGARKURNOOL,01,ACHAMPET,1444011,GUMPAMPALLE,,
14_3,NAGARKURNOOL,01,ACHAMPET,1444005,HAJIPUR,,
14_3,NAGARKURNOOL,01,ACHAMPET,1444012,LAKSHMAPUR ((P.N),,
14_3,NAGARKURNOOL,01,ACHAMPET,1444002,LINGOTAM,,
14_3,NAGARKURNOOL,01,ACHAMPET,1444020,MANNAVARIPALLE,,
14_3,NAGARKURNOOL,01,ACHAMPET,1444007,NADIMPALLE,,
14_3,NAGARKURNOOL,01,ACHAMPET,1444001,PALUKAPALLE,,
14_3,NAGARKURNOOL,01,ACHAMPET,1444003,PULJALA,,
14_3,NAGARKURNOOL,01,ACHAMPET,1444014,RANGAPUR,,
14_3,NAGARKURNOOL,01,ACHAMPET,1444019,SIDDAPUR,,
14_3,NAGARKURNOOL,01,ACHAMPET,1444017,SINGAVARAM,,
14_3,NAGARKURNOOL,01,ACHAMPET,1444009,TANGAPUR,,
14_3,NAGARKURNOOL,02,AMRABAD,1445004,AMRABAD,,
14_3,NAGARKURNOOL,02,AMRABAD,1445014,LAKSHMAPUR (B.K),,
14_3,NAGARKURNOOL,02,AMRABAD,1445003,MACHARAM,,
14_3,NAGARKURNOOL,02,AMRABAD,1445001,MANNANUR,,
14_3,NAGARKURNOOL,02,AMRABAD,1445015,THIRUMALAPUR  (B.K),,
14_3,NAGARKURNOOL,02,AMRABAD,1445002,TURKAPALLE,,
14_3,NAGARKURNOOL,02,AMRABAD,1445013,UPPUNUNTHALA (B.K),,
14_3,NAGARKURNOOL,02,AMRABAD,1445016,VATWARLAPALLE,,
14_3,NAGARKURNOOL,03,BALMOOR,1446019,AMBAGIRI,,
14_3,NAGARKURNOOL,03,BALMOOR,1446018,ANANTHAVARAM,,
14_3,NAGARKURNOOL,03,BALMOOR,1446015,BALMOOR,,
14_3,NAGARKURNOOL,03,BALMOOR,1446021,BILLAKAL,,
14_3,NAGARKURNOOL,03,BALMOOR,1446012,BONALA,,
14_3,NAGARKURNOOL,03,BALMOOR,1446007,CHENNARAM (P.G),,
14_3,NAGARKURNOOL,03,BALMOOR,1446022,GANESHPUR,,
14_3,NAGARKURNOOL,03,BALMOOR,1446004,GATTUTHUMMAN,,
14_3,NAGARKURNOOL,03,BALMOOR,1446009,GODAL,,
14_3,NAGARKURNOOL,03,BALMOOR,1446017,JILLELLAPALLE,,
14_3,NAGARKURNOOL,03,BALMOOR,1446002,JINKUNTA,,
14_3,NAGARKURNOOL,03,BALMOOR,1446013,KONDANAGULA,,
14_3,NAGARKURNOOL,03,BALMOOR,1446008,KONDAREDDIPALLE,,
14_3,NAGARKURNOOL,03,BALMOOR,1446005,MAHADEVPUR,,
14_3,NAGARKURNOOL,03,BALMOOR,1446014,MYLARAM,,
14_3,NAGARKURNOOL,03,BALMOOR,1446016,NARASAIPALLE,,
14_3,NAGARKURNOOL,03,BALMOOR,1446001,POLEPALLE,,
14_3,NAGARKURNOOL,03,BALMOOR,1446006,POLESETTIPALLE,,
14_3,NAGARKURNOOL,03,BALMOOR,1446011,RAMAJIPALLE,,
14_3,NAGARKURNOOL,03,BALMOOR,1446003,THUMMANPETA,,
14_3,NAGARKURNOOL,03,BALMOOR,1446010,VEERAMRAJUPALLE,,
14_3,NAGARKURNOOL,04,BIJINAPALLY,1439022,ALLIPUR,,
14_3,NAGARKURNOOL,04,BIJINAPALLY,1439005,ANEKHANPALLE,,
14_3,NAGARKURNOOL,04,BIJINAPALLY,1439012,BIJINAPALLE,,
14_3,NAGARKURNOOL,04,BIJINAPALLY,1439017,BOYAPUR,,
14_3,NAGARKURNOOL,04,BIJINAPALLY,1439023,DHARMAPUR,,
14_3,NAGARKURNOOL,04,BIJINAPALLY,1439015,GANGARAM,,
14_3,NAGARKURNOOL,04,BIJINAPALLY,1439001,GOURARAM,,
14_3,NAGARKURNOOL,04,BIJINAPALLY,1439011,GUDLANARVA,,
14_3,NAGARKURNOOL,04,BIJINAPALLY,1439006,KARUKONDA,,
14_3,NAGARKURNOOL,04,BIJINAPALLY,1439018,KHANAPUR,,
14_3,NAGARKURNOOL,04,BIJINAPALLY,1439014,LATPALLE,,
14_3,NAGARKURNOOL,04,BIJINAPALLY,1439008,LINGASANIPALLE,,
14_3,NAGARKURNOOL,04,BIJINAPALLY,1439016,MAHADEVPETA,,
14_3,NAGARKURNOOL,04,BIJINAPALLY,1439021,MAMMAIPALLE,,
14_3,NAGARKURNOOL,04,BIJINAPALLY,1439002,MANGANUR,,
14_3,NAGARKURNOOL,04,BIJINAPALLY,1439010,PALEM,,
14_3,NAGARKURNOOL,04,BIJINAPALLY,1439013,POLEPALLE,,
14_3,NAGARKURNOOL,04,BIJINAPALLY,1439024,SALKARPER,,
14_3,NAGARKURNOOL,04,BIJINAPALLY,1439020,SHAINPALLE,,
14_3,NAGARKURNOOL,04,BIJINAPALLY,1439019,VADDEMANU,,
14_3,NAGARKURNOOL,04,BIJINAPALLY,1439007,VASANTHAPUR,,
14_3,NAGARKURNOOL,04,BIJINAPALLY,1439004,VATTEM,,
14_3,NAGARKURNOOL,04,BIJINAPALLY,1439003,VELGONDA,,
14_3,NAGARKURNOOL,04,BIJINAPALLY,1439009,VENKATAPUR,,
14_3,NAGARKURNOOL,05,CHARAKONDA,1418006,CHARAKONDA,,
14_3,NAGARKURNOOL,05,CHARAKONDA,1419010,GOKARAM,,
14_3,NAGARKURNOOL,05,CHARAKONDA,1419020,JUPALLE,,
14_3,NAGARKURNOOL,05,CHARAKONDA,1418005,KAMALAPUR,,
14_3,NAGARKURNOOL,05,CHARAKONDA,1419009,SERIAPPAREDDIPALLE,,
14_3,NAGARKURNOOL,05,CHARAKONDA,1418007,SIRSANGANDLA,,
14_3,NAGARKURNOOL,05,CHARAKONDA,1418004,THIMMAIPALLE,,
14_3,NAGARKURNOOL,06,KALWAKURTHY,1420010,BEKKARA,,
14_3,NAGARKURNOOL,06,KALWAKURTHY,1420016,GUNDUR,,
14_3,NAGARKURNOOL,06,KALWAKURTHY,1420003,JEEDIPALLE,,
14_3,NAGARKURNOOL,06,KALWAKURTHY,1420006,JILLELLA,,
14_3,NAGARKURNOOL,06,KALWAKURTHY,1420007,KALWAKURTHY,,
14_3,NAGARKURNOOL,06,KALWAKURTHY,1420004,KURMIDDA,,
14_3,NAGARKURNOOL,06,KALWAKURTHY,1420017,LINGASANIPALLE,,
14_3,NAGARKURNOOL,06,KALWAKURTHY,1420005,MARCHAL,,
14_3,NAGARKURNOOL,06,KALWAKURTHY,1420015,MUKURAL,,
14_3,NAGARKURNOOL,06,KALWAKURTHY,1420013,PANJUGUL,,
14_3,NAGARKURNOOL,06,KALWAKURTHY,1420018,RAGHUPATHIPETA,,
14_3,NAGARKURNOOL,06,KALWAKURTHY,1420012,SUDDAKAL,,
14_3,NAGARKURNOOL,06,KALWAKURTHY,1419018,TANDRA,,
14_3,NAGARKURNOOL,06,KALWAKURTHY,1420008,THARNIKAL,,
14_3,NAGARKURNOOL,06,KALWAKURTHY,1420009,THOTAPALLE,,
14_3,NAGARKURNOOL,06,KALWAKURTHY,1420001,VELKATTA,,
14_3,NAGARKURNOOL,06,KALWAKURTHY,1420002,VENKATAPOOR (PATTI MALI,,
14_3,NAGARKURNOOL,06,KALWAKURTHY,1420011,VEPUR,,
14_3,NAGARKURNOOL,06,KALWAKURTHY,1420014,YELLIKAL,,
14_3,NAGARKURNOOL,07,KODAIR,1449016,BADIGADINNE,,
14_3,NAGARKURNOOL,07,KODAIR,1449008,BAWAIPALLE,,
14_3,NAGARKURNOOL,07,KODAIR,1449006,JANUMPALLE,,
14_3,NAGARKURNOOL,07,KODAIR,1449010,KHANAPUR,,
14_3,NAGARKURNOOL,07,KODAIR,1449011,KODAIR,,
14_3,NAGARKURNOOL,07,KODAIR,1449019,KONDRAOPALLLE,,
14_3,NAGARKURNOOL,07,KODAIR,1449015,MAILARAM,,
14_3,NAGARKURNOOL,07,KODAIR,1449012,NAGULAPALLE,,
14_3,NAGARKURNOOL,07,KODAIR,1449017,NARSAIPALLE,,
14_3,NAGARKURNOOL,07,KODAIR,1449009,PASPULA,,
14_3,NAGARKURNOOL,07,KODAIR,1449013,RAJAPURAM,,
14_3,NAGARKURNOOL,07,KODAIR,1449007,TEEGALAPALLE,,
14_3,NAGARKURNOOL,07,KODAIR,1449018,YETHAM,,
14_3,NAGARKURNOOL,08,KOLLAPUR,1464025,AMARAGIRI,,
14_3,NAGARKURNOOL,08,KOLLAPUR,1464009,ANKIRAOPALLE,,
14_3,NAGARKURNOOL,08,KOLLAPUR,1464026,ASADPUR (D),,
14_3,NAGARKURNOOL,08,KOLLAPUR,1464027,BOLLARAM,,
14_3,NAGARKURNOOL,08,KOLLAPUR,1464021,CHENNAMPALLE,,
14_3,NAGARKURNOOL,08,KOLLAPUR,1464001,CHINTALAPALLE,,
14_3,NAGARKURNOOL,08,KOLLAPUR,1464007,CHOUTABETLA,,
14_3,NAGARKURNOOL,08,KOLLAPUR,1464008,CHUKKAIPALLE,,
14_3,NAGARKURNOOL,08,KOLLAPUR,1464003,ENMANABETLA,,
14_3,NAGARKURNOOL,08,KOLLAPUR,1464005,JAWAIPALLE,,
14_3,NAGARKURNOOL,08,KOLLAPUR,1464016,KOLLAPUR (P),,
14_3,NAGARKURNOOL,08,KOLLAPUR,1464010,KUDIKILLA,,
14_3,NAGARKURNOOL,08,KOLLAPUR,1464004,MACHINENEIPALLE,,
14_3,NAGARKURNOOL,08,KOLLAPUR,1464012,MALABASWAPUR (D),,
14_3,NAGARKURNOOL,08,KOLLAPUR,1464013,MALACHINTAPALLE,,
14_3,NAGARKURNOOL,08,KOLLAPUR,1464011,NARLAPURAM,,
14_3,NAGARKURNOOL,08,KOLLAPUR,1464002,NARSIMHAPURAM,,
14_3,NAGARKURNOOL,08,KOLLAPUR,1464017,NARSINGARAOPALLE,,
14_3,NAGARKURNOOL,08,KOLLAPUR,1464020,RAMAPUR,,
14_3,NAGARKURNOOL,08,KOLLAPUR,1464006,SINGAVATNAM,,
14_3,NAGARKURNOOL,08,KOLLAPUR,1464024,SOMASILA,,
14_3,NAGARKURNOOL,08,KOLLAPUR,1464015,WARIDELA,,
14_3,NAGARKURNOOL,08,KOLLAPUR,1464014,YELLUR,,
14_3,NAGARKURNOOL,09,LINGAL,1447016,ANBATPALLE,,
14_3,NAGARKURNOOL,09,LINGAL,1447015,AUSALIKUNTA,,
14_3,NAGARKURNOOL,09,LINGAL,1447004,BAKARAM,,
14_3,NAGARKURNOOL,09,LINGAL,1447002,DATHARAM,,
14_3,NAGARKURNOOL,09,LINGAL,1447010,JEELUGUPALLE,,
14_3,NAGARKURNOOL,09,LINGAL,1447003,KOMATIKUNTA,,
14_3,NAGARKURNOOL,09,LINGAL,1447012,KOTHAKUNTAPALLE,,
14_3,NAGARKURNOOL,09,LINGAL,1447013,LINGAL,,
14_3,NAGARKURNOOL,09,LINGAL,1447008,MADAPUR,,
14_3,NAGARKURNOOL,09,LINGAL,1447007,MANAJIPET,,
14_3,NAGARKURNOOL,09,LINGAL,1447009,MAQDUMPUR,,
14_3,NAGARKURNOOL,09,LINGAL,1447005,RAMPUR,,
14_3,NAGARKURNOOL,09,LINGAL,1447017,RAYAVARAM,,
14_3,NAGARKURNOOL,09,LINGAL,1447001,SAINPETA,,
14_3,NAGARKURNOOL,09,LINGAL,1447011,SURAPUR,,
14_3,NAGARKURNOOL,09,LINGAL,1447006,VALLABHAPUR,,
14_3,NAGARKURNOOL,10,NAGARKURNOOL,1440020,AURASPALLE,,
14_3,NAGARKURNOOL,10,NAGARKURNOOL,1440005,BHEEMARAM (D),,
14_3,NAGARKURNOOL,10,NAGARKURNOOL,1440016,BONDALAPALLE,,
14_3,NAGARKURNOOL,10,NAGARKURNOOL,1440006,CHANDAYAPALLE,,
14_3,NAGARKURNOOL,10,NAGARKURNOOL,1440023,CHANDUBATLA,,
14_3,NAGARKURNOOL,10,NAGARKURNOOL,1440012,DESHITKYAL,,
14_3,NAGARKURNOOL,10,NAGARKURNOOL,1440007,GAGGALPALLE,,
14_3,NAGARKURNOOL,10,NAGARKURNOOL,1440024,GANYAGULA,,
14_3,NAGARKURNOOL,10,NAGARKURNOOL,1440019,GUDIPALLE,,
14_3,NAGARKURNOOL,10,NAGARKURNOOL,1441015,KUMMERA,,
14_3,NAGARKURNOOL,10,NAGARKURNOOL,1440014,LAXMAPURAM (D),,
14_3,NAGARKURNOOL,10,NAGARKURNOOL,1440008,MALKAPUR,,
14_3,NAGARKURNOOL,10,NAGARKURNOOL,1440011,MANTHATI,,
14_3,NAGARKURNOOL,10,NAGARKURNOOL,1440013,NAGANUL,,
14_3,NAGARKURNOOL,10,NAGARKURNOOL,1440003,NAGARKURNOOL (U),,
14_3,NAGARKURNOOL,10,NAGARKURNOOL,1440001,NALLAVELLI,,
14_3,NAGARKURNOOL,10,NAGARKURNOOL,1440022,NARSAIPALLE,,
14_3,NAGARKURNOOL,10,NAGARKURNOOL,1440025,PEDDAMUDNUR,,
14_3,NAGARKURNOOL,10,NAGARKURNOOL,1440018,PEDDAPURAM,,
14_3,NAGARKURNOOL,10,NAGARKURNOOL,1440010,PULJAL,,
14_3,NAGARKURNOOL,10,NAGARKURNOOL,1440015,SRIPURAM,,
14_3,NAGARKURNOOL,10,NAGARKURNOOL,1440017,THOODUKURTHY,,
14_3,NAGARKURNOOL,10,NAGARKURNOOL,1440002,UYYALAWADA,,
14_3,NAGARKURNOOL,10,NAGARKURNOOL,1450006,VALLABHANPALLE (D),,
14_3,NAGARKURNOOL,10,NAGARKURNOOL,1440021,VANAPATLA,,
14_3,NAGARKURNOOL,10,NAGARKURNOOL,1440009,VENKATAPUR,,
14_3,NAGARKURNOOL,10,NAGARKURNOOL,1440004,YENDABETLA,,
14_3,NAGARKURNOOL,11,PADARA,1445011,GANGUPENTA,,
14_3,NAGARKURNOOL,11,PADARA,1445008,GUDUR,,
14_3,NAGARKURNOOL,11,PADARA,1445010,IPPALAPALLE,,
14_3,NAGARKURNOOL,11,PADARA,1445012,MADDIMADUGU,,
14_3,NAGARKURNOOL,11,PADARA,1445009,MAREDUGU,,
14_3,NAGARKURNOOL,11,PADARA,1445005,PADRA,,
14_3,NAGARKURNOOL,11,PADARA,1445007,UDIMILLA,,
14_3,NAGARKURNOOL,11,PADARA,1445006,VANKESWARAM,,
14_3,NAGARKURNOOL,12,PEDDAKOTHAPALLE,1448004,ADIRALA,,
14_3,NAGARKURNOOL,12,PEDDAKOTHAPALLE,1448027,AMBATUPALLE,,
14_3,NAGARKURNOOL,12,PEDDAKOTHAPALLE,1448011,BACHARAM,,
14_3,NAGARKURNOOL,12,PEDDAKOTHAPALLE,1448003,CHANDRAKAL,,
14_3,NAGARKURNOOL,12,PEDDAKOTHAPALLE,1448019,CHENNAPURAOPALLE,,
14_3,NAGARKURNOOL,12,PEDDAKOTHAPALLE,1448010,CHINNAKARPAMULA,,
14_3,NAGARKURNOOL,12,PEDDAKOTHAPALLE,1448009,DEDINENIPALLE,,
14_3,NAGARKURNOOL,12,PEDDAKOTHAPALLE,1448001,DEVALTHIRUMALPUR,,
14_3,NAGARKURNOOL,12,PEDDAKOTHAPALLE,1448013,GANTRAOPALLE,,
14_3,NAGARKURNOOL,12,PEDDAKOTHAPALLE,1448012,JONNALABOGUDA,,
14_3,NAGARKURNOOL,12,PEDDAKOTHAPALLE,1448020,KALWAKOLE,,
14_3,NAGARKURNOOL,12,PEDDAKOTHAPALLE,1448023,KOTHAPETA,,
14_3,NAGARKURNOOL,12,PEDDAKOTHAPALLE,1448018,MAHASAMUDRAM,,
14_3,NAGARKURNOOL,12,PEDDAKOTHAPALLE,1448026,MAREDUMANDINNE,,
14_3,NAGARKURNOOL,12,PEDDAKOTHAPALLE,1448006,MARRIKAL,,
14_3,NAGARKURNOOL,12,PEDDAKOTHAPALLE,1448005,MUSTIPALLE,,
14_3,NAGARKURNOOL,12,PEDDAKOTHAPALLE,1448017,NARAYANPALLE,,
14_3,NAGARKURNOOL,12,PEDDAKOTHAPALLE,1448008,PEDDAKARPAMULA,,
14_3,NAGARKURNOOL,12,PEDDAKOTHAPALLE,1448007,PEDDAKOTHAPALLE,,
14_3,NAGARKURNOOL,12,PEDDAKOTHAPALLE,1448014,POCHAPUR,,
14_3,NAGARKURNOOL,12,PEDDAKOTHAPALLE,1448016,SATHAPUR,,
14_3,NAGARKURNOOL,12,PEDDAKOTHAPALLE,1448021,THIRUMALAMPALLE,,
14_3,NAGARKURNOOL,12,PEDDAKOTHAPALLE,1448022,VEDUKARAOPALLE,,
14_3,NAGARKURNOOL,12,PEDDAKOTHAPALLE,1448002,VENNACHERLA,,
14_3,NAGARKURNOOL,12,PEDDAKOTHAPALLE,1448024,YAPATLA,,
14_3,NAGARKURNOOL,13,PENTLAVELLI,1463009,GOPALAPURAM,,
14_3,NAGARKURNOOL,13,PENTLAVELLI,1463020,JATAPROLE,,
14_3,NAGARKURNOOL,13,PENTLAVELLI,1463007,KONDURU,,
14_3,NAGARKURNOOL,13,PENTLAVELLI,1464023,MALLESWARAM,,
14_3,NAGARKURNOOL,13,PENTLAVELLI,1464019,MANCHALAKATTA,,
14_3,NAGARKURNOOL,13,PENTLAVELLI,1464018,PENTLAVELLI,,
14_3,NAGARKURNOOL,13,PENTLAVELLI,1463008,SINGAVARAM,,
14_3,NAGARKURNOOL,13,PENTLAVELLI,1464022,VEMKAL,,
14_3,NAGARKURNOOL,14,TADOOR,1441004,AITHOLE,,
14_3,NAGARKURNOOL,14,TADOOR,1441009,AKUNELLIKUDURU,,
14_3,NAGARKURNOOL,14,TADOOR,1441023,ALLAPUR,,
14_3,NAGARKURNOOL,14,TADOOR,1441007,ANTHARAM,,
14_3,NAGARKURNOOL,14,TADOOR,1441001,BHALLANPALLE,,
14_3,NAGARKURNOOL,14,TADOOR,1441017,CHERLAITIKYALA,,
14_3,NAGARKURNOOL,14,TADOOR,1441005,GOVINDAYAPALLE,,
14_3,NAGARKURNOOL,14,TADOOR,1441019,GUNTHAKODURU,,
14_3,NAGARKURNOOL,14,TADOOR,1441011,INDRAKAL,,
14_3,NAGARKURNOOL,14,TADOOR,1441021,MEDIPUR,,
14_3,NAGARKURNOOL,14,TADOOR,1441008,NAGADEVUPALLE,,
14_3,NAGARKURNOOL,14,TADOOR,1441002,PAPAGAL,,
14_3,NAGARKURNOOL,14,TADOOR,1441014,PARVATHAYAPALLE,,
14_3,NAGARKURNOOL,14,TADOOR,1441022,POLMUR,,
14_3,NAGARKURNOOL,14,TADOOR,1441003,SIRSAWADA,,
14_3,NAGARKURNOOL,14,TADOOR,1441018,TADOOR,,
14_3,NAGARKURNOOL,14,TADOOR,1441016,THIRUMALAPUR,,
14_3,NAGARKURNOOL,14,TADOOR,1441013,THUMMALALSUGUR,,
14_3,NAGARKURNOOL,14,TADOOR,1441010,YADIREDDIPALLE,,
14_3,NAGARKURNOOL,14,TADOOR,1441006,YATDHARPALLE,,
14_3,NAGARKURNOOL,14,TADOOR,1441012,YATMATAPUR,,
14_3,NAGARKURNOOL,14,TADOOR,1441020,YENGAMPALLE,,
14_3,NAGARKURNOOL,15,TELKAPALLY,1442016,ALAIR,,
14_3,NAGARKURNOOL,15,TELKAPALLY,1442012,ANANTHASAGAR,,
14_3,NAGARKURNOOL,15,TELKAPALLY,1442013,BANDAPALLE,,
14_3,NAGARKURNOOL,15,TELKAPALLY,1442020,BOPPEPALLE,,
14_3,NAGARKURNOOL,15,TELKAPALLY,1442008,CHINNAMUDNUR,,
14_3,NAGARKURNOOL,15,TELKAPALLY,1442009,GADDAMPALLE,,
14_3,NAGARKURNOOL,15,TELKAPALLY,1442014,GATTINELLIKUDURU,,
14_3,NAGARKURNOOL,15,TELKAPALLY,1442004,GOURARAM,,
14_3,NAGARKURNOOL,15,TELKAPALLY,1442010,GOUTHAMPALLE,,
14_3,NAGARKURNOOL,15,TELKAPALLY,1442002,KARVANGA,,
14_3,NAGARKURNOOL,15,TELKAPALLY,1442015,LAKHNARAM,,
14_3,NAGARKURNOOL,15,TELKAPALLY,1442003,NADIGADDA,,
14_3,NAGARKURNOOL,15,TELKAPALLY,1442005,PARVATHAPURAM,,
14_3,NAGARKURNOOL,15,TELKAPALLY,1442018,PEDDAPALLE,,
14_3,NAGARKURNOOL,15,TELKAPALLY,1442017,PEDDURU,,
14_3,NAGARKURNOOL,15,TELKAPALLY,1442011,RAIPAKULA,,
14_3,NAGARKURNOOL,15,TELKAPALLY,1442006,RAKONDA,,
14_3,NAGARKURNOOL,15,TELKAPALLY,1442007,TELKAPALLE,,
14_3,NAGARKURNOOL,15,TELKAPALLY,1442019,VATHIPALLE,,
14_3,NAGARKURNOOL,15,TELKAPALLY,1442001,ZAMISTAPUR,,
14_3,NAGARKURNOOL,16,THIMMAJILPET,1422017,ALLAMPALLE,,
14_3,NAGARKURNOOL,16,THIMMAJILPET,1422015,APPAJIPALLE,,
14_3,NAGARKURNOOL,16,THIMMAJILPET,1422004,AVANCHA,,
14_3,NAGARKURNOOL,16,THIMMAJILPET,1422013,BAJIPURAM,,
14_3,NAGARKURNOOL,16,THIMMAJILPET,1422018,BHAVAJIPALLE,,
14_3,NAGARKURNOOL,16,THIMMAJILPET,1422005,BUDHASAMUDRAM,,
14_3,NAGARKURNOOL,16,THIMMAJILPET,1422012,CHEGUNTA,,
14_3,NAGARKURNOOL,16,THIMMAJILPET,1422011,GORITA,,
14_3,NAGARKURNOOL,16,THIMMAJILPET,1422014,GUMMAKONDA,,
14_3,NAGARKURNOOL,16,THIMMAJILPET,1422003,IPPALAPALLE,,
14_3,NAGARKURNOOL,16,THIMMAJILPET,1422016,KODUPARTHY,,
14_3,NAGARKURNOOL,16,THIMMAJILPET,1422007,MAREPALLE,,
14_3,NAGARKURNOOL,16,THIMMAJILPET,1422002,MARIKAL,,
14_3,NAGARKURNOOL,16,THIMMAJILPET,1422006,NERELLAPALLE,,
14_3,NAGARKURNOOL,16,THIMMAJILPET,1422019,POTHIREDDIPALLE,,
14_3,NAGARKURNOOL,16,THIMMAJILPET,1422001,PULLAGIRI,,
14_3,NAGARKURNOOL,16,THIMMAJILPET,1422009,THIMMAJIPETA,,
14_3,NAGARKURNOOL,16,THIMMAJILPET,1422010,THIRUMALAGIRI,,
14_3,NAGARKURNOOL,16,THIMMAJILPET,1422008,VEDIREPALLE,,
14_3,NAGARKURNOOL,17,UPPUNUNTHALA,1443010,AYYAVARIPALLE,,
14_3,NAGARKURNOOL,17,UPPUNUNTHALA,1443001,DASARLAPALLE,,
14_3,NAGARKURNOOL,17,UPPUNUNTHALA,1443013,KAMSANIPALLE,,
14_3,NAGARKURNOOL,17,UPPUNUNTHALA,1443006,KORATIKAL,,
14_3,NAGARKURNOOL,17,UPPUNUNTHALA,1443008,LATHIFPUR,,
14_3,NAGARKURNOOL,17,UPPUNUNTHALA,1443015,LAXMAPUR (PATTIGODAL),,
14_3,NAGARKURNOOL,17,UPPUNUNTHALA,1443016,MAMILLAPALLE,,
14_3,NAGARKURNOOL,17,UPPUNUNTHALA,1443018,MARRIPALLE,,
14_3,NAGARKURNOOL,17,UPPUNUNTHALA,1443003,MOLGARA,,
14_3,NAGARKURNOOL,17,UPPUNUNTHALA,1443002,PEDDAOUR,,
14_3,NAGARKURNOOL,17,UPPUNUNTHALA,1443009,PENMILLA,,
14_3,NAGARKURNOOL,17,UPPUNUNTHALA,1443021,PERATWANIPALLE,,
14_3,NAGARKURNOOL,17,UPPUNUNTHALA,1443022,RAICHEDU,,
14_3,NAGARKURNOOL,17,UPPUNUNTHALA,1443014,RAJANAGAR,,
14_3,NAGARKURNOOL,17,UPPUNUNTHALA,1443020,TADOOR,,
14_3,NAGARKURNOOL,17,UPPUNUNTHALA,1443012,THIPPAPUR,,
14_3,NAGARKURNOOL,17,UPPUNUNTHALA,1443005,THIRUMALAPUR (PATTIGODA,,
14_3,NAGARKURNOOL,17,UPPUNUNTHALA,1443017,UPPARAPALLE,,
14_3,NAGARKURNOOL,17,UPPUNUNTHALA,1443019,UPPUNUNTHALA,,
14_3,NAGARKURNOOL,17,UPPUNUNTHALA,1443011,VELTUR,,
14_3,NAGARKURNOOL,17,UPPUNUNTHALA,1443007,VIGHNESWARPUR,,
14_3,NAGARKURNOOL,17,UPPUNUNTHALA,1443004,ZAPTHISADGODE,,
14_3,NAGARKURNOOL,18,URKONDA,1421013,BOMMARASIPALLE,,
14_3,NAGARKURNOOL,18,URKONDA,1421026,GUDIGANPALLE,,
14_3,NAGARKURNOOL,18,URKONDA,1421015,IPPAIPAHAD,,
14_3,NAGARKURNOOL,18,URKONDA,1421011,JAGBOINPALLE,,
14_3,NAGARKURNOOL,18,URKONDA,1421014,JAKANALAPALLE,,
14_3,NAGARKURNOOL,18,URKONDA,1421027,MADHARAM,,
14_3,NAGARKURNOOL,18,URKONDA,1421017,NARSAMPALLE,,
14_3,NAGARKURNOOL,18,URKONDA,1421028,RACHALAPALLE,,
14_3,NAGARKURNOOL,18,URKONDA,1421012,RAMREDDIPALLE,,
14_3,NAGARKURNOOL,18,URKONDA,1421019,REVALLY,,
14_3,NAGARKURNOOL,18,URKONDA,1421018,URKONDA,,
14_3,NAGARKURNOOL,18,URKONDA,1421016,URKONDAPETA,,
14_3,NAGARKURNOOL,19,VANGOOR,1418016,ANNARAM,,
14_3,NAGARKURNOOL,19,VANGOOR,1418021,DINDICHINTHALAPALLE,,
14_3,NAGARKURNOOL,19,VANGOOR,1418009,GAJARA,,
14_3,NAGARKURNOOL,19,VANGOOR,1418017,JOJALA,,
14_3,NAGARKURNOOL,19,VANGOOR,1418001,KONDAREDDIPALLE,,
14_3,NAGARKURNOOL,19,VANGOOR,1418008,KONETIPUR,,
14_3,NAGARKURNOOL,19,VANGOOR,1418020,MITTASAGUDA,,
14_3,NAGARKURNOOL,19,VANGOOR,1418023,NIZAMABAD,,
14_3,NAGARKURNOOL,19,VANGOOR,1418014,POLKAMPALLE,,
14_3,NAGARKURNOOL,19,VANGOOR,1418018,POTHAREDDIPALLE,,
14_3,NAGARKURNOOL,19,VANGOOR,1418015,RANGAPAUR,,
14_3,NAGARKURNOOL,19,VANGOOR,1418003,SARVAREDDIPALLE,,
14_3,NAGARKURNOOL,19,VANGOOR,1418011,THIPPAREDDIPALLE,,
14_3,NAGARKURNOOL,19,VANGOOR,1418010,THIRUMALGIRI,,
14_3,NAGARKURNOOL,19,VANGOOR,1418019,ULPORA,,
14_3,NAGARKURNOOL,19,VANGOOR,1418022,UMMAPUR,,
14_3,NAGARKURNOOL,19,VANGOOR,1418013,UPPALAPAHAD,,
14_3,NAGARKURNOOL,19,VANGOOR,1418002,VANGOOR,,
14_3,NAGARKURNOOL,19,VANGOOR,1418012,VENKATAPUR (PATTI GODAL,,
14_3,NAGARKURNOOL,20,VELDANDA,1419007,AJILAPUR,,
14_3,NAGARKURNOOL,20,VELDANDA,1419008,BHAIRPUR,,
14_3,NAGARKURNOOL,20,VELDANDA,1419005,BOLLAMPALLE,,
14_3,NAGARKURNOOL,20,VELDANDA,1419006,CHEDURVALLI,,
14_3,NAGARKURNOOL,20,VELDANDA,1419003,CHERKUR,,
14_3,NAGARKURNOOL,20,VELDANDA,1419013,GUNDAL,,
14_3,NAGARKURNOOL,20,VELDANDA,1419015,KARREVANIPALLE,,
14_3,NAGARKURNOOL,20,VELDANDA,1419004,KONEDUVADA,,
14_3,NAGARKURNOOL,20,VELDANDA,1419017,KOTRA,,
14_3,NAGARKURNOOL,20,VELDANDA,1419001,KUPPAGANDLA,,
14_3,NAGARKURNOOL,20,VELDANDA,1419019,LINGAREDDIALLE,,
14_3,NAGARKURNOOL,20,VELDANDA,1419002,PEDDAPUR,,
14_3,NAGARKURNOOL,20,VELDANDA,1419012,POTHEPALLE,,
14_3,NAGARKURNOOL,20,VELDANDA,1419016,RACHUR,,
14_3,NAGARKURNOOL,20,VELDANDA,1419014,VELDANDA,,
14_3,NAGARKURNOOL,20,VELDANDA,1419011,YERRAVALLI,,
14_4,WANAPARTHY,01,AMARCHINTHA,1435006,AMARCHINTA,,
14_4,WANAPARTHY,01,AMARCHINTHA,1433026,CHANDRAGHAD,,
14_4,WANAPARTHY,01,AMARCHINTHA,1433029,CHINTHAREDDIPALLE,,
14_4,WANAPARTHY,01,AMARCHINTHA,1433025,DHARMAPUR,,
14_4,WANAPARTHY,01,AMARCHINTHA,1433031,ERLADINNE,,
14_4,WANAPARTHY,01,AMARCHINTHA,1435004,KANKANVANIPALLE,,
14_4,WANAPARTHY,01,AMARCHINTHA,1433030,KISTAMPALLE,,
14_4,WANAPARTHY,01,AMARCHINTHA,1435002,MASTIPUR,,
14_4,WANAPARTHY,01,AMARCHINTHA,1433028,MITTANANDIMALLA,,
14_4,WANAPARTHY,01,AMARCHINTHA,1433024,NAGALKADUMUR,,
14_4,WANAPARTHY,01,AMARCHINTHA,1435001,NANDIMALLA,,
14_4,WANAPARTHY,01,AMARCHINTHA,1435003,PAMIREDDIPALLE,,
14_4,WANAPARTHY,01,AMARCHINTHA,1435005,RANGAPUR,,
14_4,WANAPARTHY,01,AMARCHINTHA,1435008,SINGAMPETA,,
14_4,WANAPARTHY,02,ATMAKUR,1435021,AREPALLE,,
14_4,WANAPARTHY,02,ATMAKUR,1435014,ATMAKUR,,
14_4,WANAPARTHY,02,ATMAKUR,1435013,BALAKISTAPUR,,
14_4,WANAPARTHY,02,ATMAKUR,1435019,DEVARAPALLE,,
14_4,WANAPARTHY,02,ATMAKUR,1435017,GUNTIPALLE,,
14_4,WANAPARTHY,02,ATMAKUR,1435016,JURIAL,,
14_4,WANAPARTHY,02,ATMAKUR,1435023,KATHEPALLE,,
14_4,WANAPARTHY,02,ATMAKUR,1435009,KHANAPUR,,
14_4,WANAPARTHY,02,ATMAKUR,1435018,MEDEPALLE,,
14_4,WANAPARTHY,02,ATMAKUR,1435020,MOTLAMPALLE,,
14_4,WANAPARTHY,02,ATMAKUR,1435007,MULAMALLA,,
14_4,WANAPARTHY,02,ATMAKUR,1435010,PINAMCHERLA,,
14_4,WANAPARTHY,02,ATMAKUR,1435026,RECHINTALA,,
14_4,WANAPARTHY,02,ATMAKUR,1435015,SAMSAGAR,,
14_4,WANAPARTHY,02,ATMAKUR,1435022,THIPPADAMPALLE,,
14_4,WANAPARTHY,02,ATMAKUR,1435024,THOOMPALLE,,
14_4,WANAPARTHY,02,ATMAKUR,1435025,VEERARAGHAVAPUR,,
14_4,WANAPARTHY,03,CHINNAMBAVI,1463012,AMMAIPALLE,,
14_4,WANAPARTHY,03,CHINNAMBAVI,1463021,AYYAVARIPALLE,,
14_4,WANAPARTHY,03,CHINNAMBAVI,1463015,BEKKAM,,
14_4,WANAPARTHY,03,CHINNAMBAVI,1463022,CHELLEPAHAD,,
14_4,WANAPARTHY,03,CHINNAMBAVI,1463017,CHINNAMARUR,,
14_4,WANAPARTHY,03,CHINNAMBAVI,1463010,DAGADA,,
14_4,WANAPARTHY,03,CHINNAMBAVI,1463011,DAGADAPALLE,,
14_4,WANAPARTHY,03,CHINNAMBAVI,1463014,GADDABASWAPURAM,,
14_4,WANAPARTHY,03,CHINNAMBAVI,1463026,KALLOOR,,
14_4,WANAPARTHY,03,CHINNAMBAVI,1463018,KOPPUNUR,,
14_4,WANAPARTHY,03,CHINNAMBAVI,1463019,LAKSHMIPALLE,,
14_4,WANAPARTHY,03,CHINNAMBAVI,1463023,LINGASANIPALLE,,
14_4,WANAPARTHY,03,CHINNAMBAVI,1463013,MIYAPURAM,,
14_4,WANAPARTHY,03,CHINNAMBAVI,1463016,PEDDAMARUR,,
14_4,WANAPARTHY,03,CHINNAMBAVI,1463025,SOLIPURAM,,
14_4,WANAPARTHY,03,CHINNAMBAVI,1463002,VELGONDA,,
14_4,WANAPARTHY,03,CHINNAMBAVI,1463024,VELLATUR,,
14_4,WANAPARTHY,04,GHANPUR,1438007,AGARAM,,
14_4,WANAPARTHY,04,GHANPUR,1438004,ALMAIPALLE,,
14_4,WANAPARTHY,04,GHANPUR,1438010,ANPAHAD (D),,
14_4,WANAPARTHY,04,GHANPUR,1438001,ANTHAIPALLE,,
14_4,WANAPARTHY,04,GHANPUR,1438011,APPAREDDIPALLE,,
14_4,WANAPARTHY,04,GHANPUR,1438016,GARKASA (D),,
14_4,WANAPARTHY,04,GHANPUR,1438009,GHANPUR,,
14_4,WANAPARTHY,04,GHANPUR,1438002,KAMALUDDINPUR,,
14_4,WANAPARTHY,04,GHANPUR,1438017,MALKAPUR,,
14_4,WANAPARTHY,04,GHANPUR,1438005,MALKIMIANPALLE,,
14_4,WANAPARTHY,04,GHANPUR,1438013,MAMIDIMADA,,
14_4,WANAPARTHY,04,GHANPUR,1438018,MANAJIPET,,
14_4,WANAPARTHY,04,GHANPUR,1438014,PARWATHAPUR,,
14_4,WANAPARTHY,04,GHANPUR,1438012,SALKALAPUR,,
14_4,WANAPARTHY,04,GHANPUR,1438015,SHAPUR,,
14_4,WANAPARTHY,04,GHANPUR,1438021,SOLIPUR,,
14_4,WANAPARTHY,04,GHANPUR,1438019,SURAIPALLE,,
14_4,WANAPARTHY,04,GHANPUR,1438003,THIRUMALAIPALLE,,
14_4,WANAPARTHY,04,GHANPUR,1438020,UPPARAPALLE,,
14_4,WANAPARTHY,04,GHANPUR,1438006,VENKATAMPALLE,,
14_4,WANAPARTHY,05,GOPALPET,1450003,BUDDHARAM,,
14_4,WANAPARTHY,05,GOPALPET,1450014,CHAKALPALLE,,
14_4,WANAPARTHY,05,GOPALPET,1450002,CHENNUR,,
14_4,WANAPARTHY,05,GOPALPET,1450015,GOPALPETA,,
14_4,WANAPARTHY,05,GOPALPET,1450016,MUNNANUR,,
14_4,WANAPARTHY,05,GOPALPET,1450004,POLKEPAHAD,,
14_4,WANAPARTHY,05,GOPALPET,1450001,THADPARTHY,,
14_4,WANAPARTHY,05,GOPALPET,1450017,THIRUMALPUR (JAIN),,
14_4,WANAPARTHY,05,GOPALPET,1450018,YEDUTLA,,
14_4,WANAPARTHY,06,KOTHAKOTA,1436021,AMADABAKULA,,
14_4,WANAPARTHY,06,KOTHAKOTA,1436027,APPARALA,,
14_4,WANAPARTHY,06,KOTHAKOTA,1436028,BOOTHPUR,,
14_4,WANAPARTHY,06,KOTHAKOTA,1436025,CHERLAPALLE,,
14_4,WANAPARTHY,06,KOTHAKOTA,1436018,KANAIPALLE,,
14_4,WANAPARTHY,06,KOTHAKOTA,1436015,KANIMETTA,,
14_4,WANAPARTHY,06,KOTHAKOTA,1436006,KOTHAKOTA,,
14_4,WANAPARTHY,06,KOTHAKOTA,1436032,MIRASPALLE,,
14_4,WANAPARTHY,06,KOTHAKOTA,1436029,MUMMALLAPALLE,,
14_4,WANAPARTHY,06,KOTHAKOTA,1436034,NANCHARAMMAPET,,
14_4,WANAPARTHY,06,KOTHAKOTA,1436033,NATAVALLI,,
14_4,WANAPARTHY,06,KOTHAKOTA,1436017,NIRVEN,,
14_4,WANAPARTHY,06,KOTHAKOTA,1436016,PALEM,,
14_4,WANAPARTHY,06,KOTHAKOTA,1436031,PAMAPUR,,
14_4,WANAPARTHY,06,KOTHAKOTA,1436014,PATHAJANGAMAIPALLE,,
14_4,WANAPARTHY,06,KOTHAKOTA,1436026,PULLAREDDIKUNTA,,
14_4,WANAPARTHY,06,KOTHAKOTA,1436030,RAMAKRISHNAPUR,,
14_4,WANAPARTHY,06,KOTHAKOTA,1436007,RAMNATHPUR,,
14_4,WANAPARTHY,06,KOTHAKOTA,1436020,RAYANPET,,
14_4,WANAPARTHY,06,KOTHAKOTA,1436019,SANKIREDDIPALLE,,
14_4,WANAPARTHY,06,KOTHAKOTA,1436022,SATYAHALLI,,
14_4,WANAPARTHY,06,KOTHAKOTA,1436023,WADDAWATA,,
14_4,WANAPARTHY,07,MADANAPUR,1436024,AJJAKOLLU,,
14_4,WANAPARTHY,07,MADANAPUR,1436013,AMARAVATHINAGAR,,
14_4,WANAPARTHY,07,MADANAPUR,1436004,DANTANOOR,,
14_4,WANAPARTHY,07,MADANAPUR,1434022,DUPPALLE,,
14_4,WANAPARTHY,07,MADANAPUR,1436012,DWARAKANAGAR,,
14_4,WANAPARTHY,07,MADANAPUR,1435012,GOPANPETA,,
14_4,WANAPARTHY,07,MADANAPUR,1436005,GOVINDAHALLI,,
14_4,WANAPARTHY,07,MADANAPUR,1435011,KARVENA,,
14_4,WANAPARTHY,07,MADANAPUR,1436011,KONNUR,,
14_4,WANAPARTHY,07,MADANAPUR,1434023,KOTHAPALLE,,
14_4,WANAPARTHY,07,MADANAPUR,1436002,MADANAPUR,,
14_4,WANAPARTHY,07,MADANAPUR,1436010,NARSINGAPUR,,
14_4,WANAPARTHY,07,MADANAPUR,1436009,NELIVIDI,,
14_4,WANAPARTHY,07,MADANAPUR,1436001,RAMANPADU,,
14_4,WANAPARTHY,07,MADANAPUR,1436008,SHANKARAMPETA,,
14_4,WANAPARTHY,07,MADANAPUR,1436003,THIRUMALAIPALLE,,
14_4,WANAPARTHY,08,PANGAL,1452003,ANNARAM,,
14_4,WANAPARTHY,08,PANGAL,1452012,BANDAPALLE,,
14_4,WANAPARTHY,08,PANGAL,1452019,BUSIREDDIPALLE,,
14_4,WANAPARTHY,08,PANGAL,1452017,CHIKKEPALLE,,
14_4,WANAPARTHY,08,PANGAL,1452001,CHINTAKUNTA,,
14_4,WANAPARTHY,08,PANGAL,1452004,DAVAJIPALLE,,
14_4,WANAPARTHY,08,PANGAL,1452002,DONDAIPALLE,,
14_4,WANAPARTHY,08,PANGAL,1452005,GOPALPUR,,
14_4,WANAPARTHY,08,PANGAL,1452013,JAMMAPUR,,
14_4,WANAPARTHY,08,PANGAL,1449014,KADIREPADU,,
14_4,WANAPARTHY,08,PANGAL,1452018,KETHEPALLE,,
14_4,WANAPARTHY,08,PANGAL,1452007,KISTAPUR,,
14_4,WANAPARTHY,08,PANGAL,1452008,MADHAVARAOPALLE,,
14_4,WANAPARTHY,08,PANGAL,1452010,MAHAMMADAPUR,,
14_4,WANAPARTHY,08,PANGAL,1452026,MALLAIPALLE,,
14_4,WANAPARTHY,08,PANGAL,1452015,NIZAMABAD,,
14_4,WANAPARTHY,08,PANGAL,1452009,PANGAL,,
14_4,WANAPARTHY,08,PANGAL,1452011,RAYANIPALLE,,
14_4,WANAPARTHY,08,PANGAL,1452006,REMADDULA,,
14_4,WANAPARTHY,08,PANGAL,1452016,SAKHAPUR,,
14_4,WANAPARTHY,08,PANGAL,1452023,THELLARALLAPALLE,,
14_4,WANAPARTHY,08,PANGAL,1452014,VENGALAIPALLE,,
14_4,WANAPARTHY,09,PEBBAIR,1453018,AYYAVARIPALLE,,
14_4,WANAPARTHY,09,PEBBAIR,1453013,BUNYADPUR,,
14_4,WANAPARTHY,09,PEBBAIR,1453026,BURDIPADU,,
14_4,WANAPARTHY,09,PEBBAIR,1453010,CHELIMILLA,,
14_4,WANAPARTHY,09,PEBBAIR,1453025,ERLADINNE,,
14_4,WANAPARTHY,09,PEBBAIR,1453028,GUMMADAM,,
14_4,WANAPARTHY,09,PEBBAIR,1453022,JANUMPALLE,,
14_4,WANAPARTHY,09,PEBBAIR,1453005,KANCHIRAOPALLE,,
14_4,WANAPARTHY,09,PEBBAIR,1453023,MUNAGAMANUDINNE,,
14_4,WANAPARTHY,09,PEBBAIR,1453019,PATHAPALLE,,
14_4,WANAPARTHY,09,PEBBAIR,1453011,PEBBAIR,,
14_4,WANAPARTHY,09,PEBBAIR,1453024,PENCHIKALPADU,,
14_4,WANAPARTHY,09,PEBBAIR,1453001,RAMAMMAPETA,,
14_4,WANAPARTHY,09,PEBBAIR,1453002,RAMAPUR,,
14_4,WANAPARTHY,09,PEBBAIR,1453020,RAMESWARAPUR,,
14_4,WANAPARTHY,09,PEBBAIR,1453012,RANGAPUR,,
14_4,WANAPARTHY,09,PEBBAIR,1453003,SHAKHAPUR (Y),,
14_4,WANAPARTHY,09,PEBBAIR,1453021,SUGUR,,
14_4,WANAPARTHY,09,PEBBAIR,1453027,THIPPAIPALLE,,
14_4,WANAPARTHY,09,PEBBAIR,1453004,THOMALAPALLE,,
14_4,WANAPARTHY,09,PEBBAIR,1453029,YAPARLA,,
14_4,WANAPARTHY,10,PEDDAMANDADI,1437007,ALWAL,,
14_4,WANAPARTHY,10,PEDDAMANDADI,1438023,BALIJAPALLE,,
14_4,WANAPARTHY,10,PEDDAMANDADI,1437008,CHINNAMANDADI,,
14_4,WANAPARTHY,10,PEDDAMANDADI,1437016,DODUGUNTAPALLE,,
14_4,WANAPARTHY,10,PEDDAMANDADI,1437006,GOTLAKHANAPUR,,
14_4,WANAPARTHY,10,PEDDAMANDADI,1437015,JAGATHPALLE,,
14_4,WANAPARTHY,10,PEDDAMANDADI,1438022,JANGAMAIPALLE,,
14_4,WANAPARTHY,10,PEDDAMANDADI,1437012,MADDIGATLA,,
14_4,WANAPARTHY,10,PEDDAMANDADI,1437014,MANIGILLA,,
14_4,WANAPARTHY,10,PEDDAMANDADI,1437013,MOJERLA,,
14_4,WANAPARTHY,10,PEDDAMANDADI,1437010,PAMIREDDIPALLE,,
14_4,WANAPARTHY,10,PEDDAMANDADI,1437011,PEDDAMANDADI,,
14_4,WANAPARTHY,10,PEDDAMANDADI,1437009,VEERAIPALLE,,
14_4,WANAPARTHY,10,PEDDAMANDADI,1437005,VELTOOR,,
14_4,WANAPARTHY,11,REVALLY,1450009,BANDARAIPAKULA,,
14_4,WANAPARTHY,11,REVALLY,1450013,KESAMPETA,,
14_4,WANAPARTHY,11,REVALLY,1450010,KONKALAPALLE,,
14_4,WANAPARTHY,11,REVALLY,1450008,NAGAPUR,,
14_4,WANAPARTHY,11,REVALLY,1450011,REVALLY,,
14_4,WANAPARTHY,11,REVALLY,1450007,SHANAIPALLE,,
14_4,WANAPARTHY,11,REVALLY,1450005,THALPUNUR,,
14_4,WANAPARTHY,12,SRIRANGAPUR,1453016,GUMPAMPALLE,,
14_4,WANAPARTHY,12,SRIRANGAPUR,1453014,JANAMPETA,,
14_4,WANAPARTHY,12,SRIRANGAPUR,1453007,KAMBALLAPUR,,
14_4,WANAPARTHY,12,SRIRANGAPUR,1453008,NAGARALA,,
14_4,WANAPARTHY,12,SRIRANGAPUR,1453017,NAGASANIPALLE,,
14_4,WANAPARTHY,12,SRIRANGAPUR,1453009,SRIRANGAPUR,,
14_4,WANAPARTHY,12,SRIRANGAPUR,1453006,THATIPAMULA,,
14_4,WANAPARTHY,12,SRIRANGAPUR,1453015,VENKATAPUR (S),,
14_4,WANAPARTHY,13,WANAPARTHY,1451003,ACHUTAPUR,,
14_4,WANAPARTHY,13,WANAPARTHY,1451022,ANJANGIRI,,
14_4,WANAPARTHY,13,WANAPARTHY,1451005,ANKOOR,,
14_4,WANAPARTHY,13,WANAPARTHY,1451020,APPAIPALLE,,
14_4,WANAPARTHY,13,WANAPARTHY,1451017,CHANDAPUR,,
14_4,WANAPARTHY,13,WANAPARTHY,1451008,CHIMANGUNTAPALLE,,
14_4,WANAPARTHY,13,WANAPARTHY,1451004,CHITYALA,,
14_4,WANAPARTHY,13,WANAPARTHY,1451018,DATTAIPALLE,,
14_4,WANAPARTHY,13,WANAPARTHY,1451007,JAKKAMPALLE,,
14_4,WANAPARTHY,13,WANAPARTHY,1451012,KADUKUNTLA,,
14_4,WANAPARTHY,13,WANAPARTHY,1451021,KHASIMNAGAR,,
14_4,WANAPARTHY,13,WANAPARTHY,1451015,KISTAGIRI,,
14_4,WANAPARTHY,13,WANAPARTHY,1451013,MENTAPALLE,,
14_4,WANAPARTHY,13,WANAPARTHY,1451010,NAGAVARAM,,
14_4,WANAPARTHY,13,WANAPARTHY,1451014,NATCHAHALLI,,
14_4,WANAPARTHY,13,WANAPARTHY,1451011,PEDDAGUDEM,,
14_4,WANAPARTHY,13,WANAPARTHY,1451002,RAJANAGAR,,
14_4,WANAPARTHY,13,WANAPARTHY,1451001,RAJAPETA,,
14_4,WANAPARTHY,13,WANAPARTHY,1451016,SAVAIGUDEM,,
14_4,WANAPARTHY,13,WANAPARTHY,1451019,SRINIVASPUR,,
14_4,WANAPARTHY,13,WANAPARTHY,1451006,VENKATAPUR,,
14_4,WANAPARTHY,13,WANAPARTHY,1451009,WANAPARTHY,,
14_4,WANAPARTHY,14,WEEPANAGANDLA,1452024,BOLLARAM (VALLABHAPUR),,
14_4,WANAPARTHY,14,WEEPANAGANDLA,1452021,GOPALDINNE,,
14_4,WANAPARTHY,14,WEEPANAGANDLA,1463001,GOVARDHANGIRI,,
14_4,WANAPARTHY,14,WEEPANAGANDLA,1452022,KALVARALA,,
14_4,WANAPARTHY,14,WEEPANAGANDLA,1452025,KORLAKUNTA,,
14_4,WANAPARTHY,14,WEEPANAGANDLA,1452020,PULGARCHERLA,,
14_4,WANAPARTHY,14,WEEPANAGANDLA,1463006,SAMPATRAOPALLE,,
14_4,WANAPARTHY,14,WEEPANAGANDLA,1463004,SANGINEPALLE,,
14_4,WANAPARTHY,14,WEEPANAGANDLA,1463005,TOOMKUNTA,,
14_4,WANAPARTHY,14,WEEPANAGANDLA,1463027,VALLABHAPURAM,,
14_4,WANAPARTHY,14,WEEPANAGANDLA,1463003,VEEPANGANDLA,,
14_4,WANAPARTHY,15,YEDULA,1450019,CHEERKAPALLE,,
14_4,WANAPARTHY,15,YEDULA,1450012,CHENNERAM,,
14_4,WANAPARTHY,15,YEDULA,1449003,MACHUPALLE,,
14_4,WANAPARTHY,15,YEDULA,1449005,MUTHIREDDIPALLE,,
14_4,WANAPARTHY,15,YEDULA,1449001,REKULAPALLE,,
14_4,WANAPARTHY,15,YEDULA,1449002,SINGAIPALLE,,
14_4,WANAPARTHY,15,YEDULA,1449004,TURKADINNE,,
14_4,WANAPARTHY,15,YEDULA,1450020,YEDULA,,
14_5,NARAYANPET,05,DAMARAGIDDA,1405007,ANNASAGAR,,
14_5,NARAYANPET,05,DAMARAGIDDA,1405012,ASHANPALLELLE,,
14_5,NARAYANPET,05,DAMARAGIDDA,1405013,AYYAWARIPALLE,,
14_5,NARAYANPET,05,DAMARAGIDDA,1405024,BAPANPALLE,,
14_5,NARAYANPET,05,DAMARAGIDDA,1405015,CHAKALAVARIPALLE,,
14_5,NARAYANPET,05,DAMARAGIDDA,1405022,DAMARAGIDDA,,
14_5,NARAYANPET,05,DAMARAGIDDA,1405014,DESAIPALLE,,
14_5,NARAYANPET,05,DAMARAGIDDA,1405019,GADIMUNKANPALLE,,
14_5,NARAYANPET,05,DAMARAGIDDA,1405001,GADPA,,
14_5,NARAYANPET,05,DAMARAGIDDA,1405027,KAMSANIPALLE,,
14_5,NARAYANPET,05,DAMARAGIDDA,1405017,KANDANPALLE,,
14_5,NARAYANPET,05,DAMARAGIDDA,1405009,KANUKURTHY,,
14_5,NARAYANPET,05,DAMARAGIDDA,1405025,KYATANPALLE,,
14_5,NARAYANPET,05,DAMARAGIDDA,1405005,LAXMIPUR,,
14_5,NARAYANPET,05,DAMARAGIDDA,1405023,LINGAREDDIPALLE,,
14_5,NARAYANPET,05,DAMARAGIDDA,1405011,LOKURTHY,,
14_5,NARAYANPET,05,DAMARAGIDDA,1405010,MALREDDIPALLE,,
14_5,NARAYANPET,05,DAMARAGIDDA,1405003,MOGALAMADKA,,
14_5,NARAYANPET,05,DAMARAGIDDA,1405006,NARSAPUR,,
14_5,NARAYANPET,05,DAMARAGIDDA,1405018,PIDDAMPALLE,,
14_5,NARAYANPET,05,DAMARAGIDDA,1405021,SAJNAPUR,,
14_5,NARAYANPET,05,DAMARAGIDDA,1405004,SUDDAVANDA,,
14_5,NARAYANPET,05,DAMARAGIDDA,1405020,UDMALGIDDA,,
14_5,NARAYANPET,05,DAMARAGIDDA,1405008,ULLIGUNDAM,,
14_5,NARAYANPET,05,DAMARAGIDDA,1405026,VATHUGUNDLA,,
14_5,NARAYANPET,05,DAMARAGIDDA,1405002,VITHALAPUR,,
14_5,NARAYANPET,05,DAMARAGIDDA,1405016,YELSANPALLE,,
14_5,NARAYANPET,07,DHANWADA,1428001,DHANWADA,,
14_5,NARAYANPET,07,DHANWADA,1428004,GOTUR,,
14_5,NARAYANPET,07,DHANWADA,1428009,GUNMUKLA,,
14_5,NARAYANPET,07,DHANWADA,1428008,KAMSANPALLE,,
14_5,NARAYANPET,07,DHANWADA,1428002,KISTAPUR,,
14_5,NARAYANPET,07,DHANWADA,1428003,KONDAPUR,,
14_5,NARAYANPET,07,DHANWADA,1428007,MANDIPALLE,,
14_5,NARAYANPET,07,DHANWADA,1430009,PATHAPALLE,,
14_5,NARAYANPET,07,DHANWADA,1428010,YAMNANPALLE,,
14_5,NARAYANPET,28,GUNDUMAL,1403023,AMLIKUNTA,,
14_5,NARAYANPET,28,GUNDUMAL,1403021,APPAIPALLE,,
14_5,NARAYANPET,28,GUNDUMAL,1403020,BALABHADRAIPALLE,,
14_5,NARAYANPET,28,GUNDUMAL,1403019,BHAKTHIMALLA,,
14_5,NARAYANPET,28,GUNDUMAL,1403018,BHOGARAM,,
14_5,NARAYANPET,28,GUNDUMAL,1403022,GUNDMAL,,
14_5,NARAYANPET,28,GUNDUMAL,1406018,KOMMUR,,
14_5,NARAYANPET,28,GUNDUMAL,1403024,MUDIREDDIPALLE,,
14_5,NARAYANPET,28,GUNDUMAL,1403017,SARANGARAOPALLE,,
14_5,NARAYANPET,28,GUNDUMAL,1406019,VEERARAM,,
14_5,NARAYANPET,12,KOSGI,1403013,BIJJARAM,,
14_5,NARAYANPET,12,KOSGI,1403003,CHANDRAVANCHA,,
14_5,NARAYANPET,12,KOSGI,1403014,CHENNARAM,,
14_5,NARAYANPET,12,KOSGI,1403006,EJIPOOR,,
14_5,NARAYANPET,12,KOSGI,1403015,KADAMPALLE,,
14_5,NARAYANPET,12,KOSGI,1403008,KOSGI,,
14_5,NARAYANPET,12,KOSGI,1403001,KOTHAPALLE,,
14_5,NARAYANPET,12,KOSGI,1403002,LODHIPUR,,
14_5,NARAYANPET,12,KOSGI,1403012,MIRZAPUR,,
14_5,NARAYANPET,12,KOSGI,1403010,MUKTHIPAHAD,,
14_5,NARAYANPET,12,KOSGI,1403016,MUKTHYARNAGAR,,
14_5,NARAYANPET,12,KOSGI,1403009,MUNGIMALLA,,
14_5,NARAYANPET,12,KOSGI,1403011,MUSHRYA,,
14_5,NARAYANPET,12,KOSGI,1403004,NACHARAM,,
14_5,NARAYANPET,12,KOSGI,1403007,SARJAKHANPET,,
14_5,NARAYANPET,12,KOSGI,1403005,THOGAPUR,,
14_5,NARAYANPET,29,KOTHAPLLE,1406025,ALLIPUR,,
14_5,NARAYANPET,29,KOTHAPLLE,1406027,BONEED,,
14_5,NARAYANPET,29,KOTHAPLLE,1406026,DUPPATGHAT,,
14_5,NARAYANPET,29,KOTHAPLLE,1406024,GOKULNAGAR,,
14_5,NARAYANPET,29,KOTHAPLLE,1406016,KOTHAPALLE,,
14_5,NARAYANPET,29,KOTHAPLLE,1406021,LINGALCHED,,
14_5,NARAYANPET,29,KOTHAPLLE,1406017,MANNAPUR,,
14_5,NARAYANPET,29,KOTHAPLLE,1406022,NANDIGAM,,
14_5,NARAYANPET,29,KOTHAPLLE,1406015,NIDJINTA,,
14_5,NARAYANPET,29,KOTHAPLLE,1406020,PEDDAPUR,,
14_5,NARAYANPET,29,KOTHAPLLE,1406023,THIMMAREDDIPALLE,,
14_5,NARAYANPET,13,KRISHNA,1431002,AINAPUR,,
14_5,NARAYANPET,13,KRISHNA,1431004,ALAMPALLE,,
14_5,NARAYANPET,13,KRISHNA,1431003,CHEGUNTA,,
14_5,NARAYANPET,13,KRISHNA,1431020,GUDEBELLUR,,
14_5,NARAYANPET,13,KRISHNA,1431018,GURUJALA,,
14_5,NARAYANPET,13,KRISHNA,1431019,HINDUPUR,,
14_5,NARAYANPET,13,KRISHNA,1431016,KHALHALLI,,
14_5,NARAYANPET,13,KRISHNA,1431013,KUNSI,,
14_5,NARAYANPET,13,KRISHNA,1431015,KUSUMURTHY,,
14_5,NARAYANPET,13,KRISHNA,1431022,MUDUMAL,,
14_5,NARAYANPET,13,KRISHNA,1431023,MUDUMALDODDI,,
14_5,NARAYANPET,13,KRISHNA,1431021,MURAHARIDODDI,,
14_5,NARAYANPET,13,KRISHNA,1431001,SHUKURLINGAMPALLE,,
14_5,NARAYANPET,13,KRISHNA,1431017,THANGADIGI,,
14_5,NARAYANPET,14,MADDUR,1406028,CHANWAR,,
14_5,NARAYANPET,14,MADDUR,1406030,CHENREDDIPALLE,,
14_5,NARAYANPET,14,MADDUR,1406010,CHINTALDINNE,,
14_5,NARAYANPET,14,MADDUR,1406007,DAMAGANPURAM,,
14_5,NARAYANPET,14,MADDUR,1406011,DOREPALLE,,
14_5,NARAYANPET,14,MADDUR,1406004,JADAVARAOPALLE,,
14_5,NARAYANPET,14,MADDUR,1406008,KAJIPURAM,,
14_5,NARAYANPET,14,MADDUR,1406001,LAKKAIPALLE,,
14_5,NARAYANPET,14,MADDUR,1406012,MADDUR,,
14_5,NARAYANPET,14,MADDUR,1406003,MALIKJADAVARAOPALLE,,
14_5,NARAYANPET,14,MADDUR,1406029,MOMINAPUR,,
14_5,NARAYANPET,14,MADDUR,1406009,NAGIREDDIPALLE,,
14_5,NARAYANPET,14,MADDUR,1406002,NANDIPAHAD,,
14_5,NARAYANPET,14,MADDUR,1406005,PALLERLA,,
14_5,NARAYANPET,14,MADDUR,1406006,PARSAPURAM,,
14_5,NARAYANPET,14,MADDUR,1406013,PEDRIPAHAD,,
14_5,NARAYANPET,14,MADDUR,1406014,RENVATLA,,
14_5,NARAYANPET,15,MAGANOOR,1431014,ADIVIKHANAPUR,,
14_5,NARAYANPET,15,MAGANOOR,1431028,ADIVISATYAVARAM,,
14_5,NARAYANPET,15,MAGANOOR,1431007,BHAIRAMPALLE,,
14_5,NARAYANPET,15,MAGANOOR,1431033,GAJARANDODDI,,
14_5,NARAYANPET,15,MAGANOOR,1431011,GURURAOLINGAMPALLE,,
14_5,NARAYANPET,15,MAGANOOR,1431030,KOLPUR,,
14_5,NARAYANPET,15,MAGANOOR,1431005,KOTHAPALLE,,
14_5,NARAYANPET,15,MAGANOOR,1431032,LACHAMPUR,,
14_5,NARAYANPET,15,MAGANOOR,1431012,MAGANOOR,,
14_5,NARAYANPET,15,MAGANOOR,1431034,MANDIPALLE,,
14_5,NARAYANPET,15,MAGANOOR,1431009,NERADGAM,,
14_5,NARAYANPET,15,MAGANOOR,1431025,OBLAPUR,,
14_5,NARAYANPET,15,MAGANOOR,1431031,PARMANDODDI,,
14_5,NARAYANPET,15,MAGANOOR,1431024,PEGADABANDA,,
14_5,NARAYANPET,15,MAGANOOR,1431029,PUNJANUR,,
14_5,NARAYANPET,15,MAGANOOR,1431006,THALANKERI,,
14_5,NARAYANPET,15,MAGANOOR,1431008,UJJELLI,,
14_5,NARAYANPET,15,MAGANOOR,1431027,WADWAT,,
14_5,NARAYANPET,15,MAGANOOR,1431010,WARKOOR,,
14_5,NARAYANPET,15,MAGANOOR,1431026,YABANDODDI,,
14_5,NARAYANPET,18,MAKTHAL,1432035,ANUGONDA,,
14_5,NARAYANPET,18,MAKTHAL,1432031,BHAGAVAMPALLE,,
14_5,NARAYANPET,18,MAKTHAL,1432024,BHOOTHPUR,,
14_5,NARAYANPET,18,MAKTHAL,1432011,BONDALKUNTA,,
14_5,NARAYANPET,18,MAKTHAL,1432018,CHANDAPUR,,
14_5,NARAYANPET,18,MAKTHAL,1432030,CHINNAGOPALPUR,,
14_5,NARAYANPET,18,MAKTHAL,1432029,CHITYAL,,
14_5,NARAYANPET,18,MAKTHAL,1432017,DASARDODDI,,
14_5,NARAYANPET,18,MAKTHAL,1432021,GOLPALLE,,
14_5,NARAYANPET,18,MAKTHAL,1432007,GUDIGANDLA,,
14_5,NARAYANPET,18,MAKTHAL,1432015,GURLAPALLE,,
14_5,NARAYANPET,18,MAKTHAL,1432006,JAKLAIR,,
14_5,NARAYANPET,18,MAKTHAL,1432008,JAWLAPUR,,
14_5,NARAYANPET,18,MAKTHAL,1432005,KACHWAR,,
14_5,NARAYANPET,18,MAKTHAL,1432020,KAMATHNARVA,,
14_5,NARAYANPET,18,MAKTHAL,1432019,KAMATPULMAMIDI,,
14_5,NARAYANPET,18,MAKTHAL,1432027,KARNI,,
14_5,NARAYANPET,18,MAKTHAL,1432023,KATREVPALLE,,
14_5,NARAYANPET,18,MAKTHAL,1432026,KHANAPUR,,
14_5,NARAYANPET,18,MAKTHAL,1432033,KONDADODDI,,
14_5,NARAYANPET,18,MAKTHAL,1432009,KRISHNASAMUDRAM,,
14_5,NARAYANPET,18,MAKTHAL,1432003,LINGAMPALLE,,
14_5,NARAYANPET,18,MAKTHAL,1432002,MADHAWAR,,
14_5,NARAYANPET,18,MAKTHAL,1432013,MAKTHAL,,
14_5,NARAYANPET,18,MAKTHAL,1432010,MANTHANGOUD,,
14_5,NARAYANPET,18,MAKTHAL,1432036,MUSALAIPALLE,,
14_5,NARAYANPET,18,MAKTHAL,1432034,MUSTIPALLE,,
14_5,NARAYANPET,18,MAKTHAL,1432038,PANCHADEVUPAD,,
14_5,NARAYANPET,18,MAKTHAL,1432028,PANCHALINGAL,,
14_5,NARAYANPET,18,MAKTHAL,1432037,PAREVAL,,
14_5,NARAYANPET,18,MAKTHAL,1432039,PASPUL,,
14_5,NARAYANPET,18,MAKTHAL,1432025,RUDRASAMUDRAM,,
14_5,NARAYANPET,18,MAKTHAL,1432014,SANGAMBANDA,,
14_5,NARAYANPET,18,MAKTHAL,1432032,SATYAWAR,,
14_5,NARAYANPET,18,MAKTHAL,1432001,SOMESHWARBANDA,,
14_5,NARAYANPET,18,MAKTHAL,1432012,TEKULPALLE,,
14_5,NARAYANPET,18,MAKTHAL,1432016,THIRUMALPUR,,
14_5,NARAYANPET,18,MAKTHAL,1432004,UPPARAPALLE,,
14_5,NARAYANPET,18,MAKTHAL,1432022,YERNAGANPALLE,,
14_5,NARAYANPET,19,MARIKAL,1433005,CHITTANUR,,
14_5,NARAYANPET,19,MARIKAL,1433003,EKLASPUR,,
14_5,NARAYANPET,19,MARIKAL,1428018,IBRAHIMPATNAM,,
14_5,NARAYANPET,19,MARIKAL,1433004,JINNARAM,,
14_5,NARAYANPET,19,MARIKAL,1433002,KANMANUR,,
14_5,NARAYANPET,19,MARIKAL,1428006,MADWAR,,
14_5,NARAYANPET,19,MARIKAL,1428013,MARIKAL,,
14_5,NARAYANPET,19,MARIKAL,1428012,PASPUL,,
14_5,NARAYANPET,19,MARIKAL,1428017,PEDDACHINTAKUNTA,,
14_5,NARAYANPET,19,MARIKAL,1428005,POOSALPAD,,
14_5,NARAYANPET,19,MARIKAL,1428015,RAKONDA,,
14_5,NARAYANPET,19,MARIKAL,1428014,TEELAIR,,
14_5,NARAYANPET,19,MARIKAL,1428016,VENKATAPUR,,
14_5,NARAYANPET,19,MARIKAL,1428011,YELIGANDLA,,
14_5,NARAYANPET,22,NARAYANPET,1429018,ABHANGAPUR,,
14_5,NARAYANPET,22,NARAYANPET,1429015,AMMIREDDIPALLE,,
14_5,NARAYANPET,22,NARAYANPET,1429023,ANTHWAR,,
14_5,NARAYANPET,22,NARAYANPET,1429014,APPAKAPALLELLE,,
14_5,NARAYANPET,22,NARAYANPET,1429013,APPIREDDIPALLE,,
14_5,NARAYANPET,22,NARAYANPET,1429022,AYYAWARIPALLE,,
14_5,NARAYANPET,22,NARAYANPET,1429002,BHANAMKONDA,,
14_5,NARAYANPET,22,NARAYANPET,1429017,BOINPALLE,,
14_5,NARAYANPET,22,NARAYANPET,1405028,BOMMANPAD,,
14_5,NARAYANPET,22,NARAYANPET,1429016,CHINNAJATRAM,,
14_5,NARAYANPET,22,NARAYANPET,1429003,EKLASPUR,,
14_5,NARAYANPET,22,NARAYANPET,1429010,GURLAPALLE,,
14_5,NARAYANPET,22,NARAYANPET,1429011,JAJAPUR,,
14_5,NARAYANPET,22,NARAYANPET,1429001,JALALPUR,,
14_5,NARAYANPET,22,NARAYANPET,1429009,KAVARAMPALLE,,
14_5,NARAYANPET,22,NARAYANPET,1429024,KOLLAMPALLE,,
14_5,NARAYANPET,22,NARAYANPET,1429004,KONDAREDDIPALLE,,
14_5,NARAYANPET,22,NARAYANPET,1429019,KOTAKONDA,,
14_5,NARAYANPET,22,NARAYANPET,1429007,KOTHAPALLE,,
14_5,NARAYANPET,22,NARAYANPET,1429025,LINGAMPALLE (KOLLANPALL,,
14_5,NARAYANPET,22,NARAYANPET,1429020,NARASAPPALLE,,
14_5,NARAYANPET,22,NARAYANPET,1429005,PALLABUZURG (M),,
14_5,NARAYANPET,22,NARAYANPET,1429006,PERAPALLA,,
14_5,NARAYANPET,22,NARAYANPET,1429012,SERANPALLE,,
14_5,NARAYANPET,22,NARAYANPET,1429008,SINGAR,,
14_5,NARAYANPET,22,NARAYANPET,1429021,THIRUMALAPUR,,
14_5,NARAYANPET,23,NARWA,1433020,APPAMPALLE,,
14_5,NARAYANPET,23,NARWA,1433023,BEKKARAPALLE,,
14_5,NARAYANPET,23,NARWA,1433016,JAKKENPALLE,,
14_5,NARAYANPET,23,NARWA,1433001,JANGAMREDDIPALLE,,
14_5,NARAYANPET,23,NARWA,1433019,KALWAL,,
14_5,NARAYANPET,23,NARWA,1433021,KOTHAPALLE,,
14_5,NARAYANPET,23,NARWA,1433012,KUMARLINGAMPALLE,,
14_5,NARAYANPET,23,NARWA,1433015,LAKKERDODDI,,
14_5,NARAYANPET,23,NARWA,1433011,LANKAL,,
14_5,NARAYANPET,23,NARWA,1433013,NAGIREDDIPALLE,,
14_5,NARAYANPET,23,NARWA,1433010,NARVA,,
14_5,NARAYANPET,23,NARWA,1433008,PATHERCHED,,
14_5,NARAYANPET,23,NARWA,1433032,PEDDA KADUMOOR,,
14_5,NARAYANPET,23,NARWA,1433017,RAIKODE,,
14_5,NARAYANPET,23,NARWA,1433009,RAJAPALLE,,
14_5,NARAYANPET,23,NARWA,1433006,RAMPUR,,
14_5,NARAYANPET,23,NARWA,1433018,SEEPUR,,
14_5,NARAYANPET,23,NARWA,1433007,UNDEKODE,,
14_5,NARAYANPET,23,NARWA,1433014,YAMKI,,
14_5,NARAYANPET,23,NARWA,1433027,YELLAMPALLE,,
14_5,NARAYANPET,26,UTKOOR,1430017,AMINPUR,,
14_5,NARAYANPET,26,UTKOOR,1430005,BAPUR,,
14_5,NARAYANPET,26,UTKOOR,1430010,BIJWAR,,
14_5,NARAYANPET,26,UTKOOR,1430025,CHINNAPORLA,,
14_5,NARAYANPET,26,UTKOOR,1430013,DANTANPALLE,,
14_5,NARAYANPET,26,UTKOOR,1430024,EDANALLI,,
14_5,NARAYANPET,26,UTKOOR,1430028,GARANHALLI,,
14_5,NARAYANPET,26,UTKOOR,1430012,JEERAMHALLI,,
14_5,NARAYANPET,26,UTKOOR,1430020,KOLLUR,,
14_5,NARAYANPET,26,UTKOOR,1430007,LAXMIPALLE,,
14_5,NARAYANPET,26,UTKOOR,1430026,MALLEPALLE,,
14_5,NARAYANPET,26,UTKOOR,1430027,NAGIREDDIPALLE,,
14_5,NARAYANPET,26,UTKOOR,1430006,NIDUGURTHI,,
14_5,NARAYANPET,26,UTKOOR,1430015,OBLAPUR,,
14_5,NARAYANPET,26,UTKOOR,1430003,PAGIDIMARRI,,
14_5,NARAYANPET,26,UTKOOR,1430016,PALLEKUNTA,,
14_5,NARAYANPET,26,UTKOOR,1430008,PEDDAJATRAM,,
14_5,NARAYANPET,26,UTKOOR,1430021,PEDDAPORLA,,
14_5,NARAYANPET,26,UTKOOR,1430022,PULMAMIDI,,
14_5,NARAYANPET,26,UTKOOR,1430018,SAMANUR,,
14_5,NARAYANPET,26,UTKOOR,1430019,SAMISTAPUR,,
14_5,NARAYANPET,26,UTKOOR,1430004,THIPRASPALLE,,
14_5,NARAYANPET,26,UTKOOR,1430023,THIRUMALAPUR,,
14_5,NARAYANPET,26,UTKOOR,1430014,UTKOOR,,
14_5,NARAYANPET,26,UTKOOR,1430002,VALLAMPALLE,,
14_5,NARAYANPET,26,UTKOOR,1430001,VENKATAPUR,,
14_5,NARAYANPET,26,UTKOOR,1430011,YERGATPALLE,,
15_1,RANGAREDDY,01,ABDULLAPURMET,1514034,ABDULLAPUR,,
15_1,RANGAREDDY,01,ABDULLAPURMET,1514013,AKBARJA,,
15_1,RANGAREDDY,01,ABDULLAPURMET,1514041,ANAJPUR,,
15_1,RANGAREDDY,01,ABDULLAPURMET,1514010,BACHARAM,,
15_1,RANGAREDDY,01,ABDULLAPURMET,1514015,BALJAGUDA,,
15_1,RANGAREDDY,01,ABDULLAPURMET,1514012,BANDARAVIRYAL,,
15_1,RANGAREDDY,01,ABDULLAPURMET,1514036,BATASINGARAM,,
15_1,RANGAREDDY,01,ABDULLAPURMET,1514011,DAIRA,,
15_1,RANGAREDDY,01,ABDULLAPURMET,1514009,GOWRELLI,,
15_1,RANGAREDDY,01,ABDULLAPURMET,1514040,GUNTAPALLE,,
15_1,RANGAREDDY,01,ABDULLAPURMET,1514003,HATHIGUDA,,
15_1,RANGAREDDY,01,ABDULLAPURMET,1514033,INAMGUDA,,
15_1,RANGAREDDY,01,ABDULLAPURMET,1514023,INJAPUR,,
15_1,RANGAREDDY,01,ABDULLAPURMET,1514035,KAWADIPALLE,,
15_1,RANGAREDDY,01,ABDULLAPURMET,1514029,KOHEDA,,
15_1,RANGAREDDY,01,ABDULLAPURMET,1514018,KUNTLOOR,,
15_1,RANGAREDDY,01,ABDULLAPURMET,1514032,LASKERGUDA,,
15_1,RANGAREDDY,01,ABDULLAPURMET,1514025,MANNEGUDA,,
15_1,RANGAREDDY,01,ABDULLAPURMET,1514006,MARRIPALLE,,
15_1,RANGAREDDY,01,ABDULLAPURMET,1514038,MAZIDPUR,,
15_1,RANGAREDDY,01,ABDULLAPURMET,1514027,MUNGANOOR,,
15_1,RANGAREDDY,01,ABDULLAPURMET,1514030,OMERKHANDAIRA,,
15_1,RANGAREDDY,01,ABDULLAPURMET,1514017,PASMAMLA,,
15_1,RANGAREDDY,01,ABDULLAPURMET,1514028,PEDDA AMBERPET (KALAN),,
15_1,RANGAREDDY,01,ABDULLAPURMET,1514037,PIGILIPUR,,
15_1,RANGAREDDY,01,ABDULLAPURMET,1514016,POCHAMPALLE WADA,,
15_1,RANGAREDDY,01,ABDULLAPURMET,1514007,QUTHBULLAPUR,,
15_1,RANGAREDDY,01,ABDULLAPURMET,1514039,SAGARPUMP,,
15_1,RANGAREDDY,01,ABDULLAPURMET,1514031,SURMAIGUDA,,
15_1,RANGAREDDY,01,ABDULLAPURMET,1514004,TATTI ANNARAM,,
15_1,RANGAREDDY,01,ABDULLAPURMET,1514005,TATTI KHANA,,
15_1,RANGAREDDY,01,ABDULLAPURMET,1514014,THARAMATHIPET,,
15_1,RANGAREDDY,01,ABDULLAPURMET,1514008,THIMMAIGUDA,,
15_1,RANGAREDDY,01,ABDULLAPURMET,1514026,TOROOR   (FAROOR),,
15_1,RANGAREDDY,01,ABDULLAPURMET,1514024,TURKAYAMJAL,,
15_1,RANGAREDDY,02,AMANGAL,1416009,AKUTHOTAPALLE,,
15_1,RANGAREDDY,02,AMANGAL,1416013,AMANGAL,,
15_1,RANGAREDDY,02,AMANGAL,1416014,CHENNAMPALLE,,
15_1,RANGAREDDY,02,AMANGAL,1416010,KONAPUR,,
15_1,RANGAREDDY,02,AMANGAL,1416016,POLEPALLE,,
15_1,RANGAREDDY,02,AMANGAL,1416011,RAMANUTHULA,,
15_1,RANGAREDDY,02,AMANGAL,1416008,SETTIPALLE,,
15_1,RANGAREDDY,02,AMANGAL,1416015,SINGAM PALLE,,
15_1,RANGAREDDY,02,AMANGAL,1416012,VITHAIPALLE,,
15_1,RANGAREDDY,03,BALAPUR,1515015,ALMASGUDA,,
15_1,RANGAREDDY,03,BALAPUR,1515017,BADANGPET,,
15_1,RANGAREDDY,03,BALAPUR,1515020,BALAPUR,,
15_1,RANGAREDDY,03,BALAPUR,1515018,CHINTALAKUNTA,,
15_1,RANGAREDDY,03,BALAPUR,1515016,DAWOODKHANGUDA,,
15_1,RANGAREDDY,03,BALAPUR,1515025,JALPALLE,,
15_1,RANGAREDDY,03,BALAPUR,1515012,JILLALGUDA,,
15_1,RANGAREDDY,03,BALAPUR,1515021,KOTHAPET,,
15_1,RANGAREDDY,03,BALAPUR,1515028,KURMALGUDA,,
15_1,RANGAREDDY,03,BALAPUR,1515022,MALLAPUR,,
15_1,RANGAREDDY,03,BALAPUR,1515027,MAMIDIPALLE,,
15_1,RANGAREDDY,03,BALAPUR,1515013,MEDBOWLI,,
15_1,RANGAREDDY,03,BALAPUR,1515014,MEERPET,,
15_1,RANGAREDDY,03,BALAPUR,1515029,NADARGUL,,
15_1,RANGAREDDY,03,BALAPUR,1515026,PAPAYAKUMANDAN,,
15_1,RANGAREDDY,03,BALAPUR,1515023,RENUKAPUR,,
15_1,RANGAREDDY,03,BALAPUR,1515024,VENKATAPUR,,
15_1,RANGAREDDY,04,CHEVELLA,1518031,ALLAWADA,,
15_1,RANGAREDDY,04,CHEVELLA,1518004,ALOOR I,,
15_1,RANGAREDDY,04,CHEVELLA,1518005,ALOOR II,,
15_1,RANGAREDDY,04,CHEVELLA,1518006,ALOOR III,,
15_1,RANGAREDDY,04,CHEVELLA,1518003,ANANTAWARAM,,
15_1,RANGAREDDY,04,CHEVELLA,1518022,BASTEPUR,,
15_1,RANGAREDDY,04,CHEVELLA,1518029,CHANVELLI,,
15_1,RANGAREDDY,04,CHEVELLA,1518032,CHEVELLA,,
15_1,RANGAREDDY,04,CHEVELLA,1518021,DAMERGIDDA,,
15_1,RANGAREDDY,04,CHEVELLA,1518013,DEARLAPALLE,,
15_1,RANGAREDDY,04,CHEVELLA,1518028,DEVARAMPALLE,,
15_1,RANGAREDDY,04,CHEVELLA,1518019,DEVUNI ERRAVELLY,,
15_1,RANGAREDDY,04,CHEVELLA,1518037,EERLAPALLY,,
15_1,RANGAREDDY,04,CHEVELLA,1518015,GOLLAPALLE,,
15_1,RANGAREDDY,04,CHEVELLA,1518036,GUNDAL,,
15_1,RANGAREDDY,04,CHEVELLA,1518001,HASTHEPUR,,
15_1,RANGAREDDY,04,CHEVELLA,1518020,IBRAHIMPALLE,,
15_1,RANGAREDDY,04,CHEVELLA,1518014,KAMMETA,,
15_1,RANGAREDDY,04,CHEVELLA,1518035,KANDUWADA,,
15_1,RANGAREDDY,04,CHEVELLA,1518033,KESAVARAM,,
15_1,RANGAREDDY,04,CHEVELLA,1518026,KHANAPUR,,
15_1,RANGAREDDY,04,CHEVELLA,1518024,KISTAPUR,,
15_1,RANGAREDDY,04,CHEVELLA,1518007,KOWKUNTLA,,
15_1,RANGAREDDY,04,CHEVELLA,1518018,KUMMERA,,
15_1,RANGAREDDY,04,CHEVELLA,1518034,MALKAPUR,,
15_1,RANGAREDDY,04,CHEVELLA,1518023,MIRJAGUDA,,
15_1,RANGAREDDY,04,CHEVELLA,1518017,MUDIMYAL,,
15_1,RANGAREDDY,04,CHEVELLA,1518025,NAINCHERU,,
15_1,RANGAREDDY,04,CHEVELLA,1518002,NOWLAIPALLE,,
15_1,RANGAREDDY,04,CHEVELLA,1518010,NYALATA,,
15_1,RANGAREDDY,04,CHEVELLA,1518011,ORELLA,,
15_1,RANGAREDDY,04,CHEVELLA,1518030,PAMENA,,
15_1,RANGAREDDY,04,CHEVELLA,1518016,RAVULAPALLE (KHURD),,
15_1,RANGAREDDY,04,CHEVELLA,1518027,REGADGHANAPUR,,
15_1,RANGAREDDY,04,CHEVELLA,1518009,TALLARAM,,
15_1,RANGAREDDY,04,CHEVELLA,1518008,TANGEDAPALLE,,
15_1,RANGAREDDY,04,CHEVELLA,1518012,YENKEPALLE,,
15_1,RANGAREDDY,05,CHOWDERGUDEM,1411035,CHALIVENDRAMPALLE,,
15_1,RANGAREDDY,05,CHOWDERGUDEM,1411030,CHEGIREDDI GHANPUR,,
15_1,RANGAREDDY,05,CHOWDERGUDEM,1411026,CHENNAREDDIGUDA,,
15_1,RANGAREDDY,05,CHOWDERGUDEM,1411037,EDIRA,,
15_1,RANGAREDDY,05,CHOWDERGUDEM,1411001,GUNJALAPAHAD,,
15_1,RANGAREDDY,05,CHOWDERGUDEM,1411034,GUNJALAPAHAD-D,,
15_1,RANGAREDDY,05,CHOWDERGUDEM,1411028,GURRAMPALLE,,
15_1,RANGAREDDY,05,CHOWDERGUDEM,1411032,HAZIPET,,
15_1,RANGAREDDY,05,CHOWDERGUDEM,1411023,INDRANAGAR,,
15_1,RANGAREDDY,05,CHOWDERGUDEM,1411036,JAKARAM,,
15_1,RANGAREDDY,05,CHOWDERGUDEM,1411024,JILLED,,
15_1,RANGAREDDY,05,CHOWDERGUDEM,1411033,MALKAPAHAD,,
15_1,RANGAREDDY,05,CHOWDERGUDEM,1411025,PADMARAM,,
15_1,RANGAREDDY,05,CHOWDERGUDEM,1411031,PEDDA YELKICHERLA,,
15_1,RANGAREDDY,05,CHOWDERGUDEM,1411029,RAVIRYAL,,
15_1,RANGAREDDY,05,CHOWDERGUDEM,1411022,THOOMPALLE,,
15_1,RANGAREDDY,05,CHOWDERGUDEM,1411004,TUMMALAPALLE,,
15_1,RANGAREDDY,05,CHOWDERGUDEM,1411002,VANAMPALLE,,
15_1,RANGAREDDY,05,CHOWDERGUDEM,1411027,VEERANNAPETA,,
15_1,RANGAREDDY,06,FAROOQNAGAR,1412006,ALLISABGUDA,,
15_1,RANGAREDDY,06,FAROOQNAGAR,1412027,ANNARAM,,
15_1,RANGAREDDY,06,FAROOQNAGAR,1412023,BHEMARAM,,
15_1,RANGAREDDY,06,FAROOQNAGAR,1412015,BUCHIGUDA,,
15_1,RANGAREDDY,06,FAROOQNAGAR,1412034,BURGUL,,
15_1,RANGAREDDY,06,FAROOQNAGAR,1412007,CHATTANPALLE,,
15_1,RANGAREDDY,06,FAROOQNAGAR,1412028,CHILKAMARRI (CHELKA),,
15_1,RANGAREDDY,06,FAROOQNAGAR,1412022,CHINCHOD,,
15_1,RANGAREDDY,06,FAROOQNAGAR,1412020,CHOWLAPALLE (WEST),,
15_1,RANGAREDDY,06,FAROOQNAGAR,1412008,DOOSKAL,,
15_1,RANGAREDDY,06,FAROOQNAGAR,1412003,ELKATTA,,
15_1,RANGAREDDY,06,FAROOQNAGAR,1412004,FAROOQNAGAR (U.A),,
15_1,RANGAREDDY,06,FAROOQNAGAR,1412030,GANTLAVELLI,,
15_1,RANGAREDDY,06,FAROOQNAGAR,1412018,GUNDLAKUNTA,,
15_1,RANGAREDDY,06,FAROOQNAGAR,1412017,HAJIPALLE,,
15_1,RANGAREDDY,06,FAROOQNAGAR,1412026,JAGAMMAGUDA,,
15_1,RANGAREDDY,06,FAROOQNAGAR,1412029,KAMMADANAM,,
15_1,RANGAREDDY,06,FAROOQNAGAR,1412024,KAMSANPALLE,,
15_1,RANGAREDDY,06,FAROOQNAGAR,1412021,KANDIVANAM,,
15_1,RANGAREDDY,06,FAROOQNAGAR,1412012,KANGAGUDA,,
15_1,RANGAREDDY,06,FAROOQNAGAR,1412019,KISHANNAGAR,,
15_1,RANGAREDDY,06,FAROOQNAGAR,1412009,KONDANNAGUDA,,
15_1,RANGAREDDY,06,FAROOQNAGAR,1412036,MADHURAPUR,,
15_1,RANGAREDDY,06,FAROOQNAGAR,1412002,MOGALAGIDDA,,
15_1,RANGAREDDY,06,FAROOQNAGAR,1412005,NAGULAPALLE,,
15_1,RANGAREDDY,06,FAROOQNAGAR,1412032,RAIKAL,,
15_1,RANGAREDDY,06,FAROOQNAGAR,1412031,RAMAKRISHNAPUR,,
15_1,RANGAREDDY,06,FAROOQNAGAR,1412001,RANGASAMUDRAM,,
15_1,RANGAREDDY,06,FAROOQNAGAR,1412035,SERIGUDA-MADHURAPUR,,
15_1,RANGAREDDY,06,FAROOQNAGAR,1412016,SOLIPUR,,
15_1,RANGAREDDY,06,FAROOQNAGAR,1412011,SURYARAOGUDA,,
15_1,RANGAREDDY,06,FAROOQNAGAR,1412033,THIMMAJIPALLE,,
15_1,RANGAREDDY,06,FAROOQNAGAR,1412014,VELJERLA (I),,
15_1,RANGAREDDY,06,FAROOQNAGAR,1412013,VELJERLA II,,
15_1,RANGAREDDY,06,FAROOQNAGAR,1412010,VELJERLA III,,
15_1,RANGAREDDY,06,FAROOQNAGAR,1412025,VITTYAL,,
15_1,RANGAREDDY,07,GANDIPET,1516013,ALIZAPUR,,
15_1,RANGAREDDY,07,GANDIPET,1516016,BAIRAGIGUDA,,
15_1,RANGAREDDY,07,GANDIPET,1516024,BANDLAGUDA  (JAGIR),,
15_1,RANGAREDDY,07,GANDIPET,1516041,DARGAH KHALIJKHAN,,
15_1,RANGAREDDY,07,GANDIPET,1516017,GANDAMGUDA,,
15_1,RANGAREDDY,07,GANDIPET,1516005,GANDIPET,,
15_1,RANGAREDDY,07,GANDIPET,1516001,GUNGURTHY,,
15_1,RANGAREDDY,07,GANDIPET,1516026,HIMAYATHSAGAR,,
15_1,RANGAREDDY,07,GANDIPET,1516018,HYDERSHAKOTI,,
15_1,RANGAREDDY,07,GANDIPET,1516023,JANIBEGUM,,
15_1,RANGAREDDY,07,GANDIPET,1516002,KHANAPUR,,
15_1,RANGAREDDY,07,GANDIPET,1516027,KISMATPUR,,
15_1,RANGAREDDY,07,GANDIPET,1516004,KOKAPET,,
15_1,RANGAREDDY,07,GANDIPET,1516015,MANCHIREVULA,,
15_1,RANGAREDDY,07,GANDIPET,1516010,MANIKONDA (JAGIR),,
15_1,RANGAREDDY,07,GANDIPET,1516009,MANIKONDA (KHALSA),,
15_1,RANGAREDDY,07,GANDIPET,1516008,MAQTHA KOUSARALI,,
15_1,RANGAREDDY,07,GANDIPET,1516006,NARSINGI,,
15_1,RANGAREDDY,07,GANDIPET,1516014,NEKNAMPUR,,
15_1,RANGAREDDY,07,GANDIPET,1516012,PANJASHAJAMALBOWLI,,
15_1,RANGAREDDY,07,GANDIPET,1516025,PEERAMCHERU,,
15_1,RANGAREDDY,07,GANDIPET,1516011,POKKALWADA,,
15_1,RANGAREDDY,07,GANDIPET,1516007,PUPPALGUDA,,
15_1,RANGAREDDY,07,GANDIPET,1516039,SIKANDERGUDA,,
15_1,RANGAREDDY,07,GANDIPET,1516003,VATTINAGULAPALLE,,
15_1,RANGAREDDY,08,HAYATHNAGAR,1514019,HAYATHNAGAR  (KHALSA),,
15_1,RANGAREDDY,08,HAYATHNAGAR,1514002,HAYATHNAGAR (BAGATH),,
15_1,RANGAREDDY,08,HAYATHNAGAR,1514022,HAYATHNAGAR AMANGAL,,
15_1,RANGAREDDY,08,HAYATHNAGAR,1514020,KALVANCHA,,
15_1,RANGAREDDY,08,HAYATHNAGAR,1514021,SAHEBNAGAR (KALAN),,
15_1,RANGAREDDY,08,HAYATHNAGAR,1514001,SAHEBNAGAR (KHURD),,
15_1,RANGAREDDY,09,IBRAHIMPATNAM,1534002,ADIBATLA,,
15_1,RANGAREDDY,09,IBRAHIMPATNAM,1534017,ALIMIYAKUNTA,,
15_1,RANGAREDDY,09,IBRAHIMPATNAM,1534003,BONGLOOR,,
15_1,RANGAREDDY,09,IBRAHIMPATNAM,1534004,CHINTAPALLEGUDA,,
15_1,RANGAREDDY,09,IBRAHIMPATNAM,1534011,DANDUMAILARAM,,
15_1,RANGAREDDY,09,IBRAHIMPATNAM,1534020,FEROZGUDA,,
15_1,RANGAREDDY,09,IBRAHIMPATNAM,1534029,HAFFEZPUR,,
15_1,RANGAREDDY,09,IBRAHIMPATNAM,1534007,IBRAHIMPATAM (KHALSA),,
15_1,RANGAREDDY,09,IBRAHIMPATNAM,1534018,IBRAHIMPATNAM (BAGATH),,
15_1,RANGAREDDY,09,IBRAHIMPATNAM,1534006,ISMAILSHAPAMPU,,
15_1,RANGAREDDY,09,IBRAHIMPATNAM,1534027,KAPPAPAHAD,,
15_1,RANGAREDDY,09,IBRAHIMPATNAM,1535001,KHANAPUR,,
15_1,RANGAREDDY,09,IBRAHIMPATNAM,1534001,KONGARA KALAN,,
15_1,RANGAREDDY,09,IBRAHIMPATNAM,1534019,MANGALPALLE,,
15_1,RANGAREDDY,09,IBRAHIMPATNAM,1534012,MUKNOOR,,
15_1,RANGAREDDY,09,IBRAHIMPATNAM,1534008,NAGANPALLE,,
15_1,RANGAREDDY,09,IBRAHIMPATNAM,1534010,NARREPALLE,,
15_1,RANGAREDDY,09,IBRAHIMPATNAM,1534022,POCHARAM,,
15_1,RANGAREDDY,09,IBRAHIMPATNAM,1534009,POLKAMPALLE,,
15_1,RANGAREDDY,09,IBRAHIMPATNAM,1534013,RAINGUDA,,
15_1,RANGAREDDY,09,IBRAHIMPATNAM,1534015,RAIPOLE,,
15_1,RANGAREDDY,09,IBRAHIMPATNAM,1534005,RAMDASPALLE,,
15_1,RANGAREDDY,09,IBRAHIMPATNAM,1534021,RAMREDDIGUDA,,
15_1,RANGAREDDY,09,IBRAHIMPATNAM,1534030,SAYABGUDA,,
15_1,RANGAREDDY,09,IBRAHIMPATNAM,1534024,TADLAKALVA,,
15_1,RANGAREDDY,09,IBRAHIMPATNAM,1534016,TATTIKHANA,,
15_1,RANGAREDDY,09,IBRAHIMPATNAM,1534028,TOOLEKALAN,,
15_1,RANGAREDDY,09,IBRAHIMPATNAM,1534026,TURKAGUDA,,
15_1,RANGAREDDY,09,IBRAHIMPATNAM,1534023,YELIMINEDU,,
15_1,RANGAREDDY,09,IBRAHIMPATNAM,1534014,YENGALAGUDA,,
15_1,RANGAREDDY,09,IBRAHIMPATNAM,1534025,YERRAKUNTA,,
15_1,RANGAREDDY,10,KADTHAL,1415010,CHELLAMPALLE,,
15_1,RANGAREDDY,10,KADTHAL,1416007,CHERIKONDA(P.KURTY),,
15_1,RANGAREDDY,10,KADTHAL,1416006,CHERIKONDA(PATTIPADKAL),,
15_1,RANGAREDDY,10,KADTHAL,1416004,EKRAJGUDA,,
15_1,RANGAREDDY,10,KADTHAL,1416003,KADTHAL,,
15_1,RANGAREDDY,10,KADTHAL,1416002,KARKALPAHAD,,
15_1,RANGAREDDY,10,KADTHAL,1415004,MAKTHAMADHARAM,,
15_1,RANGAREDDY,10,KADTHAL,1416005,MUDWIN,,
15_1,RANGAREDDY,10,KADTHAL,1415008,NAGIREDDIGUDA,,
15_1,RANGAREDDY,10,KADTHAL,1415007,NYAMATHAPUR,,
15_1,RANGAREDDY,10,KADTHAL,1415005,RAVICHEDU,,
15_1,RANGAREDDY,10,KADTHAL,1415011,SALARPUR,,
15_1,RANGAREDDY,10,KADTHAL,1415006,TAKRAJGUDA,,
15_1,RANGAREDDY,10,KADTHAL,1415009,VAMPUGUDA,,
15_1,RANGAREDDY,10,KADTHAL,1416001,VASUDEVAPUR,,
15_1,RANGAREDDY,11,KANDUKUR,1537023,AKBERJA,,
15_1,RANGAREDDY,11,KANDUKUR,1537025,ALLIKHANPALLE,,
15_1,RANGAREDDY,11,KANDUKUR,1537017,ANNOJIGUDA,,
15_1,RANGAREDDY,11,KANDUKUR,1537021,BACHUPALLE,,
15_1,RANGAREDDY,11,KANDUKUR,1537001,CHIPPALPALLE,,
15_1,RANGAREDDY,11,KANDUKUR,1537024,DASARLAPALLE,,
15_1,RANGAREDDY,11,KANDUKUR,1537026,DEBBADAGUDA,,
15_1,RANGAREDDY,11,KANDUKUR,1537003,DHANNARAM,,
15_1,RANGAREDDY,11,KANDUKUR,1537008,GAFOORNAGAR,,
15_1,RANGAREDDY,11,KANDUKUR,1537010,GUDOOR,,
15_1,RANGAREDDY,11,KANDUKUR,1537015,GUMMADAVALLE,,
15_1,RANGAREDDY,11,KANDUKUR,1537006,JAITHWARAM (KHALSA),,
15_1,RANGAREDDY,11,KANDUKUR,1537007,JAITHWARAM (MAQTA),,
15_1,RANGAREDDY,11,KANDUKUR,1537018,KANDUKUR,,
15_1,RANGAREDDY,11,KANDUKUR,1537009,KOTHUR,,
15_1,RANGAREDDY,11,KANDUKUR,1537012,LEMOOR,,
15_1,RANGAREDDY,11,KANDUKUR,1537014,MADHAPUR,,
15_1,RANGAREDDY,11,KANDUKUR,1537028,MEERKHANPET,,
15_1,RANGAREDDY,11,KANDUKUR,1537019,MOHAMMADNAGAR,,
15_1,RANGAREDDY,11,KANDUKUR,1537030,MUCHERLA,,
15_1,RANGAREDDY,11,KANDUKUR,1537002,MURLINAGAR,,
15_1,RANGAREDDY,11,KANDUKUR,1537022,NEDNUR,,
15_1,RANGAREDDY,11,KANDUKUR,1537027,PANJAGUDA,,
15_1,RANGAREDDY,11,KANDUKUR,1537020,PERUGUGUDA,,
15_1,RANGAREDDY,11,KANDUKUR,1537004,PULUMAMIDI,,
15_1,RANGAREDDY,11,KANDUKUR,1537011,RACHLOOR,,
15_1,RANGAREDDY,11,KANDUKUR,1537029,SARVARAVULAPALLE,,
15_1,RANGAREDDY,11,KANDUKUR,1537016,THIMMAIPALLE,,
15_1,RANGAREDDY,11,KANDUKUR,1537013,TIMMAPUR,,
15_1,RANGAREDDY,12,KESHAMPETA,1414007,ALWAL,,
15_1,RANGAREDDY,12,KESHAMPETA,1414004,BHAIRKHANPALLE,,
15_1,RANGAREDDY,12,KESHAMPETA,1414015,BODANAMPALLE,,
15_1,RANGAREDDY,12,KESHAMPETA,1414012,CHINTAKUNTAPALLE,,
15_1,RANGAREDDY,12,KESHAMPETA,1414014,CHOWLAPALLE(EAST),,
15_1,RANGAREDDY,12,KESHAMPETA,1414009,DATTAIPALLE,,
15_1,RANGAREDDY,12,KESHAMPETA,1414003,EKLASKHAMPETA,,
15_1,RANGAREDDY,12,KESHAMPETA,1414010,IPPARAPALLE,,
15_1,RANGAREDDY,12,KESHAMPETA,1414016,KAKUNOOR,,
15_1,RANGAREDDY,12,KESHAMPETA,1414013,KESHAMPETA,,
15_1,RANGAREDDY,12,KESHAMPETA,1414006,KOTHAPETA,,
15_1,RANGAREDDY,12,KESHAMPETA,1414017,LEMAMIDI,,
15_1,RANGAREDDY,12,KESHAMPETA,1414020,LINGAMDANA,,
15_1,RANGAREDDY,12,KESHAMPETA,1414018,NIRDAVALLY,,
15_1,RANGAREDDY,12,KESHAMPETA,1414001,PAPIREDDIGUDA,,
15_1,RANGAREDDY,12,KESHAMPETA,1414011,POMALPALLE,,
15_1,RANGAREDDY,12,KESHAMPETA,1414002,SANGAM,,
15_1,RANGAREDDY,12,KESHAMPETA,1414005,SANTHAPUR,,
15_1,RANGAREDDY,12,KESHAMPETA,1414019,THOMMIDIREKULA,,
15_1,RANGAREDDY,12,KESHAMPETA,1414008,VEMULANARVA,,
15_1,RANGAREDDY,13,KONDURG,1411039,AGIRYAL,,
15_1,RANGAREDDY,13,KONDURG,1411011,BHIRAMPALLE,,
15_1,RANGAREDDY,13,KONDURG,1411020,CHERUKUPALLE,,
15_1,RANGAREDDY,13,KONDURG,1411014,CHINNAYELKICHERLA,,
15_1,RANGAREDDY,13,KONDURG,1411008,CHUKKAMMET,,
15_1,RANGAREDDY,13,KONDURG,1411019,GOVINDAPUR,,
15_1,RANGAREDDY,13,KONDURG,1411003,KONDURG,,
15_1,RANGAREDDY,13,KONDURG,1411021,KONDURG(WEST),,
15_1,RANGAREDDY,13,KONDURG,1411012,MAHADEVPOOR,,
15_1,RANGAREDDY,13,KONDURG,1411006,MUTPOOR,,
15_1,RANGAREDDY,13,KONDURG,1411016,PARVATHPUR,,
15_1,RANGAREDDY,13,KONDURG,1411007,REGADI CHILAKAMARRI,,
15_1,RANGAREDDY,13,KONDURG,1411015,SAMARAMPAD,,
15_1,RANGAREDDY,13,KONDURG,1411013,SRIRANGAPUR,,
15_1,RANGAREDDY,13,KONDURG,1411017,TANGELLAPALLE,,
15_1,RANGAREDDY,13,KONDURG,1411009,TEKULAPALLE,,
15_1,RANGAREDDY,13,KONDURG,1411005,UMMETHYAL LALAPETA,,
15_1,RANGAREDDY,13,KONDURG,1411010,UTTARASPALLE,,
15_1,RANGAREDDY,13,KONDURG,1411038,VENKIRYAL,,
15_1,RANGAREDDY,13,KONDURG,1411018,VISWANATHPUR,,
15_1,RANGAREDDY,14,KOTHUR,1413017,BADRAIAHPALLI,,
15_1,RANGAREDDY,14,KOTHUR,1413005,GUDUR,,
15_1,RANGAREDDY,14,KOTHUR,1413012,INMULNARVA,,
15_1,RANGAREDDY,14,KOTHUR,1413013,KHAJIGUDA,,
15_1,RANGAREDDY,14,KOTHUR,1413014,KODICHERLA,,
15_1,RANGAREDDY,14,KOTHUR,1413006,KOTHUR,,
15_1,RANGAREDDY,14,KOTHUR,1413004,MALLAPUR,,
15_1,RANGAREDDY,14,KOTHUR,1413011,PENJERLA,,
15_1,RANGAREDDY,14,KOTHUR,1413015,SERIGUDA,,
15_1,RANGAREDDY,14,KOTHUR,1413016,SIDDAPUR,,
15_1,RANGAREDDY,14,KOTHUR,1413008,THEEGAPUR,,
15_1,RANGAREDDY,14,KOTHUR,1413007,THIMMAPUR,,
15_1,RANGAREDDY,15,MADGUL,1417015,ANDUGUL,,
15_1,RANGAREDDY,15,MADGUL,1417010,ANNEBOINPALLE,,
15_1,RANGAREDDY,15,MADGUL,1417004,APPAREDDIPALLE,,
15_1,RANGAREDDY,15,MADGUL,1417013,ARKAPALLE,,
15_1,RANGAREDDY,15,MADGUL,1417001,AURPALLE,,
15_1,RANGAREDDY,15,MADGUL,1417009,BRAHMANAPALLE,,
15_1,RANGAREDDY,15,MADGUL,1417002,DODLAPAHAD,,
15_1,RANGAREDDY,15,MADGUL,1417014,GIRIKOTHAPALLE,,
15_1,RANGAREDDY,15,MADGUL,1417008,IRWIN,,
15_1,RANGAREDDY,15,MADGUL,1417007,KALAKONDA,,
15_1,RANGAREDDY,15,MADGUL,1417005,KULKULEPALLE,,
15_1,RANGAREDDY,15,MADGUL,1417006,MADGUL,,
15_1,RANGAREDDY,15,MADGUL,1417003,NAGILLA,,
15_1,RANGAREDDY,15,MADGUL,1417011,RAMANAMPALLE,,
15_1,RANGAREDDY,15,MADGUL,1417012,SUDDAPALLE,,
15_1,RANGAREDDY,16,MAHESHWARAM,1533032,AKANPALLE,,
15_1,RANGAREDDY,16,MAHESHWARAM,1533015,ALMASGUDA,,
15_1,RANGAREDDY,16,MAHESHWARAM,1533006,AMEERPET,,
15_1,RANGAREDDY,16,MAHESHWARAM,1533014,BAGHMANKHAL,,
15_1,RANGAREDDY,16,MAHESHWARAM,1533010,DABILGUDA,,
15_1,RANGAREDDY,16,MAHESHWARAM,1533030,DILWARGUDA,,
15_1,RANGAREDDY,16,MAHESHWARAM,1533028,DUBBACHERLA,,
15_1,RANGAREDDY,16,MAHESHWARAM,1533012,GANGARAM,,
15_1,RANGAREDDY,16,MAHESHWARAM,1533027,GHATPALLE,,
15_1,RANGAREDDY,16,MAHESHWARAM,1533002,GOLLOR,,
15_1,RANGAREDDY,16,MAHESHWARAM,1533021,IMAMGUDA,,
15_1,RANGAREDDY,16,MAHESHWARAM,1533008,KALWAKOLE,,
15_1,RANGAREDDY,16,MAHESHWARAM,1533031,KOLLAPADKAL,,
15_1,RANGAREDDY,16,MAHESHWARAM,1533019,KONGAR KHURD (A),,
15_1,RANGAREDDY,16,MAHESHWARAM,1533020,KONGAR KHURD (B),,
15_1,RANGAREDDY,16,MAHESHWARAM,1533026,MAHESWARAM,,
15_1,RANGAREDDY,16,MAHESHWARAM,1533023,MALIKDANGUDA,,
15_1,RANGAREDDY,16,MAHESHWARAM,1533016,MANKHAL,,
15_1,RANGAREDDY,16,MAHESHWARAM,1533011,MANSANPALLE,,
15_1,RANGAREDDY,16,MAHESHWARAM,1533024,MOHABATNAGAR,,
15_1,RANGAREDDY,16,MAHESHWARAM,1533004,NAGARAM,,
15_1,RANGAREDDY,16,MAHESHWARAM,1533005,NAGIREDDIPALLE,,
15_1,RANGAREDDY,16,MAHESHWARAM,1533003,NANDIPALLE,,
15_1,RANGAREDDY,16,MAHESHWARAM,1533009,PENDYAL,,
15_1,RANGAREDDY,16,MAHESHWARAM,1533033,PORANDLA,,
15_1,RANGAREDDY,16,MAHESHWARAM,1533018,RAVIRYAL,,
15_1,RANGAREDDY,16,MAHESHWARAM,1533017,SARDAR NAGAR,,
15_1,RANGAREDDY,16,MAHESHWARAM,1533013,SIRIGIRIPUR,,
15_1,RANGAREDDY,16,MAHESHWARAM,1533022,SREENAGAR,,
15_1,RANGAREDDY,16,MAHESHWARAM,1533029,SUBHANPUR,,
15_1,RANGAREDDY,16,MAHESHWARAM,1533034,THUKKUGUDA,,
15_1,RANGAREDDY,16,MAHESHWARAM,1533025,THUMMALOOR,,
15_1,RANGAREDDY,16,MAHESHWARAM,1533007,TOOPRA KHURD,,
15_1,RANGAREDDY,16,MAHESHWARAM,1533001,VENKANNAGUDA,,
15_1,RANGAREDDY,17,MANCHAL,1535013,AGAPALLE,,
15_1,RANGAREDDY,17,MANCHAL,1535022,ARUTLA,,
15_1,RANGAREDDY,17,MANCHAL,1535020,ASMATPUR,,
15_1,RANGAREDDY,17,MANCHAL,1535023,BANDALEMOOR,,
15_1,RANGAREDDY,17,MANCHAL,1535019,BODAKONDA @ PENIKARLA T,,
15_1,RANGAREDDY,17,MANCHAL,1535021,CHANDKHANGUDA,,
15_1,RANGAREDDY,17,MANCHAL,1535017,CHEEDED,,
15_1,RANGAREDDY,17,MANCHAL,1535009,CHITTAPUR,,
15_1,RANGAREDDY,17,MANCHAL,1535018,DADPALLE,,
15_1,RANGAREDDY,17,MANCHAL,1535011,JAINAMMAGUDA,,
15_1,RANGAREDDY,17,MANCHAL,1535015,JAPALA,,
15_1,RANGAREDDY,17,MANCHAL,1535014,KAGAZGHAT,,
15_1,RANGAREDDY,17,MANCHAL,1535005,LINGAMPALLE,,
15_1,RANGAREDDY,17,MANCHAL,1535024,LOYAPALLE,,
15_1,RANGAREDDY,17,MANCHAL,1535002,MALLIKARJUNAGUDA,,
15_1,RANGAREDDY,17,MANCHAL,1535010,MANCHAL,,
15_1,RANGAREDDY,17,MANCHAL,1535003,MANORABAD,,
15_1,RANGAREDDY,17,MANCHAL,1535007,NALLACHERU,,
15_1,RANGAREDDY,17,MANCHAL,1535012,NOMULA,,
15_1,RANGAREDDY,17,MANCHAL,1535016,RANGAPUR,,
15_1,RANGAREDDY,17,MANCHAL,1535004,SABITHNAGAR,,
15_1,RANGAREDDY,17,MANCHAL,1535025,SREEMANTHGUDA,,
15_1,RANGAREDDY,17,MANCHAL,1535006,THALLAPALLIGUDA,,
15_1,RANGAREDDY,17,MANCHAL,1535008,THIPPAIGUDA,,
15_1,RANGAREDDY,18,MOINABAD,1517024,AMDAPUR,,
15_1,RANGAREDDY,18,MOINABAD,1517008,AZIZNAGAR,,
15_1,RANGAREDDY,18,MOINABAD,1517023,BAKARAM JAGIR,,
15_1,RANGAREDDY,18,MOINABAD,1517021,BANGALIGUDA,,
15_1,RANGAREDDY,18,MOINABAD,1517029,CHAKALIGUDA,,
15_1,RANGAREDDY,18,MOINABAD,1517005,CHANDANAGAR,,
15_1,RANGAREDDY,18,MOINABAD,1517006,CHILKOOR,,
15_1,RANGAREDDY,18,MOINABAD,1517002,CHINNA MANGALARAM,,
15_1,RANGAREDDY,18,MOINABAD,1517012,CHINNASHAPUR,,
15_1,RANGAREDDY,18,MOINABAD,1517030,DEVAL VENKATAPUR,,
15_1,RANGAREDDY,18,MOINABAD,1517007,HIMAYATHNAGAR,,
15_1,RANGAREDDY,18,MOINABAD,1517018,KANAKAMAMIDI,,
15_1,RANGAREDDY,18,MOINABAD,1517017,KETHIREDDIPALLE,,
15_1,RANGAREDDY,18,MOINABAD,1517001,MEDIPALLE,,
15_1,RANGAREDDY,18,MOINABAD,1517027,MOINABAD,,
15_1,RANGAREDDY,18,MOINABAD,1517003,MOTHUKUPALLE,,
15_1,RANGAREDDY,18,MOINABAD,1517010,MURTHUZAGUDA,,
15_1,RANGAREDDY,18,MOINABAD,1517022,NAGIREDDIGUDA,,
15_1,RANGAREDDY,18,MOINABAD,1517016,NAKKALAPALLE,,
15_1,RANGAREDDY,18,MOINABAD,1517020,NAZEEBNAGAR,,
15_1,RANGAREDDY,18,MOINABAD,1517011,PEDDAMANGALARAM,,
15_1,RANGAREDDY,18,MOINABAD,1517004,REDDIPALLE,,
15_1,RANGAREDDY,18,MOINABAD,1517013,SAJJANPALLE,,
15_1,RANGAREDDY,18,MOINABAD,1517025,SRIRAMNAGAR,,
15_1,RANGAREDDY,18,MOINABAD,1517019,SURANGAL,,
15_1,RANGAREDDY,18,MOINABAD,1517014,TOLKATTA,,
15_1,RANGAREDDY,18,MOINABAD,1517026,VENKATAPUR,,
15_1,RANGAREDDY,18,MOINABAD,1517009,YENKEPALLE,,
15_1,RANGAREDDY,18,MOINABAD,1517015,YETHBARPALLE,,
15_1,RANGAREDDY,19,NANDIGAMA,1413003,CHEGUR,,
15_1,RANGAREDDY,19,NANDIGAMA,1413001,EDULAPALLE,,
15_1,RANGAREDDY,19,NANDIGAMA,1413002,MAMIDIPALLE,,
15_1,RANGAREDDY,19,NANDIGAMA,1413010,NANDIGAMA,,
15_1,RANGAREDDY,19,NANDIGAMA,1413009,VEERLAPALLE,,
15_1,RANGAREDDY,20,RAJENDRANAGAR,1516021,ATTAPUR,,
15_1,RANGAREDDY,20,RAJENDRANAGAR,1516028,BUDVEL,,
15_1,RANGAREDDY,20,RAJENDRANAGAR,1516030,BUMRUKUDDOWLA,,
15_1,RANGAREDDY,20,RAJENDRANAGAR,1516034,GAGANPAHAD,,
15_1,RANGAREDDY,20,RAJENDRANAGAR,1516019,HYDERGUDA,,
15_1,RANGAREDDY,20,RAJENDRANAGAR,1516035,KATEDAN,,
15_1,RANGAREDDY,20,RAJENDRANAGAR,1516038,LAKSHMIGUDA,,
15_1,RANGAREDDY,20,RAJENDRANAGAR,1516040,MADANNAGUDA,,
15_1,RANGAREDDY,20,RAJENDRANAGAR,1516036,MAILAR DEVPALLE,,
15_1,RANGAREDDY,20,RAJENDRANAGAR,1516037,PALLECHERU,,
15_1,RANGAREDDY,20,RAJENDRANAGAR,1516033,PREMAVATHIPET,,
15_1,RANGAREDDY,20,RAJENDRANAGAR,1516029,SAGBOWLI,,
15_1,RANGAREDDY,20,RAJENDRANAGAR,1516031,SIVARAMPALLE  (JAGIR),,
15_1,RANGAREDDY,20,RAJENDRANAGAR,1516032,SIVARAMPALLE  (PAIGAH),,
15_1,RANGAREDDY,20,RAJENDRANAGAR,1516022,SOGBOWLI,,
15_1,RANGAREDDY,20,RAJENDRANAGAR,1516020,UPPARPALLE,,
15_1,RANGAREDDY,21,SAROORNAGAR,1515006,BAHADURGUDA (M),,
15_1,RANGAREDDY,21,SAROORNAGAR,1515010,BAIRAMALEGUDA,,
15_1,RANGAREDDY,21,SAROORNAGAR,1515001,CHAMPAPET,,
15_1,RANGAREDDY,21,SAROORNAGAR,1515004,GADDI ANNARAM (PART),,
15_1,RANGAREDDY,21,SAROORNAGAR,1515011,KARMANGHAT,,
15_1,RANGAREDDY,21,SAROORNAGAR,1515009,LINGOJIGUDA,,
15_1,RANGAREDDY,21,SAROORNAGAR,1515008,MANSOORABAD,,
15_1,RANGAREDDY,21,SAROORNAGAR,1515019,ROSHANUDDOWLA,,
15_1,RANGAREDDY,21,SAROORNAGAR,1515005,SAROOR NAGAR,,
15_1,RANGAREDDY,21,SAROORNAGAR,1515030,SHIVARAJSAGAR PUMP,,
15_1,RANGAREDDY,21,SAROORNAGAR,1515002,SULTHANVALVA,,
15_1,RANGAREDDY,21,SAROORNAGAR,1515007,TUMMABOWLI,,
15_1,RANGAREDDY,21,SAROORNAGAR,1515003,TUMMALAKUNTA,,
15_1,RANGAREDDY,22,SHABAD,1531023,ANANTHAWARAM,,
15_1,RANGAREDDY,22,SHABAD,1531013,BHONGIRPALLE,,
15_1,RANGAREDDY,22,SHABAD,1531001,BOBBILGAM,,
15_1,RANGAREDDY,22,SHABAD,1531006,CHANDENVALLE,,
15_1,RANGAREDDY,22,SHABAD,1531011,DAMERLAPALLE,,
15_1,RANGAREDDY,22,SHABAD,1531003,ETLAERRAVALY,,
15_1,RANGAREDDY,22,SHABAD,1531007,HAYATHABAD,,
15_1,RANGAREDDY,22,SHABAD,1531022,KAKLOOR,,
15_1,RANGAREDDY,22,SHABAD,1531024,KESAVARAM,,
15_1,RANGAREDDY,22,SHABAD,1531018,KOMERABANDA,,
15_1,RANGAREDDY,22,SHABAD,1531014,MACHANPALLE,,
15_1,RANGAREDDY,22,SHABAD,1531009,MADDUR,,
15_1,RANGAREDDY,22,SHABAD,1531021,MANMARRI,,
15_1,RANGAREDDY,22,SHABAD,1531012,NAGARKUNTA,,
15_1,RANGAREDDY,22,SHABAD,1531019,OBAGUNTA,,
15_1,RANGAREDDY,22,SHABAD,1531010,PEDDAVED,,
15_1,RANGAREDDY,22,SHABAD,1531015,POLARAM,,
15_1,RANGAREDDY,22,SHABAD,1531016,POTHUGAL,,
15_1,RANGAREDDY,22,SHABAD,1531025,RANGAPUR,,
15_1,RANGAREDDY,22,SHABAD,1531017,REGADIDOSWADA,,
15_1,RANGAREDDY,22,SHABAD,1531005,RUDRARAM,,
15_1,RANGAREDDY,22,SHABAD,1531020,SHABAD,,
15_1,RANGAREDDY,22,SHABAD,1531008,SOLIPET,,
15_1,RANGAREDDY,22,SHABAD,1531004,TADLAPALLE,,
15_1,RANGAREDDY,22,SHABAD,1531002,TIRUMALAPUR,,
15_1,RANGAREDDY,23,SHAMSHABAD,1532012,AMMAPALLE,,
15_1,RANGAREDDY,23,SHAMSHABAD,1532048,ANANTHAREDDYGUDA,,
15_1,RANGAREDDY,23,SHAMSHABAD,1532039,BAHADURGUDA,,
15_1,RANGAREDDY,23,SHAMSHABAD,1532032,CHERLAGUDA,,
15_1,RANGAREDDY,23,SHAMSHABAD,1532010,CHOWDERGUDA,,
15_1,RANGAREDDY,23,SHAMSHABAD,1532024,DEVATABOWLI,,
15_1,RANGAREDDY,23,SHAMSHABAD,1532025,GANDIGUDA,,
15_1,RANGAREDDY,23,SHAMSHABAD,1532031,GHANSIMIAGUDA,,
15_1,RANGAREDDY,23,SHAMSHABAD,1532043,GOLKONDA KALAN,,
15_1,RANGAREDDY,23,SHAMSHABAD,1532040,GOLKONDA KHURD,,
15_1,RANGAREDDY,23,SHAMSHABAD,1532038,GOLLAPALLE KALAN,,
15_1,RANGAREDDY,23,SHAMSHABAD,1532035,GOLLAPALLE KHURD,,
15_1,RANGAREDDY,23,SHAMSHABAD,1532033,HAMIDULLANAGAR,,
15_1,RANGAREDDY,23,SHAMSHABAD,1532013,HARIGUDA,,
15_1,RANGAREDDY,23,SHAMSHABAD,1532009,JUKAL,,
15_1,RANGAREDDY,23,SHAMSHABAD,1532006,KACHARAM,,
15_1,RANGAREDDY,23,SHAMSHABAD,1532002,KAVELIGUDA,,
15_1,RANGAREDDY,23,SHAMSHABAD,1532047,KAVVAGUDA,,
15_1,RANGAREDDY,23,SHAMSHABAD,1532021,KISHANGUDA,,
15_1,RANGAREDDY,23,SHAMSHABAD,1532004,KOLBOWIDODDI,,
15_1,RANGAREDDY,23,SHAMSHABAD,1532014,KOTHWALGUDA,,
15_1,RANGAREDDY,23,SHAMSHABAD,1532016,LANGERGUDA,,
15_1,RANGAREDDY,23,SHAMSHABAD,1532027,MADANPALLE,,
15_1,RANGAREDDY,23,SHAMSHABAD,1532003,MALKARAM,,
15_1,RANGAREDDY,23,SHAMSHABAD,1532049,MALKARAM-2,,
15_1,RANGAREDDY,23,SHAMSHABAD,1532050,MALKARAM-3,,
15_1,RANGAREDDY,23,SHAMSHABAD,1532045,MANNEGUDA,,
15_1,RANGAREDDY,23,SHAMSHABAD,1532019,MAQTABAHADUR ALI,,
15_1,RANGAREDDY,23,SHAMSHABAD,1532030,MUCHINTAL,,
15_1,RANGAREDDY,23,SHAMSHABAD,1532008,NANAJPUR,,
15_1,RANGAREDDY,23,SHAMSHABAD,1532011,NARKHUDA,,
15_1,RANGAREDDY,23,SHAMSHABAD,1532022,OOTPALLE,,
15_1,RANGAREDDY,23,SHAMSHABAD,1532028,PALMAKOLE,,
15_1,RANGAREDDY,23,SHAMSHABAD,1532018,PASHAMBANDA,,
15_1,RANGAREDDY,23,SHAMSHABAD,1532026,PEDDASHAPUR,,
15_1,RANGAREDDY,23,SHAMSHABAD,1532029,PEDDATOPRA,,
15_1,RANGAREDDY,23,SHAMSHABAD,1532034,POSETTYGUDA,,
15_1,RANGAREDDY,23,SHAMSHABAD,1532001,RAMANUJAPUR,,
15_1,RANGAREDDY,23,SHAMSHABAD,1532036,RASHEEDGUDA,,
15_1,RANGAREDDY,23,SHAMSHABAD,1532051,RAYAKUNTA,,
15_1,RANGAREDDY,23,SHAMSHABAD,1532007,RAYANNAGUDA,,
15_1,RANGAREDDY,23,SHAMSHABAD,1532052,SAMSTHAN WANAPARTHY,,
15_1,RANGAREDDY,23,SHAMSHABAD,1532042,SANGHIGUDA,,
15_1,RANGAREDDY,23,SHAMSHABAD,1532015,SATAMRAI,,
15_1,RANGAREDDY,23,SHAMSHABAD,1532037,SAYYED GUDA,,
15_1,RANGAREDDY,23,SHAMSHABAD,1532017,SHAHAJADIBEGUM,,
15_1,RANGAREDDY,23,SHAMSHABAD,1532020,SHAMSHABAD (P),,
15_1,RANGAREDDY,23,SHAMSHABAD,1532041,SHANKARAPUR,,
15_1,RANGAREDDY,23,SHAMSHABAD,1532005,SULTANPALLE,,
15_1,RANGAREDDY,23,SHAMSHABAD,1532023,TONDPALLE,,
15_1,RANGAREDDY,24,SHANKARPALLE,1504028,ALAMKHANGUDA,,
15_1,RANGAREDDY,24,SHANKARPALLE,1504020,ANTHAPPAGUDA,,
15_1,RANGAREDDY,24,SHANKARPALLE,1504005,BHULKAPUR,,
15_1,RANGAREDDY,24,SHANKARPALLE,1504016,CHANDIPPA,,
15_1,RANGAREDDY,24,SHANKARPALLE,1504001,DHOBIPET,,
15_1,RANGAREDDY,24,SHANKARPALLE,1504008,DONTHANPALLE,,
15_1,RANGAREDDY,24,SHANKARPALLE,1504002,FATHEPUR,,
15_1,RANGAREDDY,24,SHANKARPALLE,1504029,GAJULAGUDA,,
15_1,RANGAREDDY,24,SHANKARPALLE,1504011,GOPULARAM,,
15_1,RANGAREDDY,24,SHANKARPALLE,1504022,HUSSAINIPUR,,
15_1,RANGAREDDY,24,SHANKARPALLE,1504009,JANWADA,,
15_1,RANGAREDDY,24,SHANKARPALLE,1504006,KONDAKAL,,
15_1,RANGAREDDY,24,SHANKARPALLE,1504026,KOTHAPALLE,,
15_1,RANGAREDDY,24,SHANKARPALLE,1504010,MAHARAJPET,,
15_1,RANGAREDDY,24,SHANKARPALLE,1504021,MASANIGUDA,,
15_1,RANGAREDDY,24,SHANKARPALLE,1504007,MOKILA,,
15_1,RANGAREDDY,24,SHANKARPALLE,1504023,PARVEDA (CHANCHALAM),,
15_1,RANGAREDDY,24,SHANKARPALLE,1504024,PARVEDA KHALSA,,
15_1,RANGAREDDY,24,SHANKARPALLE,1504012,PRODDUTUR,,
15_1,RANGAREDDY,24,SHANKARPALLE,1504015,RAMANTHAPUR,,
15_1,RANGAREDDY,24,SHANKARPALLE,1504017,RAVALPALLE KALAN,,
15_1,RANGAREDDY,24,SHANKARPALLE,1504018,SANKEPALLE (KHALSA),,
15_1,RANGAREDDY,24,SHANKARPALLE,1504019,SANKEPALLE (PAIGAH),,
15_1,RANGAREDDY,24,SHANKARPALLE,1504004,SHANKARPALLE,,
15_1,RANGAREDDY,24,SHANKARPALLE,1504003,SINGAPUR,,
15_1,RANGAREDDY,24,SHANKARPALLE,1504013,TANGUTOOR,,
15_1,RANGAREDDY,24,SHANKARPALLE,1504014,YELWARTHY,,
15_1,RANGAREDDY,24,SHANKARPALLE,1504025,YERVAGUDA,,
15_1,RANGAREDDY,25,SRILINGAMPALLE,1505006,CHANDANAGAR,,
15_1,RANGAREDDY,25,SRILINGAMPALLE,1505022,DARGA HUSSAINSHAHWALI,,
15_1,RANGAREDDY,25,SRILINGAMPALLE,1505017,GACHIBOWLI,,
15_1,RANGAREDDY,25,SRILINGAMPALLE,1505016,GAFOORNAGAR,,
15_1,RANGAREDDY,25,SRILINGAMPALLE,1505003,GOPANPALLE,,
15_1,RANGAREDDY,25,SRILINGAMPALLE,1505020,GUTTALA BEGUMPET,,
15_1,RANGAREDDY,25,SRILINGAMPALLE,1505011,HAFEEZPET,,
15_1,RANGAREDDY,25,SRILINGAMPALLE,1505012,IZZATHNAGAR,,
15_1,RANGAREDDY,25,SRILINGAMPALLE,1505027,KANCHA GACHIBOWLI,,
15_1,RANGAREDDY,25,SRILINGAMPALLE,1505025,KHAJAGUDA,,
15_1,RANGAREDDY,25,SRILINGAMPALLE,1505015,KHANAMMET,,
15_1,RANGAREDDY,25,SRILINGAMPALLE,1505013,KONDAPUR,,
15_1,RANGAREDDY,25,SRILINGAMPALLE,1505014,KOTHAGUDA,,
15_1,RANGAREDDY,25,SRILINGAMPALLE,1505007,MADEENAGUDA,,
15_1,RANGAREDDY,25,SRILINGAMPALLE,1505019,MADHAPUR,,
15_1,RANGAREDDY,25,SRILINGAMPALLE,1505010,MAKTHA MAHABUBPET,,
15_1,RANGAREDDY,25,SRILINGAMPALLE,1505009,MIYAPUR,,
15_1,RANGAREDDY,25,SRILINGAMPALLE,1505002,NALAGANDLA,,
15_1,RANGAREDDY,25,SRILINGAMPALLE,1505026,NANAKRAMGUDA,,
15_1,RANGAREDDY,25,SRILINGAMPALLE,1505021,RAIDURG KHALSA,,
15_1,RANGAREDDY,25,SRILINGAMPALLE,1505023,RAIDURG NOWKHALSA,,
15_1,RANGAREDDY,25,SRILINGAMPALLE,1505024,RAIDURG PAIGAH,,
15_1,RANGAREDDY,25,SRILINGAMPALLE,1505018,RAIDURG PANMAKTHA,,
15_1,RANGAREDDY,25,SRILINGAMPALLE,1505008,RAMANNAGUDA,,
15_1,RANGAREDDY,25,SRILINGAMPALLE,1505004,SERILINGAMPALLE (M),,
15_1,RANGAREDDY,25,SRILINGAMPALLE,1505001,SERINALAGANDLA,,
15_1,RANGAREDDY,25,SRILINGAMPALLE,1505005,TARANAGAR,,
15_1,RANGAREDDY,26,TALAKONDAPALLY,1415020,ANTHARAM,,
15_1,RANGAREDDY,26,TALAKONDAPALLY,1415017,BADNAPUR,,
15_1,RANGAREDDY,26,TALAKONDAPALLY,1415018,CHANDRADANA,,
15_1,RANGAREDDY,26,TALAKONDAPALLY,1415012,CHEEPUNUTHALA,,
15_1,RANGAREDDY,26,TALAKONDAPALLY,1415014,CHENNARAM,,
15_1,RANGAREDDY,26,TALAKONDAPALLY,1415015,CHUKKAPUR,,
15_1,RANGAREDDY,26,TALAKONDAPALLY,1415027,GARVIPALLE,,
15_1,RANGAREDDY,26,TALAKONDAPALLY,1415029,GATTU IPPALAPALLE,,
15_1,RANGAREDDY,26,TALAKONDAPALLY,1415019,JULAPALLE,,
15_1,RANGAREDDY,26,TALAKONDAPALLY,1415026,KHANAPUR,,
15_1,RANGAREDDY,26,TALAKONDAPALLY,1415002,LINGARAPALLE,,
15_1,RANGAREDDY,26,TALAKONDAPALLY,1415024,MEDAKPALLE,,
15_1,RANGAREDDY,26,TALAKONDAPALLY,1415003,PADAKAL,,
15_1,RANGAREDDY,26,TALAKONDAPALLY,1415025,RAMPUR,,
15_1,RANGAREDDY,26,TALAKONDAPALLY,1415001,SERIRAMAKRISHNAPUR,,
15_1,RANGAREDDY,26,TALAKONDAPALLY,1415016,TALAKONDAPALLE,,
15_1,RANGAREDDY,26,TALAKONDAPALLY,1415022,THIMMAPUR,,
15_1,RANGAREDDY,26,TALAKONDAPALLY,1415023,VELJALA,,
15_1,RANGAREDDY,26,TALAKONDAPALLY,1415021,VENKATAPURPATTI VELJALA,,
15_1,RANGAREDDY,26,TALAKONDAPALLY,1415028,VENKATRAOPETA,,
15_1,RANGAREDDY,26,TALAKONDAPALLY,1415013,YADAVALLI,,
15_1,RANGAREDDY,27,YACHARAM,1536016,CHINTAPATLA,,
15_1,RANGAREDDY,27,YACHARAM,1536006,CHOWDERPALLE,,
15_1,RANGAREDDY,27,YACHARAM,1536002,GUNGAL,,
15_1,RANGAREDDY,27,YACHARAM,1536014,KOTHAPALLE,,
15_1,RANGAREDDY,27,YACHARAM,1536009,KURMIDDA,,
15_1,RANGAREDDY,27,YACHARAM,1536003,MANDIGOWRELLY,,
15_1,RANGAREDDY,27,YACHARAM,1536020,MANTHANGOUD,,
15_1,RANGAREDDY,27,YACHARAM,1536019,MANTHANGOWRELLY,,
15_1,RANGAREDDY,27,YACHARAM,1536012,MEDPALLE,,
15_1,RANGAREDDY,27,YACHARAM,1536005,MOGULLAVAMPU,,
15_1,RANGAREDDY,27,YACHARAM,1536013,NAKKARTA,,
15_1,RANGAREDDY,27,YACHARAM,1536017,NALLAVELLY,,
15_1,RANGAREDDY,27,YACHARAM,1536011,NANAKNAGAR,,
15_1,RANGAREDDY,27,YACHARAM,1536007,NANDIWANAPARTHY,,
15_1,RANGAREDDY,27,YACHARAM,1536008,NAZDIK SINGARAM,,
15_1,RANGAREDDY,27,YACHARAM,1536018,SULTANPUR,,
15_1,RANGAREDDY,27,YACHARAM,1536015,THAKKELLAPALLE,,
15_1,RANGAREDDY,27,YACHARAM,1536010,THATIPARTHY,,
15_1,RANGAREDDY,27,YACHARAM,1536001,TULEKHURD,,
15_1,RANGAREDDY,27,YACHARAM,1536004,YACHARAM,,
15_2,MEDCHAL-MALKAJGIRI,01,ALWAL,1510006,AKBARJHA,,
15_2,MEDCHAL-MALKAJGIRI,01,ALWAL,1510003,ALWAL (M),,
15_2,MEDCHAL-MALKAJGIRI,01,ALWAL,1510002,DAMMAIGUDA,,
15_2,MEDCHAL-MALKAJGIRI,01,ALWAL,1510005,FARZANDGUDA,,
15_2,MEDCHAL-MALKAJGIRI,01,ALWAL,1510008,KOWKUR,,
15_2,MEDCHAL-MALKAJGIRI,01,ALWAL,1510001,LOTHKUNTA,,
15_2,MEDCHAL-MALKAJGIRI,01,ALWAL,1510004,MACHA BOLARAM,,
15_2,MEDCHAL-MALKAJGIRI,01,ALWAL,1510009,MAHADEVPUR,,
15_2,MEDCHAL-MALKAJGIRI,01,ALWAL,1510007,TURKAPALLE,,
15_2,MEDCHAL-MALKAJGIRI,01,ALWAL,1510010,YAPRAL,,
15_2,MEDCHAL-MALKAJGIRI,02,BACHUPALLY,1507010,BACHPALLE,,
15_2,MEDCHAL-MALKAJGIRI,02,BACHUPALLY,1507011,NIZAMPET,,
15_2,MEDCHAL-MALKAJGIRI,03,BALANAGAR,1506009,BALANAGAR,,
15_2,MEDCHAL-MALKAJGIRI,03,BALANAGAR,1506011,BEGUMPET PAIGAH,,
15_2,MEDCHAL-MALKAJGIRI,03,BALANAGAR,1506006,BOBBUGUDA,,
15_2,MEDCHAL-MALKAJGIRI,03,BALANAGAR,1506013,BOWENPALLE,,
15_2,MEDCHAL-MALKAJGIRI,03,BALANAGAR,1506010,FATEHNAGAR,,
15_2,MEDCHAL-MALKAJGIRI,03,BALANAGAR,1506012,FEROZGUDA,,
15_2,MEDCHAL-MALKAJGIRI,03,BALANAGAR,1506014,HASHMATHPET,,
15_2,MEDCHAL-MALKAJGIRI,03,BALANAGAR,1506008,JINKALWADA,,
15_2,MEDCHAL-MALKAJGIRI,04,DUNDIGAL GANDIMAISAMMA,1507005,BAHADURPALLE,,
15_2,MEDCHAL-MALKAJGIRI,04,DUNDIGAL GANDIMAISAMMA,1507007,BOWRAMPET,,
15_2,MEDCHAL-MALKAJGIRI,04,DUNDIGAL GANDIMAISAMMA,1507004,DOMMARA POCHAMPALLE,,
15_2,MEDCHAL-MALKAJGIRI,04,DUNDIGAL GANDIMAISAMMA,1507016,DULAPALLE,,
15_2,MEDCHAL-MALKAJGIRI,04,DUNDIGAL GANDIMAISAMMA,1507003,DUNDIGAL,,
15_2,MEDCHAL-MALKAJGIRI,04,DUNDIGAL GANDIMAISAMMA,1507001,GAGILAPUR,,
15_2,MEDCHAL-MALKAJGIRI,04,DUNDIGAL GANDIMAISAMMA,1507017,KOMPALLE,,
15_2,MEDCHAL-MALKAJGIRI,04,DUNDIGAL GANDIMAISAMMA,1507009,MALLAMPET,,
15_2,MEDCHAL-MALKAJGIRI,04,DUNDIGAL GANDIMAISAMMA,1507002,NAGLUR,,
15_2,MEDCHAL-MALKAJGIRI,04,DUNDIGAL GANDIMAISAMMA,1507008,SAMBHUPUR,,
15_2,MEDCHAL-MALKAJGIRI,05,GHATKESAR,1512010,ANKUSHAPUR,,
15_2,MEDCHAL-MALKAJGIRI,05,GHATKESAR,1512012,ANNOJIGUDA,,
15_2,MEDCHAL-MALKAJGIRI,05,GHATKESAR,1512009,AUSHAPUR,,
15_2,MEDCHAL-MALKAJGIRI,05,GHATKESAR,1512019,BADESAHEBGUDA,,
15_2,MEDCHAL-MALKAJGIRI,05,GHATKESAR,1512020,EDULABAD,,
15_2,MEDCHAL-MALKAJGIRI,05,GHATKESAR,1512011,GHATKESAR (P),,
15_2,MEDCHAL-MALKAJGIRI,05,GHATKESAR,1512006,ISMAILKHANGUDA,,
15_2,MEDCHAL-MALKAJGIRI,05,GHATKESAR,1512015,KACHWANISINGARAM,,
15_2,MEDCHAL-MALKAJGIRI,05,GHATKESAR,1512008,KONDAPUR,,
15_2,MEDCHAL-MALKAJGIRI,05,GHATKESAR,1512018,KORREMUL,,
15_2,MEDCHAL-MALKAJGIRI,05,GHATKESAR,1512021,MADHARAM,,
15_2,MEDCHAL-MALKAJGIRI,05,GHATKESAR,1512013,MAJARGUDA,,
15_2,MEDCHAL-MALKAJGIRI,05,GHATKESAR,1512029,MARRIPALLYGUDA,,
15_2,MEDCHAL-MALKAJGIRI,05,GHATKESAR,1512016,MUTHAWALLIGUDA,,
15_2,MEDCHAL-MALKAJGIRI,05,GHATKESAR,1512014,NAREPALLE,,
15_2,MEDCHAL-MALKAJGIRI,05,GHATKESAR,1512007,PADAMATISAIGUDA,,
15_2,MEDCHAL-MALKAJGIRI,05,GHATKESAR,1512004,POCHARAM,,
15_2,MEDCHAL-MALKAJGIRI,05,GHATKESAR,1512017,PRATHAPSINGARAM,,
15_2,MEDCHAL-MALKAJGIRI,05,GHATKESAR,1512005,YAMNAMPET,,
15_2,MEDCHAL-MALKAJGIRI,06,KAPRA,1512002,CHERLAPALLE,,
15_2,MEDCHAL-MALKAJGIRI,06,KAPRA,1509030,JAWAHARNAGAR,,
15_2,MEDCHAL-MALKAJGIRI,06,KAPRA,1511012,KHAPRA (M),,
15_2,MEDCHAL-MALKAJGIRI,07,KEESARA,1511013,AHMADGUDA,,
15_2,MEDCHAL-MALKAJGIRI,07,KEESARA,1511018,ANKIREDDYPALLY,,
15_2,MEDCHAL-MALKAJGIRI,07,KEESARA,1511016,BOGARAM,,
15_2,MEDCHAL-MALKAJGIRI,07,KEESARA,1511020,BOGARAM MAKTHA,,
15_2,MEDCHAL-MALKAJGIRI,07,KEESARA,1511008,CHEERIYAL,,
15_2,MEDCHAL-MALKAJGIRI,07,KEESARA,1511019,DAMMAIGUDA,,
15_2,MEDCHAL-MALKAJGIRI,07,KEESARA,1511002,DHARMAVARAM,,
15_2,MEDCHAL-MALKAJGIRI,07,KEESARA,1511014,GODMAKUNTA,,
15_2,MEDCHAL-MALKAJGIRI,07,KEESARA,1511007,HARIDASPALLE,,
15_2,MEDCHAL-MALKAJGIRI,07,KEESARA,1511005,KEESARA,,
15_2,MEDCHAL-MALKAJGIRI,07,KEESARA,1511009,KEESARA DAIRA,,
15_2,MEDCHAL-MALKAJGIRI,07,KEESARA,1511010,KUNDANPALLE,,
15_2,MEDCHAL-MALKAJGIRI,07,KEESARA,1511011,NAGARAM,,
15_2,MEDCHAL-MALKAJGIRI,07,KEESARA,1511003,NARSAMPALLE,,
15_2,MEDCHAL-MALKAJGIRI,07,KEESARA,1511015,RAMPALLE,,
15_2,MEDCHAL-MALKAJGIRI,07,KEESARA,1511017,RAMPALLY DAYARA,,
15_2,MEDCHAL-MALKAJGIRI,07,KEESARA,1511001,THIMMAIPALLE,,
15_2,MEDCHAL-MALKAJGIRI,07,KEESARA,1511006,YADGARPALLE (EAST),,
15_2,MEDCHAL-MALKAJGIRI,07,KEESARA,1511004,YADGARPALLE (WEST),,
15_2,MEDCHAL-MALKAJGIRI,08,KUKATPALLY,1506005,ALLAPUR,,
15_2,MEDCHAL-MALKAJGIRI,08,KUKATPALLY,1506003,BHAGAMEERI,,
15_2,MEDCHAL-MALKAJGIRI,08,KUKATPALLY,1506001,HYDERNAGAR,,
15_2,MEDCHAL-MALKAJGIRI,08,KUKATPALLY,1506004,KUKATPALLE (M),,
15_2,MEDCHAL-MALKAJGIRI,08,KUKATPALLY,1506007,MOOSAPET,,
15_2,MEDCHAL-MALKAJGIRI,08,KUKATPALLY,1506002,SHAMSHIGUDA,,
15_2,MEDCHAL-MALKAJGIRI,09,MALKAJGIRI,1510011,AMMUGUDA,,
15_2,MEDCHAL-MALKAJGIRI,09,MALKAJGIRI,1510012,MALKAJGIRI (M),,
15_2,MEDCHAL-MALKAJGIRI,10,MEDCHAL,1508011,AKBARJAPET,,
15_2,MEDCHAL-MALKAJGIRI,10,MEDCHAL,1508012,ATEVELLE,,
15_2,MEDCHAL-MALKAJGIRI,10,MEDCHAL,1508014,BANDA MADHARAM,,
15_2,MEDCHAL-MALKAJGIRI,10,MEDCHAL,1508016,BANDAKUNTA,,
15_2,MEDCHAL-MALKAJGIRI,10,MEDCHAL,1508013,DABIRPUR,,
15_2,MEDCHAL-MALKAJGIRI,10,MEDCHAL,1508023,GHANPUR,,
15_2,MEDCHAL-MALKAJGIRI,10,MEDCHAL,1508018,GIRMAPUR,,
15_2,MEDCHAL-MALKAJGIRI,10,MEDCHAL,1508024,GOSAIGUDA,,
15_2,MEDCHAL-MALKAJGIRI,10,MEDCHAL,1508019,GOUDAVELLE,,
15_2,MEDCHAL-MALKAJGIRI,10,MEDCHAL,1508027,KANDLAKOI,,
15_2,MEDCHAL-MALKAJGIRI,10,MEDCHAL,1508029,KAZIGUDA,,
15_2,MEDCHAL-MALKAJGIRI,10,MEDCHAL,1508004,KONAIPALLE,,
15_2,MEDCHAL-MALKAJGIRI,10,MEDCHAL,1508003,MAISIREDDIPALLE,,
15_2,MEDCHAL-MALKAJGIRI,10,MEDCHAL,1508020,MEDCHAL,,
15_2,MEDCHAL-MALKAJGIRI,10,MEDCHAL,1508025,MUNIRABAD,,
15_2,MEDCHAL-MALKAJGIRI,10,MEDCHAL,1508002,NUTHANKAL,,
15_2,MEDCHAL-MALKAJGIRI,10,MEDCHAL,1508028,POCHAMPALLE,,
15_2,MEDCHAL-MALKAJGIRI,10,MEDCHAL,1508021,PUDOOR,,
15_2,MEDCHAL-MALKAJGIRI,10,MEDCHAL,1508017,RAILAPUR,,
15_2,MEDCHAL-MALKAJGIRI,10,MEDCHAL,1508022,RAJ BOLLARAM,,
15_2,MEDCHAL-MALKAJGIRI,10,MEDCHAL,1508007,RAVALKOLA,,
15_2,MEDCHAL-MALKAJGIRI,10,MEDCHAL,1508026,SEETHARIGUDA,,
15_2,MEDCHAL-MALKAJGIRI,10,MEDCHAL,1508008,SHAHAZADIGUDA,,
15_2,MEDCHAL-MALKAJGIRI,10,MEDCHAL,1508006,SOMARAM,,
15_2,MEDCHAL-MALKAJGIRI,10,MEDCHAL,1508015,SRIRANGAVARAM,,
15_2,MEDCHAL-MALKAJGIRI,10,MEDCHAL,1508001,VELGALKUNTA,,
15_2,MEDCHAL-MALKAJGIRI,10,MEDCHAL,1508005,YELLAMPET,,
15_2,MEDCHAL-MALKAJGIRI,11,MEDIPALLY,1512033,BIBISAHEBMAQTHA,,
15_2,MEDCHAL-MALKAJGIRI,11,MEDIPALLY,1512022,BODUPPAL,,
15_2,MEDCHAL-MALKAJGIRI,11,MEDIPALLY,1512003,CHANGICHERLA,,
15_2,MEDCHAL-MALKAJGIRI,11,MEDIPALLY,1512026,GULAM ALIGUDA,,
15_2,MEDCHAL-MALKAJGIRI,11,MEDIPALLY,1512027,MEDIPALLY,,
15_2,MEDCHAL-MALKAJGIRI,11,MEDIPALLY,1512023,MIYAPUR,,
15_2,MEDCHAL-MALKAJGIRI,11,MEDIPALLY,1512001,PARVATHAPUR,,
15_2,MEDCHAL-MALKAJGIRI,11,MEDIPALLY,1512024,PERZADIGUDA,,
15_2,MEDCHAL-MALKAJGIRI,11,MEDIPALLY,1512028,SALARJUNG KANCHA,,
15_2,MEDCHAL-MALKAJGIRI,15,MOODUCHINTALAPALLE,1509015,ADRASPALLE,,
15_2,MEDCHAL-MALKAJGIRI,15,MOODUCHINTALAPALLE,1509004,ANANTHARAM,,
15_2,MEDCHAL-MALKAJGIRI,15,MOODUCHINTALAPALLE,2301001,CHINAPARVATHA PUR,,
15_2,MEDCHAL-MALKAJGIRI,15,MOODUCHINTALAPALLE,1509018,HOSHYARPALLE,,
15_2,MEDCHAL-MALKAJGIRI,15,MOODUCHINTALAPALLE,1509014,JAGGAMGUDA,,
15_2,MEDCHAL-MALKAJGIRI,15,MOODUCHINTALAPALLE,1509019,KESAVAPUR,,
15_2,MEDCHAL-MALKAJGIRI,15,MOODUCHINTALAPALLE,1509009,KESAVARAM,,
15_2,MEDCHAL-MALKAJGIRI,15,MOODUCHINTALAPALLE,1509002,KOTHUR,,
15_2,MEDCHAL-MALKAJGIRI,15,MOODUCHINTALAPALLE,1509006,LAKSHIMAPUR,,
15_2,MEDCHAL-MALKAJGIRI,15,MOODUCHINTALAPALLE,1509016,LINGAPUR,,
15_2,MEDCHAL-MALKAJGIRI,15,MOODUCHINTALAPALLE,1509007,MOODUCHINTALAPALLE,,
15_2,MEDCHAL-MALKAJGIRI,15,MOODUCHINTALAPALLE,1509008,NAGISETTIPALLE,,
15_2,MEDCHAL-MALKAJGIRI,15,MOODUCHINTALAPALLE,1509005,NARAYANPUR,,
15_2,MEDCHAL-MALKAJGIRI,15,MOODUCHINTALAPALLE,1509003,POTHARAM,,
15_2,MEDCHAL-MALKAJGIRI,15,MOODUCHINTALAPALLE,1509010,SAMPANBOLE,,
15_2,MEDCHAL-MALKAJGIRI,15,MOODUCHINTALAPALLE,1509017,UDDEMARRI,,
15_2,MEDCHAL-MALKAJGIRI,15,MOODUCHINTALAPALLE,1509020,YAKHATPURA,,
15_2,MEDCHAL-MALKAJGIRI,12,QUTHBULLAPUR,1507012,GAJULARAMARAM,,
15_2,MEDCHAL-MALKAJGIRI,12,QUTHBULLAPUR,1507015,JEEDIMATLA,,
15_2,MEDCHAL-MALKAJGIRI,12,QUTHBULLAPUR,1507013,NAMDARNAGAR,,
15_2,MEDCHAL-MALKAJGIRI,12,QUTHBULLAPUR,1507018,PETBASHIRABAD,,
15_2,MEDCHAL-MALKAJGIRI,12,QUTHBULLAPUR,1507014,QUTHBULLAPUR (M),,
15_2,MEDCHAL-MALKAJGIRI,12,QUTHBULLAPUR,1507006,SURARAM,,
15_2,MEDCHAL-MALKAJGIRI,13,SHAMIRPET,1509013,ALIABAD,,
15_2,MEDCHAL-MALKAJGIRI,13,SHAMIRPET,1509029,ANTAIPALLE,,
15_2,MEDCHAL-MALKAJGIRI,13,SHAMIRPET,1509022,BOMRASPET,,
15_2,MEDCHAL-MALKAJGIRI,13,SHAMIRPET,1509024,DEVAR YAMJAL,,
15_2,MEDCHAL-MALKAJGIRI,13,SHAMIRPET,1509011,LALGADIMALAKPET,,
15_2,MEDCHAL-MALKAJGIRI,13,SHAMIRPET,1509012,MAJIDPUR,,
15_2,MEDCHAL-MALKAJGIRI,13,SHAMIRPET,1509027,MANDAIPALLE,,
15_2,MEDCHAL-MALKAJGIRI,13,SHAMIRPET,1508010,MURAHARIPALLE,,
15_2,MEDCHAL-MALKAJGIRI,13,SHAMIRPET,1509021,PONNAL,,
15_2,MEDCHAL-MALKAJGIRI,13,SHAMIRPET,1509026,POTHAIPALLE,,
15_2,MEDCHAL-MALKAJGIRI,13,SHAMIRPET,1509023,SHAMIRPET,,
15_2,MEDCHAL-MALKAJGIRI,13,SHAMIRPET,1509025,SINGAIPALLE,,
15_2,MEDCHAL-MALKAJGIRI,13,SHAMIRPET,1509028,THUMKUNTA,,
15_2,MEDCHAL-MALKAJGIRI,13,SHAMIRPET,1509001,TURKAPALLE,,
15_2,MEDCHAL-MALKAJGIRI,13,SHAMIRPET,1508009,YADARAM,,
15_2,MEDCHAL-MALKAJGIRI,14,UPPAL,1513015,BANDLAGUDA,,
15_2,MEDCHAL-MALKAJGIRI,14,UPPAL,1513016,FATHULLAGUDA,,
15_2,MEDCHAL-MALKAJGIRI,14,UPPAL,1513008,HABSHIGUDA,,
15_2,MEDCHAL-MALKAJGIRI,14,UPPAL,1513013,KOTHAPET,,
15_2,MEDCHAL-MALKAJGIRI,14,UPPAL,1513003,MALLAPUR,,
15_2,MEDCHAL-MALKAJGIRI,14,UPPAL,1513002,MEERPET,,
15_2,MEDCHAL-MALKAJGIRI,14,UPPAL,1513001,NACHARAM,,
15_2,MEDCHAL-MALKAJGIRI,14,UPPAL,1513014,NAGOLE,,
15_2,MEDCHAL-MALKAJGIRI,14,UPPAL,1513012,NOURANG GUDA BAGATH,,
15_2,MEDCHAL-MALKAJGIRI,14,UPPAL,1513011,NOURANG GUDA KHALSA,,
15_2,MEDCHAL-MALKAJGIRI,14,UPPAL,1513009,RAMANTHAPUR BAGATH,,
15_2,MEDCHAL-MALKAJGIRI,14,UPPAL,1513010,RAMANTHAPUR KHALSA,,
15_2,MEDCHAL-MALKAJGIRI,14,UPPAL,1513017,UPPAL BAGATH (M),,
15_2,MEDCHAL-MALKAJGIRI,14,UPPAL,1513007,UPPAL KHALSA  (M),,
15_3,VIKARABAD,01,BANTWARAM,1521003,BANTARAM,,
15_3,VIKARABAD,01,BANTWARAM,1521001,BOPANWARAM,,
15_3,VIKARABAD,01,BANTWARAM,1521021,MADHVAPUR,,
15_3,VIKARABAD,01,BANTWARAM,1521025,MANGRASPALLE,,
15_3,VIKARABAD,01,BANTWARAM,1521023,NAGARAM,,
15_3,VIKARABAD,01,BANTWARAM,1521004,NOORULLAPUR,,
15_3,VIKARABAD,01,BANTWARAM,1521022,POMMAPUR,,
15_3,VIKARABAD,01,BANTWARAM,1521024,ROMPALLE,,
15_3,VIKARABAD,01,BANTWARAM,1521026,SALBATHAPUR,,
15_3,VIKARABAD,01,BANTWARAM,1521006,SOMARAM .M,,
15_3,VIKARABAD,01,BANTWARAM,1521019,SULTANPUR,,
15_3,VIKARABAD,01,BANTWARAM,1521002,TURMAMIDI,,
15_3,VIKARABAD,01,BANTWARAM,1521005,YACHARAM,,
15_3,VIKARABAD,02,BASHEERABAD,1524013,ALLAPUR (BASHEERABAD),,
15_3,VIKARABAD,02,BASHEERABAD,1524030,BAHADURPUR,,
15_3,VIKARABAD,02,BASHEERABAD,1524015,DAMERCHED,,
15_3,VIKARABAD,02,BASHEERABAD,1524018,EKMAI,,
15_3,VIKARABAD,02,BASHEERABAD,1524003,GANGWAR,,
15_3,VIKARABAD,02,BASHEERABAD,1524026,GOTIGA KALAN,,
15_3,VIKARABAD,02,BASHEERABAD,1524027,GOTIGA KHURD,,
15_3,VIKARABAD,02,BASHEERABAD,1524001,INDERCHED,,
15_3,VIKARABAD,02,BASHEERABAD,1524021,ISMAILPUR,,
15_3,VIKARABAD,02,BASHEERABAD,1524023,JALALPUR,,
15_3,VIKARABAD,02,BASHEERABAD,1524005,JEEVANGI,,
15_3,VIKARABAD,02,BASHEERABAD,1524009,KAMSANPALLE  MAQTA,,
15_3,VIKARABAD,02,BASHEERABAD,1524019,KAMSANPALLE BUZURG,,
15_3,VIKARABAD,02,BASHEERABAD,1524029,KHASIMPUR,,
15_3,VIKARABAD,02,BASHEERABAD,1524031,KOPPANKOTE,,
15_3,VIKARABAD,02,BASHEERABAD,1524011,KORVICHED,,
15_3,VIKARABAD,02,BASHEERABAD,1524017,KOTHLAPUR BUZURG,,
15_3,VIKARABAD,02,BASHEERABAD,1524004,KYADGIRA,,
15_3,VIKARABAD,02,BASHEERABAD,1524020,MAILWAR,,
15_3,VIKARABAD,02,BASHEERABAD,1524028,MALKANGIRI,,
15_3,VIKARABAD,02,BASHEERABAD,1524014,MANTHANGOUD,,
15_3,VIKARABAD,02,BASHEERABAD,1524006,MANTHATTI,,
15_3,VIKARABAD,02,BASHEERABAD,1524025,MANTHLAPUR,,
15_3,VIKARABAD,02,BASHEERABAD,1524024,MARPALLE,,
15_3,VIKARABAD,02,BASHEERABAD,1524010,MASANPALLE  (M),,
15_3,VIKARABAD,02,BASHEERABAD,1524012,NAVALGA,,
15_3,VIKARABAD,02,BASHEERABAD,1524002,NAVANDGI,,
15_3,VIKARABAD,02,BASHEERABAD,1524022,NEELAPALLE,,
15_3,VIKARABAD,02,BASHEERABAD,1524016,PARWATHPALLE,,
15_3,VIKARABAD,02,BASHEERABAD,1524007,REDDIGHANAPUR,,
15_3,VIKARABAD,02,BASHEERABAD,1524008,SHAPUR MAQTA,,
15_3,VIKARABAD,03,BOMRASPET,1402005,BOMRASPETA,,
15_3,VIKARABAD,03,BOMRASPET,1402009,BURHANPOOR,,
15_3,VIKARABAD,03,BOMRASPET,1402020,CHOWDARPALLE,,
15_3,VIKARABAD,03,BOMRASPET,1402006,DUPCHERLA,,
15_3,VIKARABAD,03,BOMRASPET,1402021,ERUPUMALLA,,
15_3,VIKARABAD,03,BOMRASPET,1402003,KOTHUR,,
15_3,VIKARABAD,03,BOMRASPET,1402012,LINGAMPALLE,,
15_3,VIKARABAD,03,BOMRASPET,1402008,MADANPALLE,,
15_3,VIKARABAD,03,BOMRASPET,1402010,METLAKUNTA,,
15_3,VIKARABAD,03,BOMRASPET,1402013,NAGIREDDIPALLE,,
15_3,VIKARABAD,03,BOMRASPET,1402011,NAMDARPUR,,
15_3,VIKARABAD,03,BOMRASPET,1402016,REGADMAILWAR,,
15_3,VIKARABAD,03,BOMRASPET,1402007,SALIMDAPUR,,
15_3,VIKARABAD,03,BOMRASPET,1402015,THIRUMALAPUR,,
15_3,VIKARABAD,03,BOMRASPET,1402004,THUNKUMETLA,,
15_3,VIKARABAD,03,BOMRASPET,1402002,WADICHERLA,,
15_3,VIKARABAD,03,BOMRASPET,1402001,YENKEPALLE,,
15_3,VIKARABAD,19,CHOWDAPUR,1528011,ADAVIVENKATAPUR,,
15_3,VIKARABAD,19,CHOWDAPUR,1528030,CHAKALPALLE,,
15_3,VIKARABAD,19,CHOWDAPUR,1528020,CHOWDAPUR,,
15_3,VIKARABAD,19,CHOWDAPUR,1528028,KANMANKALVA,,
15_3,VIKARABAD,19,CHOWDAPUR,1528024,KOTHAPALLE,,
15_3,VIKARABAD,19,CHOWDAPUR,1528010,LINGAMPALLE,,
15_3,VIKARABAD,19,CHOWDAPUR,1528029,MAGULLAPALLE,,
15_3,VIKARABAD,19,CHOWDAPUR,1528026,MALKAPUR,,
15_3,VIKARABAD,19,CHOWDAPUR,1528021,MANDIPAL,,
15_3,VIKARABAD,19,CHOWDAPUR,1528027,MARKAL,,
15_3,VIKARABAD,19,CHOWDAPUR,1528025,PURSAMPALLE,,
15_3,VIKARABAD,19,CHOWDAPUR,1528022,VEERAPUR,,
15_3,VIKARABAD,19,CHOWDAPUR,1528023,VENKATAPUR,,
15_3,VIKARABAD,19,CHOWDAPUR,1528019,VITTALAPUR,,
15_3,VIKARABAD,04,DHARUR,1520012,ALLAPUR,,
15_3,VIKARABAD,04,DHARUR,1520017,ALLIPUR,,
15_3,VIKARABAD,04,DHARUR,1520034,AMPALLE,,
15_3,VIKARABAD,04,DHARUR,1520032,ANTHARAM,,
15_3,VIKARABAD,04,DHARUR,1520020,BACHARAM,,
15_3,VIKARABAD,04,DHARUR,1520011,BURUGADDA,,
15_3,VIKARABAD,04,DHARUR,1520022,CHINTAKUNTA,,
15_3,VIKARABAD,04,DHARUR,1520004,DHARMAPUR,,
15_3,VIKARABAD,04,DHARUR,1520016,DHARUR,,
15_3,VIKARABAD,04,DHARUR,1520023,DORNAL,,
15_3,VIKARABAD,04,DHARUR,1520018,EBBANOOR,,
15_3,VIKARABAD,04,DHARUR,1520002,GANGARAM,,
15_3,VIKARABAD,04,DHARUR,1520014,GHATTEPALLE,,
15_3,VIKARABAD,04,DHARUR,1520035,GURUDOTLA,,
15_3,VIKARABAD,04,DHARUR,1520021,HARIDASPALLE,,
15_3,VIKARABAD,04,DHARUR,1520007,KACHARAM,,
15_3,VIKARABAD,04,DHARUR,1520019,KERELLY,,
15_3,VIKARABAD,04,DHARUR,1520027,KONDAPUR  KALAN,,
15_3,VIKARABAD,04,DHARUR,1520008,KONDAPUR KHURD,,
15_3,VIKARABAD,04,DHARUR,1520009,KUKINDA,,
15_3,VIKARABAD,04,DHARUR,1520024,KUMMAR PALLE,,
15_3,VIKARABAD,04,DHARUR,1520025,MAILARAM,,
15_3,VIKARABAD,04,DHARUR,1520038,MOMINKALAN,,
15_3,VIKARABAD,04,DHARUR,1520036,MOMINKHURD,,
15_3,VIKARABAD,04,DHARUR,1520033,NAGARAM,,
15_3,VIKARABAD,04,DHARUR,1520001,NAGASAMUNDAR,,
15_3,VIKARABAD,04,DHARUR,1520031,NAGSANPALLE,,
15_3,VIKARABAD,04,DHARUR,1520003,NARSAPUR,,
15_3,VIKARABAD,04,DHARUR,1520010,OUSAPALLE,,
15_3,VIKARABAD,04,DHARUR,1520037,RAJAPUR,,
15_3,VIKARABAD,04,DHARUR,1520013,RAMPUR,,
15_3,VIKARABAD,04,DHARUR,1520015,RUDRARAM,,
15_3,VIKARABAD,04,DHARUR,1520006,SOMARAM,,
15_3,VIKARABAD,04,DHARUR,1520026,THARIGOPUL,,
15_3,VIKARABAD,05,DOMA,1526021,AINAPUR,,
15_3,VIKARABAD,05,DOMA,1526024,ANANTHAREDDIPALLE,,
15_3,VIKARABAD,05,DOMA,1526010,BACHPALLE,,
15_3,VIKARABAD,05,DOMA,1526016,BADAMPALLE,,
15_3,VIKARABAD,05,DOMA,1526025,BATLA CHANDRARAM,,
15_3,VIKARABAD,05,DOMA,1526005,BOMPALLE,,
15_3,VIKARABAD,05,DOMA,1526014,BRAHMANPALLE,,
15_3,VIKARABAD,05,DOMA,1526001,BUDLAPUR,,
15_3,VIKARABAD,05,DOMA,1526027,DADAPUR,,
15_3,VIKARABAD,05,DOMA,1526022,DIRSAMPALLE,,
15_3,VIKARABAD,05,DOMA,1526011,DOMA,,
15_3,VIKARABAD,05,DOMA,1526008,DONGAYANKEPALLE,,
15_3,VIKARABAD,05,DOMA,1526009,DORNALPALLE,,
15_3,VIKARABAD,05,DOMA,1526015,GANJIPALLE,,
15_3,VIKARABAD,05,DOMA,1526007,GUDUR,,
15_3,VIKARABAD,05,DOMA,1526028,GUMDAL,,
15_3,VIKARABAD,05,DOMA,1526019,KHAMMAM NACHARAM,,
15_3,VIKARABAD,05,DOMA,1526002,KISHTAPUR,,
15_3,VIKARABAD,05,DOMA,1526023,KONDAIPALLE,,
15_3,VIKARABAD,05,DOMA,1526013,LINGANPALLE,,
15_3,VIKARABAD,05,DOMA,1526026,MALLEPALLE,,
15_3,VIKARABAD,05,DOMA,1526020,MOTHKUR,,
15_3,VIKARABAD,05,DOMA,1526004,OOTPALLE,,
15_3,VIKARABAD,05,DOMA,1526018,PALEPALLE,,
15_3,VIKARABAD,05,DOMA,1526003,POTHREDDYPALLE,,
15_3,VIKARABAD,05,DOMA,1526017,RAKONDA,,
15_3,VIKARABAD,05,DOMA,1526006,SIVAREDDIPALLE,,
15_3,VIKARABAD,05,DOMA,1526012,TIMMAIPALLE,,
15_3,VIKARABAD,06,DOULATABAD,1404017,ALLAPUR,,
15_3,VIKARABAD,06,DOULATABAD,1404014,ANTHWAR,,
15_3,VIKARABAD,06,DOULATABAD,1404015,BALAMPETA,,
15_3,VIKARABAD,06,DOULATABAD,1404013,BICHAL,,
15_3,VIKARABAD,06,DOULATABAD,1404021,CHALLAPUR,,
15_3,VIKARABAD,06,DOULATABAD,1404001,CHANDRAKAL,,
15_3,VIKARABAD,06,DOULATABAD,1404022,DEVARFASLAWAD,,
15_3,VIKARABAD,06,DOULATABAD,1404012,DOULATABAD,,
15_3,VIKARABAD,06,DOULATABAD,1404020,ERLAPALLE,,
15_3,VIKARABAD,06,DOULATABAD,1404019,GOKAPASALAWAD,,
15_3,VIKARABAD,06,DOULATABAD,1404016,GUNDEPALLE,,
15_3,VIKARABAD,06,DOULATABAD,1404010,IMDAPUR,,
15_3,VIKARABAD,06,DOULATABAD,1404005,KOWDEED,,
15_3,VIKARABAD,06,DOULATABAD,1404002,KUPPAGIRI,,
15_3,VIKARABAD,06,DOULATABAD,1404003,MATOOR,,
15_3,VIKARABAD,06,DOULATABAD,1404024,NAGASAR,,
15_3,VIKARABAD,06,DOULATABAD,1404006,NANDARAM,,
15_3,VIKARABAD,06,DOULATABAD,1404004,NEETUR,,
15_3,VIKARABAD,06,DOULATABAD,1404023,POLKAMPALLE,,
15_3,VIKARABAD,06,DOULATABAD,1404008,SALEEMPUR,,
15_3,VIKARABAD,06,DOULATABAD,1404026,SULTANPUR,,
15_3,VIKARABAD,06,DOULATABAD,1404009,SURAIPALLE,,
15_3,VIKARABAD,06,DOULATABAD,1404018,THIMMAREDDIPALLE,,
15_3,VIKARABAD,06,DOULATABAD,1404025,THIRUMALAPUR,,
15_3,VIKARABAD,06,DOULATABAD,1404011,YAMKI,,
15_3,VIKARABAD,20,DUDYAL,1402019,AMSANPALLE,,
15_3,VIKARABAD,20,DUDYAL,1402018,CHILMALMAILWAR,,
15_3,VIKARABAD,20,DUDYAL,1402023,DUDYAL,,
15_3,VIKARABAD,20,DUDYAL,1402025,ERLAPALLE,,
15_3,VIKARABAD,20,DUDYAL,1402022,GOURARAM,,
15_3,VIKARABAD,20,DUDYAL,1402026,HAKIMPETA,,
15_3,VIKARABAD,20,DUDYAL,1401009,HASNABAD,,
15_3,VIKARABAD,20,DUDYAL,1404007,KUDRIMALLA,,
15_3,VIKARABAD,20,DUDYAL,1402024,LAGCHERLA,,
15_3,VIKARABAD,20,DUDYAL,1402014,MACHANPALLE,,
15_3,VIKARABAD,20,DUDYAL,1402017,NAZKHANPALLE,,
15_3,VIKARABAD,20,DUDYAL,1402027,POLEPALLE,,
15_3,VIKARABAD,07,KODANGAL,1401013,ANGADI RAICHUR,,
15_3,VIKARABAD,07,KODANGAL,1401003,ANNARAM,,
15_3,VIKARABAD,07,KODANGAL,1401005,APPAIPALLE,,
15_3,VIKARABAD,07,KODANGAL,1401012,CHINNA NANDIGAM,,
15_3,VIKARABAD,07,KODANGAL,1401004,CHITLAPALLE,,
15_3,VIKARABAD,07,KODANGAL,1401016,GANDLEPALLE,,
15_3,VIKARABAD,07,KODANGAL,1401018,INDANOOR,,
15_3,VIKARABAD,07,KODANGAL,1401017,KASTOORPALLE,,
15_3,VIKARABAD,07,KODANGAL,1401007,KODANGAL,,
15_3,VIKARABAD,07,KODANGAL,1401002,NAGARAM,,
15_3,VIKARABAD,07,KODANGAL,1401008,PARSAPUR,,
15_3,VIKARABAD,07,KODANGAL,1401010,PEDDANANDIGAM,,
15_3,VIKARABAD,07,KODANGAL,1401011,PYALAMADDI,,
15_3,VIKARABAD,07,KODANGAL,1401019,RAVALPALLE,,
15_3,VIKARABAD,07,KODANGAL,1401001,RUDRARAM,,
15_3,VIKARABAD,07,KODANGAL,1401014,TEKALKODE,,
15_3,VIKARABAD,07,KODANGAL,1401006,UDIMESWAR,,
15_3,VIKARABAD,07,KODANGAL,1401015,UPPARPALLE,,
15_3,VIKARABAD,08,KOTEPALLY,1521007,BARWAD,,
15_3,VIKARABAD,08,KOTEPALLY,1521010,BEEROL,,
15_3,VIKARABAD,08,KOTEPALLY,1522016,DARYAPUR,,
15_3,VIKARABAD,08,KOTEPALLY,1522018,HEERAPUR,,
15_3,VIKARABAD,08,KOTEPALLY,1522014,INDOLE,,
15_3,VIKARABAD,08,KOTEPALLY,1521012,JINNARAM,,
15_3,VIKARABAD,08,KOTEPALLY,1521014,KANKANALAPALLE,,
15_3,VIKARABAD,08,KOTEPALLY,1521011,KAREEMPUR,,
15_3,VIKARABAD,08,KOTEPALLY,1521020,KOTHAPALLE,,
15_3,VIKARABAD,08,KOTEPALLY,1522017,KOTPALLE,,
15_3,VIKARABAD,08,KOTEPALLY,1521013,MALSHETPALLE,,
15_3,VIKARABAD,08,KOTEPALLY,1521017,MANNAPUR,,
15_3,VIKARABAD,08,KOTEPALLY,1521008,MOTHKUPALLE,,
15_3,VIKARABAD,08,KOTEPALLY,1521009,NAGSANPALLE,,
15_3,VIKARABAD,08,KOTEPALLY,1521015,RAMPUR,,
15_3,VIKARABAD,08,KOTEPALLY,1522015,VAGULAPUR,,
15_3,VIKARABAD,08,KOTEPALLY,1521016,YENKEPALLE,,
15_3,VIKARABAD,08,KOTEPALLY,1521018,YENNARAM,,
15_3,VIKARABAD,09,KULKACHARLA,1528009,ALLAPUR,,
15_3,VIKARABAD,09,KULKACHARLA,1528015,ALMASKHANPET,,
15_3,VIKARABAD,09,KULKACHARLA,1528017,ANANTHASAGAR,,
15_3,VIKARABAD,09,KULKACHARLA,1528014,ANTHARAM,,
15_3,VIKARABAD,09,KULKACHARLA,1528006,BANDAYELKACHERLA,,
15_3,VIKARABAD,09,KULKACHARLA,1528005,BOMREDDIPALLE,,
15_3,VIKARABAD,09,KULKACHARLA,1528001,CHELLAPUR,,
15_3,VIKARABAD,09,KULKACHARLA,1528003,GHANAPUR,,
15_3,VIKARABAD,09,KULKACHARLA,1528013,IPPAIPALLE,,
15_3,VIKARABAD,09,KULKACHARLA,1528004,KULKACHARLA,,
15_3,VIKARABAD,09,KULKACHARLA,1528018,KUSUMASAMUDRAM,,
15_3,VIKARABAD,09,KULKACHARLA,1528008,MUJAHIDPUR,,
15_3,VIKARABAD,09,KULKACHARLA,1528007,PEERAMPALLE,,
15_3,VIKARABAD,09,KULKACHARLA,1528016,PUTTAPAHAD,,
15_3,VIKARABAD,09,KULKACHARLA,1528002,SALVEED,,
15_3,VIKARABAD,09,KULKACHARLA,1528012,TIRUMALAPUR,,
15_3,VIKARABAD,10,MARPALLE,1501014,ALLAPUR,,
15_3,VIKARABAD,10,MARPALLE,1501005,BILKAL,,
15_3,VIKARABAD,10,MARPALLE,1501022,BUCHANPALLE,,
15_3,VIKARABAD,10,MARPALLE,1501023,DAMASTHAPUR,,
15_3,VIKARABAD,10,MARPALLE,1501011,DARGULPALLE,,
15_3,VIKARABAD,10,MARPALLE,1501002,GHANPUR,,
15_3,VIKARABAD,10,MARPALLE,1501008,GUNDLAMARPALLE,,
15_3,VIKARABAD,10,MARPALLE,1501001,JAMSHEDAPUR,,
15_3,VIKARABAD,10,MARPALLE,1501025,KALKODA,,
15_3,VIKARABAD,10,MARPALLE,1501004,KOMSHETPALLE,,
15_3,VIKARABAD,10,MARPALLE,1501018,KOTHLAPUR,,
15_3,VIKARABAD,10,MARPALLE,1501020,KOTMARPALLE,,
15_3,VIKARABAD,10,MARPALLE,1501021,KUDGUNTA,,
15_3,VIKARABAD,10,MARPALLE,1501006,MALLIKARJUNGIRI,,
15_3,VIKARABAD,10,MARPALLE,1501019,MARPALLE KALAN,,
15_3,VIKARABAD,10,MARPALLE,1501003,MOGILIGUNDLA,,
15_3,VIKARABAD,10,MARPALLE,1501010,NARSAPUR,,
15_3,VIKARABAD,10,MARPALLE,1501015,PANCHALINGAL,,
15_3,VIKARABAD,10,MARPALLE,1501012,PATLOOR,,
15_3,VIKARABAD,10,MARPALLE,1501026,PEDDAPUR,,
15_3,VIKARABAD,10,MARPALLE,1501007,PILLIGUNDLA,,
15_3,VIKARABAD,10,MARPALLE,1501013,RAMAPUR,,
15_3,VIKARABAD,10,MARPALLE,1501027,RAVALPALLE,,
15_3,VIKARABAD,10,MARPALLE,1501024,SHAPUR,,
15_3,VIKARABAD,10,MARPALLE,1501016,SIRPURA,,
15_3,VIKARABAD,10,MARPALLE,1501028,THIMMAPUR,,
15_3,VIKARABAD,10,MARPALLE,1501009,THUMMALAPALLE,,
15_3,VIKARABAD,10,MARPALLE,1501017,VEERLAPALLE,,
15_3,VIKARABAD,11,MOMINPET,1502004,AMRADIKALAN,,
15_3,VIKARABAD,11,MOMINPET,1502003,AMRADIKHURD,,
15_3,VIKARABAD,11,MOMINPET,1502009,BURUGUPALLE,,
15_3,VIKARABAD,11,MOMINPET,1502022,CHAKRAMPALLE,,
15_3,VIKARABAD,11,MOMINPET,1502023,CHEEMALDARI,,
15_3,VIKARABAD,11,MOMINPET,1502021,DEVARAMPALLE,,
15_3,VIKARABAD,11,MOMINPET,1502016,DURGAMCHERU,,
15_3,VIKARABAD,11,MOMINPET,1502019,GOVINDAPUR,,
15_3,VIKARABAD,11,MOMINPET,1502014,IZRACHETTEMPALLE,,
15_3,VIKARABAD,11,MOMINPET,1502008,KASLABAD,,
15_3,VIKARABAD,11,MOMINPET,1502015,KESARAM,,
15_3,VIKARABAD,11,MOMINPET,1502002,KOLKONDA,,
15_3,VIKARABAD,11,MOMINPET,1502005,MEKAVANAMPALLE,,
15_3,VIKARABAD,11,MOMINPET,1502010,MOMINPET,,
15_3,VIKARABAD,11,MOMINPET,1502011,MORANGAPALLE,,
15_3,VIKARABAD,11,MOMINPET,1502006,RALLAGUDPALLE,,
15_3,VIKARABAD,11,MOMINPET,1502018,RAMNATHGUDPALLE,,
15_3,VIKARABAD,11,MOMINPET,1502001,RAVALAPALLE,,
15_3,VIKARABAD,11,MOMINPET,1502013,SYEDALIPUR,,
15_3,VIKARABAD,11,MOMINPET,1502007,TEKULAPALLE,,
15_3,VIKARABAD,11,MOMINPET,1502017,VELCHAL,,
15_3,VIKARABAD,11,MOMINPET,1502020,YENKATHALA,,
15_3,VIKARABAD,11,MOMINPET,1502012,YENKEPALLE,,
15_3,VIKARABAD,12,NAWABPET,1503021,AKNAPUR,,
15_3,VIKARABAD,12,NAWABPET,1503004,ARKATHALA,,
15_3,VIKARABAD,12,NAWABPET,1503020,ATTAPUR,,
15_3,VIKARABAD,12,NAWABPET,1503019,CHINCHELPET,,
15_3,VIKARABAD,12,NAWABPET,1503018,CHITTIGIDDA,,
15_3,VIKARABAD,12,NAWABPET,1503015,DATHAPUR,,
15_3,VIKARABAD,12,NAWABPET,1503017,EKMAMIDI,,
15_3,VIKARABAD,12,NAWABPET,1503012,GANGEDA,,
15_3,VIKARABAD,12,NAWABPET,1503011,GUBBAD FATHEPUR,,
15_3,VIKARABAD,12,NAWABPET,1503002,KADCHARLA,,
15_3,VIKARABAD,12,NAWABPET,1503001,KOJJAVANAMPALLE,,
15_3,VIKARABAD,12,NAWABPET,1503013,LINGAMPALLE,,
15_3,VIKARABAD,12,NAWABPET,1503003,MADARAM,,
15_3,VIKARABAD,12,NAWABPET,1503008,MADIREDDIPALLE,,
15_3,VIKARABAD,12,NAWABPET,1503005,MEENAPALLEKALAN,,
15_3,VIKARABAD,12,NAWABPET,1503010,MUBARAKPUR,,
15_3,VIKARABAD,12,NAWABPET,1503016,NAWABPET,,
15_3,VIKARABAD,12,NAWABPET,1503022,POOLAPALLE,,
15_3,VIKARABAD,12,NAWABPET,1503014,PULUMAMIDI,,
15_3,VIKARABAD,12,NAWABPET,1503007,VATTIMINAPALLE,,
15_3,VIKARABAD,12,NAWABPET,1503006,YAVAPUR,,
15_3,VIKARABAD,12,NAWABPET,1503009,YELLAKONDA,,
15_3,VIKARABAD,13,PARGI,1529004,ANNARAM,,
15_3,VIKARABAD,13,PARGI,1529020,BABAPUR,,
15_3,VIKARABAD,13,PARGI,1529005,BARKATPALLE,,
15_3,VIKARABAD,13,PARGI,1529008,BASIREDDIPALLE,,
15_3,VIKARABAD,13,PARGI,1529013,CHIGRALPALLE,,
15_3,VIKARABAD,13,PARGI,1529032,CHITYAL,,
15_3,VIKARABAD,13,PARGI,1529016,GADSINGAPUR,,
15_3,VIKARABAD,13,PARGI,1529014,GOVINDAPUR,,
15_3,VIKARABAD,13,PARGI,1529037,HEERAPUR,,
15_3,VIKARABAD,13,PARGI,1529001,IBRAHIMPUR,,
15_3,VIKARABAD,13,PARGI,1529034,JAFFERPALLE,,
15_3,VIKARABAD,13,PARGI,1529026,KADLAPUR,,
15_3,VIKARABAD,13,PARGI,1529033,KHUDAVANPUR,,
15_3,VIKARABAD,13,PARGI,1529003,LAKHANAPUR,,
15_3,VIKARABAD,13,PARGI,1529028,MADHARAM,,
15_3,VIKARABAD,13,PARGI,1529015,MALKAIPET,,
15_3,VIKARABAD,13,PARGI,1529002,MITTAKODUR,,
15_3,VIKARABAD,13,PARGI,1529027,NAGULAPALLE,,
15_3,VIKARABAD,13,PARGI,1529023,NARAYANPUR,,
15_3,VIKARABAD,13,PARGI,1529006,NASKAL,,
15_3,VIKARABAD,13,PARGI,1529009,NAZEERABAD,,
15_3,VIKARABAD,13,PARGI,1529011,PARGI,,
15_3,VIKARABAD,13,PARGI,1529021,R00PKHANPET,,
15_3,VIKARABAD,13,PARGI,1529024,RAGHAVAPUR,,
15_3,VIKARABAD,13,PARGI,1529018,RAMREDDIPALLE,,
15_3,VIKARABAD,13,PARGI,1529017,RANGAMPALLE,,
15_3,VIKARABAD,13,PARGI,1529007,RANGAPUR,,
15_3,VIKARABAD,13,PARGI,1529029,RAPOLE,,
15_3,VIKARABAD,13,PARGI,1529035,RAVALPALLE,,
15_3,VIKARABAD,13,PARGI,1529012,RUKUMPALLE,,
15_3,VIKARABAD,13,PARGI,1529010,SHAKAPUR,,
15_3,VIKARABAD,13,PARGI,1529019,SONDEPUR,,
15_3,VIKARABAD,13,PARGI,1529022,SULTHANPUR,,
15_3,VIKARABAD,13,PARGI,1529025,SYEDMALKAPUR,,
15_3,VIKARABAD,13,PARGI,1529036,SYEDPALLE,,
15_3,VIKARABAD,13,PARGI,1529031,TONDAPALLE,,
15_3,VIKARABAD,13,PARGI,1529030,YABAJIGUDA,,
15_3,VIKARABAD,14,PEDDEMUL,1522002,ADKICHERLA,,
15_3,VIKARABAD,14,PEDDEMUL,1522008,ATHAKUR,,
15_3,VIKARABAD,14,PEDDEMUL,1522009,BAIRAMPALLE,,
15_3,VIKARABAD,14,PEDDEMUL,1522024,BUDDARAM,,
15_3,VIKARABAD,14,PEDDEMUL,1522021,DUGGAPUR,,
15_3,VIKARABAD,14,PEDDEMUL,1522028,GAZIPUR,,
15_3,VIKARABAD,14,PEDDEMUL,1522026,GIRMAPUR,,
15_3,VIKARABAD,14,PEDDEMUL,1522012,GOPALPUR,,
15_3,VIKARABAD,14,PEDDEMUL,1522027,GOTLAPALLE,,
15_3,VIKARABAD,14,PEDDEMUL,1522025,HANMAPUR,,
15_3,VIKARABAD,14,PEDDEMUL,1522010,INDOOR,,
15_3,VIKARABAD,14,PEDDEMUL,1522022,JANGOAN,,
15_3,VIKARABAD,14,PEDDEMUL,1522029,KANDANELLI,,
15_3,VIKARABAD,14,PEDDEMUL,1522023,KHANAPUR,,
15_3,VIKARABAD,14,PEDDEMUL,1522033,KONDAPUR,,
15_3,VIKARABAD,14,PEDDEMUL,1522034,MADANANTHAPUR,,
15_3,VIKARABAD,14,PEDDEMUL,1522031,MAMBAPUR,,
15_3,VIKARABAD,14,PEDDEMUL,1522020,MANSAMPALLE,,
15_3,VIKARABAD,14,PEDDEMUL,1522019,MARPALLE,,
15_3,VIKARABAD,14,PEDDEMUL,1522006,NAGULPALLE,,
15_3,VIKARABAD,14,PEDDEMUL,1522003,PASHAPUR,,
15_3,VIKARABAD,14,PEDDEMUL,1522011,PEDDEMUL,,
15_3,VIKARABAD,14,PEDDEMUL,1522001,RAMACHANDRAPUR,,
15_3,VIKARABAD,14,PEDDEMUL,1522004,RAMPUR,,
15_3,VIKARABAD,14,PEDDEMUL,1522032,REGONDI,,
15_3,VIKARABAD,14,PEDDEMUL,1522007,RUDRARAM,,
15_3,VIKARABAD,14,PEDDEMUL,1522030,RUKMAPUR,,
15_3,VIKARABAD,14,PEDDEMUL,1522005,TATTAPALLE,,
15_3,VIKARABAD,14,PEDDEMUL,1522013,THIMSANPALLE,,
15_3,VIKARABAD,15,PUDUR,1530006,ANGADICHITTAMPALLE,,
15_3,VIKARABAD,15,PUDUR,1530008,BAKAPUR,,
15_3,VIKARABAD,15,PUDUR,1530015,CHANGOMUL,,
15_3,VIKARABAD,15,PUDUR,1530010,CHEELAPUR,,
15_3,VIKARABAD,15,PUDUR,1530033,CHINTALAPALLE,,
15_3,VIKARABAD,15,PUDUR,1530011,GANGUPALLE,,
15_3,VIKARABAD,15,PUDUR,1530030,GHATPALLE,,
15_3,VIKARABAD,15,PUDUR,1530005,KANDLAPALLE,,
15_3,VIKARABAD,15,PUDUR,1530028,KANKAL,,
15_3,VIKARABAD,15,PUDUR,1530023,KERVELLI,,
15_3,VIKARABAD,15,PUDUR,1530027,KODMOOR,,
15_3,VIKARABAD,15,PUDUR,1530009,KOTHAPALLE,,
15_3,VIKARABAD,15,PUDUR,1530029,MANCHANPALLE,,
15_3,VIKARABAD,15,PUDUR,1530001,MANNEGUDA (PAIGAH),,
15_3,VIKARABAD,15,PUDUR,1530004,MANNEGUDA (SARECAS),,
15_3,VIKARABAD,15,PUDUR,1530019,MEDIKONDA,,
15_3,VIKARABAD,15,PUDUR,1530026,MEDIPALLE KALAN,,
15_3,VIKARABAD,15,PUDUR,1530003,MIRZAPUR,,
15_3,VIKARABAD,15,PUDUR,1530017,MITTAKANKAL,,
15_3,VIKARABAD,15,PUDUR,1530032,NIZAMPPET MEDIPALLE,,
15_3,VIKARABAD,15,PUDUR,1530025,PEDDAUMANTHAL,,
15_3,VIKARABAD,15,PUDUR,1530007,POTHIREDDIGUDA,,
15_3,VIKARABAD,15,PUDUR,1530034,PUDGURTHY,,
15_3,VIKARABAD,15,PUDUR,1530012,PUDUR,,
15_3,VIKARABAD,15,PUDUR,1530018,QUTHBULLAPUR,,
15_3,VIKARABAD,15,PUDUR,1530020,RAKAMCHERLA,,
15_3,VIKARABAD,15,PUDUR,1530016,REGADIMAMIDIPALLE,,
15_3,VIKARABAD,15,PUDUR,1530024,SIRGAIPALLE,,
15_3,VIKARABAD,15,PUDUR,1530022,SOMANGURTHY,,
15_3,VIKARABAD,15,PUDUR,1530014,THIMMAPUR,,
15_3,VIKARABAD,15,PUDUR,1530013,THIPPAPUR,,
15_3,VIKARABAD,15,PUDUR,1530021,THIRMALAPUR,,
15_3,VIKARABAD,15,PUDUR,1530031,TURKAYENKEPALLE,,
15_3,VIKARABAD,15,PUDUR,1530002,YENKEPALLE,,
15_3,VIKARABAD,16,TANDUR,1523020,ALLAPUR  .S.,,
15_3,VIKARABAD,16,TANDUR,1523023,ANTARAM BUZURG,,
15_3,VIKARABAD,16,TANDUR,1523017,BELKATUR,,
15_3,VIKARABAD,16,TANDUR,1523037,BIJWAR,,
15_3,VIKARABAD,16,TANDUR,1523038,BONKOOR,,
15_3,VIKARABAD,16,TANDUR,1523015,CHANDRAVANCHA,,
15_3,VIKARABAD,16,TANDUR,1523033,CHENGESHPUR,,
15_3,VIKARABAD,16,TANDUR,1523022,CHENGOLE,,
15_3,VIKARABAD,16,TANDUR,1523021,CHINTAMANIPATAM,,
15_3,VIKARABAD,16,TANDUR,1523016,CHITTIGHANAPUR,,
15_3,VIKARABAD,16,TANDUR,1523028,EERSHETPALLE,,
15_3,VIKARABAD,16,TANDUR,1523026,ELMAKANNA,,
15_3,VIKARABAD,16,TANDUR,1523007,GINGURTHY,,
15_3,VIKARABAD,16,TANDUR,1523030,GONUR,,
15_3,VIKARABAD,16,TANDUR,1523025,GOPANPALLE,,
15_3,VIKARABAD,16,TANDUR,1523024,GOUTAPUR,,
15_3,VIKARABAD,16,TANDUR,1523012,GUNTABACHPALLE,,
15_3,VIKARABAD,16,TANDUR,1523006,INOLE,,
15_3,VIKARABAD,16,TANDUR,1523008,JODANDAPUR,,
15_3,VIKARABAD,16,TANDUR,1523013,KARANKOTE,,
15_3,VIKARABAD,16,TANDUR,1523001,KHANJAMPUR,,
15_3,VIKARABAD,16,TANDUR,1523036,KHANJAPUR,,
15_3,VIKARABAD,16,TANDUR,1523032,KONAPUR,,
15_3,VIKARABAD,16,TANDUR,1523005,KOTBASPALLE,,
15_3,VIKARABAD,16,TANDUR,1523004,KOTHLAPUR KHURD,,
15_3,VIKARABAD,16,TANDUR,1523029,MACHANOOR,,
15_3,VIKARABAD,16,TANDUR,1523003,MALKAPUR,,
15_3,VIKARABAD,16,TANDUR,1523034,MALREDDIPALLE,,
15_3,VIKARABAD,16,TANDUR,1523011,MITTABACHPALLE,,
15_3,VIKARABAD,16,TANDUR,1523027,NARAYANPUR,,
15_3,VIKARABAD,16,TANDUR,1523014,OGIPUR,,
15_3,VIKARABAD,16,TANDUR,1523010,PARWATHAPUR,,
15_3,VIKARABAD,16,TANDUR,1523019,RAMPUR,,
15_3,VIKARABAD,16,TANDUR,1523002,SANGAM KALAN,,
15_3,VIKARABAD,16,TANDUR,1523035,SHAHIPUR,,
15_3,VIKARABAD,16,TANDUR,1523009,SHANKARREDDIPALLE,,
15_3,VIKARABAD,16,TANDUR,1523031,TANDUR (M),,
15_3,VIKARABAD,16,TANDUR,1523018,VEEREDPALLE,,
15_3,VIKARABAD,17,VIKARABAD,1519035,AINAPUR,,
15_3,VIKARABAD,17,VIKARABAD,1519009,ALAMPALLE,,
15_3,VIKARABAD,17,VIKARABAD,1519026,ANTHAGIRIPALLE,,
15_3,VIKARABAD,17,VIKARABAD,1519006,ATHVELLY,,
15_3,VIKARABAD,17,VIKARABAD,1519028,BURGUPALLE,,
15_3,VIKARABAD,17,VIKARABAD,1519020,BURHANPALLE,,
15_3,VIKARABAD,17,VIKARABAD,1520005,CHILTAMPALLE,,
15_3,VIKARABAD,17,VIKARABAD,1519021,DHANNARAM,,
15_3,VIKARABAD,17,VIKARABAD,1519034,DYACHARAM,,
15_3,VIKARABAD,17,VIKARABAD,1519027,GANGARAM,,
15_3,VIKARABAD,17,VIKARABAD,1519008,GIRGETPALLE,,
15_3,VIKARABAD,17,VIKARABAD,1520029,GODAMGUDA,,
15_3,VIKARABAD,17,VIKARABAD,1519032,GOTTIMUKLA,,
15_3,VIKARABAD,17,VIKARABAD,1519030,GUDPALLE,,
15_3,VIKARABAD,17,VIKARABAD,1519013,KAMAREDDIGUDA,,
15_3,VIKARABAD,17,VIKARABAD,1519007,KOMPALLE,,
15_3,VIKARABAD,17,VIKARABAD,1519010,KOTHAGADI,,
15_3,VIKARABAD,17,VIKARABAD,1519029,KOTREPALLE,,
15_3,VIKARABAD,17,VIKARABAD,1519025,MACHANPALLE,,
15_3,VIKARABAD,17,VIKARABAD,1519003,MADANPALLE,,
15_3,VIKARABAD,17,VIKARABAD,1519031,MADGUL CHITTEMPALLE,,
15_3,VIKARABAD,17,VIKARABAD,1519033,MADHARAM,,
15_3,VIKARABAD,17,VIKARABAD,1519002,MAILARDEVRAMPALLE,,
15_3,VIKARABAD,17,VIKARABAD,1519011,NARAYANPUR,,
15_3,VIKARABAD,17,VIKARABAD,1519014,PATHUR,,
15_3,VIKARABAD,17,VIKARABAD,1519001,PEELARAM,,
15_3,VIKARABAD,17,VIKARABAD,1519019,PEERAMPALLE,,
15_3,VIKARABAD,17,VIKARABAD,1519012,PENDLIMADGU,,
15_3,VIKARABAD,17,VIKARABAD,1519004,PHULMADDI,,
15_3,VIKARABAD,17,VIKARABAD,1519015,PULUSUMAMIDI,,
15_3,VIKARABAD,17,VIKARABAD,1519017,SIDLOOR (CHENCHELAM),,
15_3,VIKARABAD,17,VIKARABAD,1519016,SIDLOOR MUNGAL,,
15_3,VIKARABAD,17,VIKARABAD,1519018,SIDLOOR PAIGAH,,
15_3,VIKARABAD,17,VIKARABAD,1519022,SIVAREDDIPET,,
15_3,VIKARABAD,17,VIKARABAD,1520030,SURPANPALLE,,
15_3,VIKARABAD,17,VIKARABAD,1519024,VICARABAD  (M),,
15_3,VIKARABAD,17,VIKARABAD,1519023,YENNEPALLE,,
15_3,VIKARABAD,17,VIKARABAD,1519005,YRRAVALLY,,
15_3,VIKARABAD,17,VIKARABAD,1520028,ZAIDUPALLE,,
15_3,VIKARABAD,18,YELAL,1525011,ACHUTHAPUR,,
15_3,VIKARABAD,18,YELAL,1525007,ADHALIPUR,,
15_3,VIKARABAD,18,YELAL,1525001,AGNOOR,,
15_3,VIKARABAD,18,YELAL,1525020,AMBERPET,,
15_3,VIKARABAD,18,YELAL,1525013,ANNASAGAR,,
15_3,VIKARABAD,18,YELAL,1525008,BANAPUR,,
15_3,VIKARABAD,18,YELAL,1525021,BENNUR,,
15_3,VIKARABAD,18,YELAL,1525014,BHAGAIPALLE,,
15_3,VIKARABAD,18,YELAL,1525023,CHENNARAM,,
15_3,VIKARABAD,18,YELAL,1525033,DEVANOOR,,
15_3,VIKARABAD,18,YELAL,1525027,DOULAPUR,,
15_3,VIKARABAD,18,YELAL,1525009,GANGASAGAR,,
15_3,VIKARABAD,18,YELAL,1525028,GIRIJAPUR,,
15_3,VIKARABAD,18,YELAL,1525032,GOREPALLE,,
15_3,VIKARABAD,18,YELAL,1525018,HAJIPUR,,
15_3,VIKARABAD,18,YELAL,1525019,JAKKEPALLE,,
15_3,VIKARABAD,18,YELAL,1525026,JUNTPALLE,,
15_3,VIKARABAD,18,YELAL,1525006,KAMALAPUR,,
15_3,VIKARABAD,18,YELAL,1525031,KISHTAPUR,,
15_3,VIKARABAD,18,YELAL,1525003,KOKAT,,
15_3,VIKARABAD,18,YELAL,1525022,LAKSHMINARAYANAPUR,,
15_3,VIKARABAD,18,YELAL,1525004,MAZRASANGAM,,
15_3,VIKARABAD,18,YELAL,1525034,MUDDAIPET,,
15_3,VIKARABAD,18,YELAL,1525030,MUKUNDAPUR,,
15_3,VIKARABAD,18,YELAL,1525015,NAGASAMUDAR,,
15_3,VIKARABAD,18,YELAL,1525012,PAGDIAL,,
15_3,VIKARABAD,18,YELAL,1525025,PAYARKAMPALLE,,
15_3,VIKARABAD,18,YELAL,1525005,RAGHAPUR,,
15_3,VIKARABAD,18,YELAL,1525010,RASNAM,,
15_3,VIKARABAD,18,YELAL,1525002,RASOOLPUR,,
15_3,VIKARABAD,18,YELAL,1525029,THIMMAIPALLE,,
15_3,VIKARABAD,18,YELAL,1525016,VISWANATHPUR,,
15_3,VIKARABAD,18,YELAL,1525017,YELAL,,
15_3,VIKARABAD,18,YELAL,1525024,YENKAPALLE,,
16_1,HYDERABAD,00,HYDERABAD,1600001,HYDERABAD DIVISION,1607,HYDERABAD (R.O)
16_1,HYDERABAD,00,HYDERABAD,1600001,HYDERABAD DIVISION,1604,BANJARAHILLS (R.O)
16_1,HYDERABAD,00,HYDERABAD,1600001,HYDERABAD DIVISION,1608,CHARMINAR
16_1,HYDERABAD,00,HYDERABAD,1600001,HYDERABAD DIVISION,1611,S.R.NAGAR
16_1,HYDERABAD,00,HYDERABAD,1600001,HYDERABAD DIVISION,1602,CHIKKADPALLY
16_1,HYDERABAD,00,HYDERABAD,1600001,HYDERABAD DIVISION,1610,GOLCONDA
16_1,HYDERABAD,00,HYDERABAD,1600001,HYDERABAD DIVISION,1601,AZAMPURA
16_1,HYDERABAD,00,HYDERABAD,1600001,HYDERABAD DIVISION,1603,DOODHBOWLI
16_1,HYDERABAD,00,HYDERABAD,1600002,SECUNDERABAD DIVISION,1606,SECUNDERABAD
16_1,HYDERABAD,00,HYDERABAD,1600002,SECUNDERABAD DIVISION,1605,MAREDPALLY
16_1,HYDERABAD,00,HYDERABAD,1600003,CANTONMENT,1609,BOWENPALLY
17_1,MEDAK,01,ALLADURG,1707001,ALLADURG,,
17_1,MEDAK,01,ALLADURG,1707002,APPAJIPALLE,,
17_1,MEDAK,01,ALLADURG,1707007,BHAHIRANDIBBA,,
17_1,MEDAK,01,ALLADURG,1707008,CHEVELLA,,
17_1,MEDAK,01,ALLADURG,1707005,CHILEVER,,
17_1,MEDAK,01,ALLADURG,1707026,GADI PEDDAPUR,,
17_1,MEDAK,01,ALLADURG,1707022,KAIDAMPALLY,,
17_1,MEDAK,01,ALLADURG,1707004,MAHAMMADAPUR,,
17_1,MEDAK,01,ALLADURG,1707003,MUPPARAM,,
17_1,MEDAK,01,ALLADURG,1707006,MUSLAPUR,,
17_1,MEDAK,01,ALLADURG,1707021,RAMPUR,,
17_1,MEDAK,01,ALLADURG,1707023,REDDYPALLY,,
17_1,MEDAK,01,ALLADURG,1707025,SEETHANAGAR,,
17_1,MEDAK,01,ALLADURG,1707024,VENKATARAOPET,,
17_1,MEDAK,02,CHEGUNTA,1723015,ANANTHASAGAR,,
17_1,MEDAK,02,CHEGUNTA,1723009,BONAL,,
17_1,MEDAK,02,CHEGUNTA,1723024,CHANDAIPET,,
17_1,MEDAK,02,CHEGUNTA,1723020,CHEGUNTA,,
17_1,MEDAK,02,CHEGUNTA,1723022,CHINNA SHIVNOOR,,
17_1,MEDAK,02,CHEGUNTA,1723030,CHITTOJIPALLY,,
17_1,MEDAK,02,CHEGUNTA,1723013,GOLLAPALLE @ IMAMPUR,,
17_1,MEDAK,02,CHEGUNTA,1723006,IBRAHIMPUR,,
17_1,MEDAK,02,CHEGUNTA,1723029,KASANPALLE,,
17_1,MEDAK,02,CHEGUNTA,1723007,KISTAPUR,,
17_1,MEDAK,02,CHEGUNTA,1723010,KONDAOPUR[BONAL],,
17_1,MEDAK,02,CHEGUNTA,1723023,MAKKARAJPET,,
17_1,MEDAK,02,CHEGUNTA,1723025,PEDDA SHIVNOOR,,
17_1,MEDAK,02,CHEGUNTA,1723019,POLAMPALLE,,
17_1,MEDAK,02,CHEGUNTA,1723008,PULAMAMIDI,,
17_1,MEDAK,02,CHEGUNTA,1723014,RAMAPUR,,
17_1,MEDAK,02,CHEGUNTA,1723017,REDDIPALLE,,
17_1,MEDAK,02,CHEGUNTA,1723005,RUKMAPUR,,
17_1,MEDAK,02,CHEGUNTA,1723016,ULLI THIMMAIPALLE,,
17_1,MEDAK,02,CHEGUNTA,1723003,VALLABHAPUR,,
17_1,MEDAK,02,CHEGUNTA,1723021,WADIARAM,,
17_1,MEDAK,03,CHILIPCHED,1725022,AJJAMARRI,,
17_1,MEDAK,03,CHILIPCHED,1725021,BANDA POTHUGAL,,
17_1,MEDAK,03,CHILIPCHED,1725016,CHANDUR,,
17_1,MEDAK,03,CHILIPCHED,1725017,CHILIPCHED,,
17_1,MEDAK,03,CHILIPCHED,1725001,CHITKUL,,
17_1,MEDAK,03,CHILIPCHED,1725012,DASGUDA,,
17_1,MEDAK,03,CHILIPCHED,1725020,FAIZABAD,,
17_1,MEDAK,03,CHILIPCHED,1725023,GANGAVARAM,,
17_1,MEDAK,03,CHILIPCHED,1725014,GOUTHAPUR,,
17_1,MEDAK,03,CHILIPCHED,1725024,JAGGAMPET,,
17_1,MEDAK,03,CHILIPCHED,1725011,LINGARAOGUDA,,
17_1,MEDAK,03,CHILIPCHED,1725015,MANGALPALLE,,
17_1,MEDAK,03,CHILIPCHED,1725025,RAHIMGUDA,,
17_1,MEDAK,03,CHILIPCHED,1725013,RAMDASGUDA,,
17_1,MEDAK,03,CHILIPCHED,1725019,SERI FAIZABAD,,
17_1,MEDAK,03,CHILIPCHED,1725018,SOMAKKAPET,,
17_1,MEDAK,04,HAVELI GHANPUR,1711005,ANANTHASAGAR,,
17_1,MEDAK,04,HAVELI GHANPUR,1711023,AURANGABAD [U],,
17_1,MEDAK,04,HAVELI GHANPUR,1711013,BOGADA BHOOPATHIPUR,,
17_1,MEDAK,04,HAVELI GHANPUR,1711002,BURUGUPALLE,,
17_1,MEDAK,04,HAVELI GHANPUR,1711007,BYATHOLE,,
17_1,MEDAK,04,HAVELI GHANPUR,1711016,FAREEDPUR,,
17_1,MEDAK,04,HAVELI GHANPUR,1711006,GANGAPUR,,
17_1,MEDAK,04,HAVELI GHANPUR,1711010,HAVELIGHANPUR,,
17_1,MEDAK,04,HAVELI GHANPUR,1711019,KUCHANPALLE,,
17_1,MEDAK,04,HAVELI GHANPUR,1711008,LINGASANPALLE,,
17_1,MEDAK,04,HAVELI GHANPUR,1711014,MIRGUDPALLE,,
17_1,MEDAK,04,HAVELI GHANPUR,1711021,MUDULWAI,,
17_1,MEDAK,04,HAVELI GHANPUR,1711017,MUTHAIPALLE,,
17_1,MEDAK,04,HAVELI GHANPUR,1711003,NAGAPUR,,
17_1,MEDAK,04,HAVELI GHANPUR,1711001,RAJPET,,
17_1,MEDAK,04,HAVELI GHANPUR,1711015,SARDHANA,,
17_1,MEDAK,04,HAVELI GHANPUR,1711018,SERIKUCHANPALLE,,
17_1,MEDAK,04,HAVELI GHANPUR,1711009,SHALIPET,,
17_1,MEDAK,04,HAVELI GHANPUR,1711025,SHAMNAPUR,,
17_1,MEDAK,04,HAVELI GHANPUR,1711011,SUKLAPET,,
17_1,MEDAK,04,HAVELI GHANPUR,1711004,THIMMAIPALLE,,
17_1,MEDAK,04,HAVELI GHANPUR,1711012,THOGITA,,
17_1,MEDAK,05,KOWDIPALLE,1725027,ANTHARAM,,
17_1,MEDAK,05,KOWDIPALLE,1725002,BUJARAMPET,,
17_1,MEDAK,05,KOWDIPALLE,1725038,BURGU GADDA,,
17_1,MEDAK,05,KOWDIPALLE,1725005,DEVALPALLE,,
17_1,MEDAK,05,KOWDIPALLE,1725009,DHARMASAGAR,,
17_1,MEDAK,05,KOWDIPALLE,1725008,KANCHANPALLE,,
17_1,MEDAK,05,KOWDIPALLE,1725010,KANNAVARAM,,
17_1,MEDAK,05,KOWDIPALLE,1725036,KOTTALA,,
17_1,MEDAK,05,KOWDIPALLE,1725006,KOWDIPALLI,,
17_1,MEDAK,05,KOWDIPALLE,1725004,KUKATPALLE,,
17_1,MEDAK,05,KOWDIPALLE,1725037,LINGAMPALLY,,
17_1,MEDAK,05,KOWDIPALLE,1725028,MOHAMMEDNAGAR @ MUNIRAI,,
17_1,MEDAK,05,KOWDIPALLE,1725033,MUTRAJPALLE,,
17_1,MEDAK,05,KOWDIPALLE,1725030,NAGASANPALLE,,
17_1,MEDAK,05,KOWDIPALLE,1725039,PAMPALLY,,
17_1,MEDAK,05,KOWDIPALLE,1725031,RAJILAPUR,,
17_1,MEDAK,05,KOWDIPALLE,1725034,RAJPET,,
17_1,MEDAK,05,KOWDIPALLE,1725040,SADASIVPALLY,,
17_1,MEDAK,05,KOWDIPALLE,1725026,SALABATPUR,,
17_1,MEDAK,05,KOWDIPALLE,1725029,THIMMAPUR,,
17_1,MEDAK,05,KOWDIPALLE,1725032,THUNKI,,
17_1,MEDAK,05,KOWDIPALLE,1725003,VENKATAPUR,,
17_1,MEDAK,05,KOWDIPALLE,1725035,VENKATAPUR(R),,
17_1,MEDAK,05,KOWDIPALLE,1725007,YELMAKANNA,,
17_1,MEDAK,06,KULCHARAM,1710006,AMSANPALLE,,
17_1,MEDAK,06,KULCHARAM,1710002,APPAJIPALLE,,
17_1,MEDAK,06,KULCHARAM,1710001,CHINNAGHANPUR,,
17_1,MEDAK,06,KULCHARAM,1710020,ETIGADDA MOHMDAPUR,,
17_1,MEDAK,06,KULCHARAM,1710004,KISTAPUR,,
17_1,MEDAK,06,KULCHARAM,1710019,KONAPUR,,
17_1,MEDAK,06,KULCHARAM,1710008,KONGODE,,
17_1,MEDAK,06,KULCHARAM,1710012,KULCHARAM,,
17_1,MEDAK,06,KULCHARAM,1710007,NAINJALALPUR,,
17_1,MEDAK,06,KULCHARAM,1710018,PAITHARA,,
17_1,MEDAK,06,KULCHARAM,1710003,POTHAMSETTIPALLE,,
17_1,MEDAK,06,KULCHARAM,1710009,POTHIREDDIPALLE,,
17_1,MEDAK,06,KULCHARAM,1710005,RAMPUR,,
17_1,MEDAK,06,KULCHARAM,1710016,RANGAMPET,,
17_1,MEDAK,06,KULCHARAM,1710015,SANGAIPET,,
17_1,MEDAK,06,KULCHARAM,1710013,SERIVARIGUNTHAM,,
17_1,MEDAK,06,KULCHARAM,1710017,THUKKAPUR,,
17_1,MEDAK,06,KULCHARAM,1710010,TUMMALAPALLE,,
17_1,MEDAK,06,KULCHARAM,1710014,VARIGUNTHAM,,
17_1,MEDAK,06,KULCHARAM,1710011,VENKATAPUR,,
17_1,MEDAK,06,KULCHARAM,1710021,YENIGANDLA,,
17_1,MEDAK,07,MANOHARABAD,1743026,CHATLA  GOURARAM,,
17_1,MEDAK,07,MANOHARABAD,1743025,DHARMARAJPALLE,,
17_1,MEDAK,07,MANOHARABAD,1743030,JEEDIPALLE,,
17_1,MEDAK,07,MANOHARABAD,1743035,KALLAKAL,,
17_1,MEDAK,07,MANOHARABAD,1743027,KONAIPALLE[PATTI TUPRA],,
17_1,MEDAK,07,MANOHARABAD,1743032,KONDAPUR,,
17_1,MEDAK,07,MANOHARABAD,1743031,KUCHARAM,,
17_1,MEDAK,07,MANOHARABAD,1743021,LINGAREDDIPET,,
17_1,MEDAK,07,MANOHARABAD,1743028,MANOHARABAD,,
17_1,MEDAK,07,MANOHARABAD,1743033,MUPPIREDDIPALLE,,
17_1,MEDAK,07,MANOHARABAD,1743022,PALAT,,
17_1,MEDAK,07,MANOHARABAD,1742021,PARKIBANDA,,
17_1,MEDAK,07,MANOHARABAD,1742020,POTHARAM,,
17_1,MEDAK,07,MANOHARABAD,1743023,RAMAIPALLE,,
17_1,MEDAK,07,MANOHARABAD,1743034,RANGAIPALLE,,
17_1,MEDAK,07,MANOHARABAD,1743024,VENKATAPUR AGRAHARAM,,
17_1,MEDAK,21,MASAIPET,1724016,ACHAMPET,,
17_1,MEDAK,21,MASAIPET,1723027,CHETLA THIMMAIPALLI,,
17_1,MEDAK,21,MASAIPET,1724017,HAKIMPET,,
17_1,MEDAK,21,MASAIPET,1724021,KOPPULAPALLE,,
17_1,MEDAK,21,MASAIPET,1724019,LINGAREDDIPALLE,,
17_1,MEDAK,21,MASAIPET,1724020,MASAIPET,,
17_1,MEDAK,21,MASAIPET,1723028,POTHAMPALLE,,
17_1,MEDAK,21,MASAIPET,1723026,POTHAMSHETPALLE,,
17_1,MEDAK,21,MASAIPET,1724018,RAMANTHAPUR,,
17_1,MEDAK,08,MEDAK,1711024,AUSULPALLE,,
17_1,MEDAK,08,MEDAK,1711034,BALANAGAR,,
17_1,MEDAK,08,MEDAK,1711035,CHITYAL,,
17_1,MEDAK,08,MEDAK,1711032,KHAZIPALLE,,
17_1,MEDAK,08,MEDAK,1711031,KOMTOOR,,
17_1,MEDAK,08,MEDAK,1711028,MAGTA BHOOPATHIPUR,,
17_1,MEDAK,08,MEDAK,1711020,MAQDUMPUR,,
17_1,MEDAK,08,MEDAK,1711022,MEDAK NAGAR PANCHAYATH,,
17_1,MEDAK,08,MEDAK,1711030,PASHAPUR,,
17_1,MEDAK,08,MEDAK,1711026,PATHUR,,
17_1,MEDAK,08,MEDAK,1711037,PERUR,,
17_1,MEDAK,08,MEDAK,1711033,RAJPALLE,,
17_1,MEDAK,08,MEDAK,1711036,RAYALAMADUGU,,
17_1,MEDAK,08,MEDAK,1711027,RAYANPALLE,,
17_1,MEDAK,08,MEDAK,1711029,VENKATAPUR,,
17_1,MEDAK,09,NARSAPUR,1741017,ACHAMPET,,
17_1,MEDAK,09,NARSAPUR,1741003,ADMAPUR,,
17_1,MEDAK,09,NARSAPUR,1741001,AHMEDNAGAR,,
17_1,MEDAK,09,NARSAPUR,1741027,AWANCHA,,
17_1,MEDAK,09,NARSAPUR,1741015,BRAHMANPALLE,,
17_1,MEDAK,09,NARSAPUR,1741021,CHINNA CHINTAKUNTA,,
17_1,MEDAK,09,NARSAPUR,1741005,CHIPPALTURTHI,,
17_1,MEDAK,09,NARSAPUR,1741035,DHARMARAM,,
17_1,MEDAK,09,NARSAPUR,1741014,GOLLAPALLE,,
17_1,MEDAK,09,NARSAPUR,1741018,HANMANTHAPUR,,
17_1,MEDAK,09,NARSAPUR,1741002,IBRAHIMBAD,,
17_1,MEDAK,09,NARSAPUR,1741004,JAKKUPALLE,,
17_1,MEDAK,09,NARSAPUR,1741032,KAGAZMADDUR,,
17_1,MEDAK,09,NARSAPUR,1741011,KHAZIPET,,
17_1,MEDAK,09,NARSAPUR,1741031,KONDAPUR,,
17_1,MEDAK,09,NARSAPUR,1741016,LINGAPUR,,
17_1,MEDAK,09,NARSAPUR,1741029,MADAPUR,,
17_1,MEDAK,09,NARSAPUR,1741019,MALPARTHI,,
17_1,MEDAK,09,NARSAPUR,1741009,MANTHOOR,,
17_1,MEDAK,09,NARSAPUR,1741008,MOHAMMADABAD @ JANAKAMP,,
17_1,MEDAK,09,NARSAPUR,1741007,MOOSAPET,,
17_1,MEDAK,09,NARSAPUR,1741006,NAGULPALLE,,
17_1,MEDAK,09,NARSAPUR,1741033,NAIMATULLAGUDA,,
17_1,MEDAK,09,NARSAPUR,1741020,NARAYANPUR,,
17_1,MEDAK,09,NARSAPUR,1741030,NARSAPUR,,
17_1,MEDAK,09,NARSAPUR,1741034,NATHINOIPALLE,,
17_1,MEDAK,09,NARSAPUR,1741022,PEDDA CHINTAKUNTA,,
17_1,MEDAK,09,NARSAPUR,1741025,RAMACHANDRAPUR,,
17_1,MEDAK,09,NARSAPUR,1741010,REDDIPALLE,,
17_1,MEDAK,09,NARSAPUR,1741024,RUSTUMPET,,
17_1,MEDAK,09,NARSAPUR,1741023,SITARAMPUR,,
17_1,MEDAK,09,NARSAPUR,1741013,THIRMALAPUR,,
17_1,MEDAK,09,NARSAPUR,1741012,TUJALPUR,,
17_1,MEDAK,09,NARSAPUR,1741026,TULJARAMPET,,
17_1,MEDAK,09,NARSAPUR,1741028,YELLAPUR,,
17_1,MEDAK,10,NARSINGI,1723004,BHEEMRAOPALLE,,
17_1,MEDAK,10,NARSINGI,1723002,NARSAMPALLE,,
17_1,MEDAK,10,NARSINGI,1723001,NARSINGI,,
17_1,MEDAK,10,NARSINGI,1712002,SANKHAPUR,,
17_1,MEDAK,10,NARSINGI,1712006,SERIPALLE,,
17_1,MEDAK,10,NARSINGI,1723018,VALLOOR,,
17_1,MEDAK,10,NARSINGI,1712003,ZAPTHISHIVNUR,,
17_1,MEDAK,11,NIZAMPET,1713020,BACHURAJPALLE,,
17_1,MEDAK,11,NIZAMPET,1713014,CHELMEDA,,
17_1,MEDAK,11,NIZAMPET,1713017,KALWAKUNTA,,
17_1,MEDAK,11,NIZAMPET,1713013,NANDIGAON,,
17_1,MEDAK,11,NIZAMPET,1713019,NARLAPUR,,
17_1,MEDAK,11,NIZAMPET,1713015,NASKAL,,
17_1,MEDAK,11,NIZAMPET,1713016,NIZAMPET,,
17_1,MEDAK,11,NIZAMPET,1713018,VENKATAPUR,,
17_1,MEDAK,12,PAPANNAPET,1709015,ABLAPUR,,
17_1,MEDAK,12,PAPANNAPET,1709016,ANNARAM,,
17_1,MEDAK,12,PAPANNAPET,1709020,ARKELA,,
17_1,MEDAK,12,PAPANNAPET,1709022,BACHARAM,,
17_1,MEDAK,12,PAPANNAPET,1709002,CHEEKODE,,
17_1,MEDAK,12,PAPANNAPET,1709025,CHITRIYAL,,
17_1,MEDAK,12,PAPANNAPET,1709017,DOULAPUR,,
17_1,MEDAK,12,PAPANNAPET,1709024,ENKEPALLE,,
17_1,MEDAK,12,PAPANNAPET,1709011,GANDHARPALLE,,
17_1,MEDAK,12,PAPANNAPET,1709026,KODPAK,,
17_1,MEDAK,12,PAPANNAPET,1709001,KOMPALLE,,
17_1,MEDAK,12,PAPANNAPET,1709010,KOTHAPALLE,,
17_1,MEDAK,12,PAPANNAPET,1709008,KURTHIWADA,,
17_1,MEDAK,12,PAPANNAPET,1709003,LINGAIPALLE,,
17_1,MEDAK,12,PAPANNAPET,1709004,MALLAMPET,,
17_1,MEDAK,12,PAPANNAPET,1709007,MINPUR,,
17_1,MEDAK,12,PAPANNAPET,1709006,MUDDAPUR,,
17_1,MEDAK,12,PAPANNAPET,1709014,NAGSANPALLE,,
17_1,MEDAK,12,PAPANNAPET,1709023,NAMAPUR,,
17_1,MEDAK,12,PAPANNAPET,1709021,NARSINGI,,
17_1,MEDAK,12,PAPANNAPET,1709018,PAPANNAPET,,
17_1,MEDAK,12,PAPANNAPET,1709012,PODCHENPALLE,,
17_1,MEDAK,12,PAPANNAPET,1709005,RAMATHIRTHAM,,
17_1,MEDAK,12,PAPANNAPET,1709019,THIMMAIPALLE,,
17_1,MEDAK,12,PAPANNAPET,1709013,YELLAPOOR,,
17_1,MEDAK,12,PAPANNAPET,1709009,YOUSUFPET,,
17_1,MEDAK,13,RAMAYAMPET,1713008,AKKANNAPET,,
17_1,MEDAK,13,RAMAYAMPET,1713009,DAMARACHERUVU,,
17_1,MEDAK,13,RAMAYAMPET,1713001,DANTEPALLE,,
17_1,MEDAK,13,RAMAYAMPET,1713024,DONGAL DHARMARAM,,
17_1,MEDAK,13,RAMAYAMPET,1713007,JAMSING LINGAPUR,,
17_1,MEDAK,13,RAMAYAMPET,1713003,KATRIAL,,
17_1,MEDAK,13,RAMAYAMPET,1713011,KOMATIPALLE,,
17_1,MEDAK,13,RAMAYAMPET,1713012,KONAPUR,,
17_1,MEDAK,13,RAMAYAMPET,1713004,LAKSHMAPUR,,
17_1,MEDAK,13,RAMAYAMPET,1713002,PARVATHAPUR,,
17_1,MEDAK,13,RAMAYAMPET,1713010,RAMAYAMPET,,
17_1,MEDAK,13,RAMAYAMPET,1713021,RAYALAPUR,,
17_1,MEDAK,13,RAMAYAMPET,1713006,SADASIVNAGAR,,
17_1,MEDAK,13,RAMAYAMPET,1713023,SIVAIPALLE,,
17_1,MEDAK,13,RAMAYAMPET,1713022,SUTARPALLE,,
17_1,MEDAK,13,RAMAYAMPET,1713005,THONIGANDLA,,
17_1,MEDAK,14,REGODE,1705014,BURHANWADI,,
17_1,MEDAK,14,REGODE,1705003,CHOWDERPALLE,,
17_1,MEDAK,14,REGODE,1705012,DOSAPALLE,,
17_1,MEDAK,14,REGODE,1705019,GOJWADA,,
17_1,MEDAK,14,REGODE,1705008,JAGRIYAL,,
17_1,MEDAK,14,REGODE,1705013,KONDAPUR,,
17_1,MEDAK,14,REGODE,1705004,KOTHWALPALLE,,
17_1,MEDAK,14,REGODE,1705016,LINGAMPALLE,,
17_1,MEDAK,14,REGODE,1705002,MARPALLE,,
17_1,MEDAK,14,REGODE,1705001,POCHARAM,,
17_1,MEDAK,14,REGODE,1705015,PYARARAM,,
17_1,MEDAK,14,REGODE,1705009,R.ITIKYAL,,
17_1,MEDAK,14,REGODE,1705007,REGODE,,
17_1,MEDAK,14,REGODE,1705017,SINDOLE,,
17_1,MEDAK,14,REGODE,1705018,TATPALLE,,
17_1,MEDAK,14,REGODE,1705005,TIMMAPUR,,
17_1,MEDAK,14,REGODE,1705006,VENKATAPUR[MAKTHA],,
17_1,MEDAK,15,SHANKARAMPET(A),1706022,BADDARAM,,
17_1,MEDAK,15,SHANKARAMPET(A),1706025,BURUGUPALLE,,
17_1,MEDAK,15,SHANKARAMPET(A),1706004,CHEELAPALLE,,
17_1,MEDAK,15,SHANKARAMPET(A),1706002,CHINTAL LAKSHMAPUR,,
17_1,MEDAK,15,SHANKARAMPET(A),1706013,DANAMPALLE,,
17_1,MEDAK,15,SHANKARAMPET(A),1706023,GOTTIMUKKALA,,
17_1,MEDAK,15,SHANKARAMPET(A),1706009,JUKAL,,
17_1,MEDAK,15,SHANKARAMPET(A),1706019,KAMALAPUR,,
17_1,MEDAK,15,SHANKARAMPET(A),1706016,KOLLAPALLE,,
17_1,MEDAK,15,SHANKARAMPET(A),1706008,KOPPOLE,,
17_1,MEDAK,15,SHANKARAMPET(A),1706007,KOTHEPET,,
17_1,MEDAK,15,SHANKARAMPET(A),1706024,MAKTHA LAKSHMAPUR,,
17_1,MEDAK,15,SHANKARAMPET(A),1706021,MALKAPUR,,
17_1,MEDAK,15,SHANKARAMPET(A),1706014,MARSHETPALLE,,
17_1,MEDAK,15,SHANKARAMPET(A),1706015,MUSAPET,,
17_1,MEDAK,15,SHANKARAMPET(A),1706006,NARAYANAPALLE,,
17_1,MEDAK,15,SHANKARAMPET(A),1706011,RAMOJIPALLE,,
17_1,MEDAK,15,SHANKARAMPET(A),1706020,SHANKARAMPET[P] URBAN,,
17_1,MEDAK,15,SHANKARAMPET(A),1706012,SIVAIPALLE,,
17_1,MEDAK,15,SHANKARAMPET(A),1706001,TENKATI,,
17_1,MEDAK,15,SHANKARAMPET(A),1706018,THIRUMALAPUR,,
17_1,MEDAK,15,SHANKARAMPET(A),1706005,UTHLOOR,,
17_1,MEDAK,15,SHANKARAMPET(A),1706017,VENKATAPUR [KATELA],,
17_1,MEDAK,15,SHANKARAMPET(A),1706010,VIROJIPALLE,,
17_1,MEDAK,16,SHANKARAMPET(R),1712014,AMBAJIPET,,
17_1,MEDAK,16,SHANKARAMPET(R),1712016,CHANDAMPET,,
17_1,MEDAK,16,SHANKARAMPET(R),1712017,CHANDAPUR,,
17_1,MEDAK,16,SHANKARAMPET(R),1712020,DHARPALLE,,
17_1,MEDAK,16,SHANKARAMPET(R),1712009,GAJGATLAPALLE,,
17_1,MEDAK,16,SHANKARAMPET(R),1712013,GAVALPALLE,,
17_1,MEDAK,16,SHANKARAMPET(R),1712018,JANGRAI,,
17_1,MEDAK,16,SHANKARAMPET(R),1712007,KAMARAM,,
17_1,MEDAK,16,SHANKARAMPET(R),1712004,KASLAPUR,,
17_1,MEDAK,16,SHANKARAMPET(R),1712001,KHAJAPUR,,
17_1,MEDAK,16,SHANKARAMPET(R),1712010,KORIVIPALLE,,
17_1,MEDAK,16,SHANKARAMPET(R),1712008,MADUR,,
17_1,MEDAK,16,SHANKARAMPET(R),1712005,MIRZAPALLE,,
17_1,MEDAK,16,SHANKARAMPET(R),1712012,SHANKARAJ KONDAPUR,,
17_1,MEDAK,16,SHANKARAMPET(R),1712015,SHANKARAMPET[R],,
17_1,MEDAK,16,SHANKARAMPET(R),1712019,SURARAM,,
17_1,MEDAK,16,SHANKARAMPET(R),1712011,TURKALA MOHAMMEDAPUR,,
17_1,MEDAK,17,SHIVAMPET,1742002,ALLIPUR,,
17_1,MEDAK,17,SHIVAMPET,1742025,BEDDA GOTTIMUKKALA,,
17_1,MEDAK,17,SHIVAMPET,1742023,BIJILIPUR,,
17_1,MEDAK,17,SHIVAMPET,1742017,CHANDI,,
17_1,MEDAK,17,SHIVAMPET,1742030,CHANDI 2ND SERIAL,,
17_1,MEDAK,17,SHIVAMPET,1742026,CHENNAPUR,,
17_1,MEDAK,17,SHIVAMPET,1742015,CHINNAGOTTIMUKKALA,,
17_1,MEDAK,17,SHIVAMPET,1742031,CHINNAGOTTIMUKULA,,
17_1,MEDAK,17,SHIVAMPET,1742008,DONTHI,,
17_1,MEDAK,17,SHIVAMPET,1742010,EDULAPUR,,
17_1,MEDAK,17,SHIVAMPET,1742038,EDULLAPUR 2ND SERIAL,,
17_1,MEDAK,17,SHIVAMPET,1742019,GANGAIPALLE,,
17_1,MEDAK,17,SHIVAMPET,1742036,GANGAIPALLY 2ND SERIAL,,
17_1,MEDAK,17,SHIVAMPET,1742024,GOMARAM,,
17_1,MEDAK,17,SHIVAMPET,1742006,GUNDLAPALLE,,
17_1,MEDAK,17,SHIVAMPET,1742005,KONTHANPALLE,,
17_1,MEDAK,17,SHIVAMPET,1742037,KONTHANPALLY 2ND SERIAL,,
17_1,MEDAK,17,SHIVAMPET,1742012,KOTHAPET,,
17_1,MEDAK,17,SHIVAMPET,1742001,LINGOJIGUDA,,
17_1,MEDAK,17,SHIVAMPET,1742018,MAQDUMPUR,,
17_1,MEDAK,17,SHIVAMPET,1742027,NAWABPET,,
17_1,MEDAK,17,SHIVAMPET,1742003,PAMBANDA,,
17_1,MEDAK,17,SHIVAMPET,1742034,PEDDAGOTTIMUKULA 2ND SERIAL,,
17_1,MEDAK,17,SHIVAMPET,1742013,PILLUTLA,,
17_1,MEDAK,17,SHIVAMPET,1742004,POTHULA BOGUDA,,
17_1,MEDAK,17,SHIVAMPET,1742011,RATNAPOOR,,
17_1,MEDAK,17,SHIVAMPET,1742007,SHABASHPALLE,,
17_1,MEDAK,17,SHIVAMPET,1742016,SHIVAMPET,,
17_1,MEDAK,17,SHIVAMPET,1742029,SHIVAMPET 2ND SERIAL,,
17_1,MEDAK,17,SHIVAMPET,1742022,SIKINDLAPUR,,
17_1,MEDAK,17,SHIVAMPET,1742014,THIMMAPUR,,
17_1,MEDAK,17,SHIVAMPET,1742009,USIRIKAPALLE,,
17_1,MEDAK,18,TEKMAL,1708008,ACHANNAPALLE,,
17_1,MEDAK,18,TEKMAL,1708015,BARDIPUR,,
17_1,MEDAK,18,TEKMAL,1708002,BODAGET,,
17_1,MEDAK,18,TEKMAL,1708014,BODMATPALLE,,
17_1,MEDAK,18,TEKMAL,1708019,DADAIPALLE,,
17_1,MEDAK,18,TEKMAL,1708021,DANNURA,,
17_1,MEDAK,18,TEKMAL,1708011,EKLASPUR,,
17_1,MEDAK,18,TEKMAL,1708007,HASANMOHMADPALLE,,
17_1,MEDAK,18,TEKMAL,1708013,KADLOOR,,
17_1,MEDAK,18,TEKMAL,1708010,KORAMPALLE,,
17_1,MEDAK,18,TEKMAL,1708020,KUSANGI,,
17_1,MEDAK,18,TEKMAL,1708018,MALKAPUR,,
17_1,MEDAK,18,TEKMAL,1708016,PALVANCHA,,
17_1,MEDAK,18,TEKMAL,1708004,SHABAD,,
17_1,MEDAK,18,TEKMAL,1708005,TAMPLOOR,,
17_1,MEDAK,18,TEKMAL,1708012,TEKMAL,,
17_1,MEDAK,18,TEKMAL,1708009,YELKURTHI,,
17_1,MEDAK,18,TEKMAL,1708006,YELLAMPALLE,,
17_1,MEDAK,18,TEKMAL,1708003,YELLUPET,,
17_1,MEDAK,18,TEKMAL,1708001,YELUPUGONDA,,
17_1,MEDAK,19,TOOPRAN,1743020,ALLAPUR,,
17_1,MEDAK,19,TOOPRAN,1743015,BRAHMANAPALLE,,
17_1,MEDAK,19,TOOPRAN,1743005,DATARPALLE,,
17_1,MEDAK,19,TOOPRAN,1743018,GHANPUR,,
17_1,MEDAK,19,TOOPRAN,1743006,GUNDAREDDIPALLE,,
17_1,MEDAK,19,TOOPRAN,1743012,HUSSAINPUR,,
17_1,MEDAK,19,TOOPRAN,1743019,IMMAPUR,,
17_1,MEDAK,19,TOOPRAN,1743004,ISLAMPUR,,
17_1,MEDAK,19,TOOPRAN,1743002,JHANDAPALLE,,
17_1,MEDAK,19,TOOPRAN,1743010,KISTAPUR,,
17_1,MEDAK,19,TOOPRAN,1743008,KONAIPALLE [PATTIBEGAMP,,
17_1,MEDAK,19,TOOPRAN,1743007,MALKAPUR,,
17_1,MEDAK,19,TOOPRAN,1743029,MASJID PALLE [NK],,
17_1,MEDAK,19,TOOPRAN,1743003,NAGULAPALLE,,
17_1,MEDAK,19,TOOPRAN,1744001,NARSAMPALLE [PATTIVELLO,,
17_1,MEDAK,19,TOOPRAN,1743014,PADALPALLE,,
17_1,MEDAK,19,TOOPRAN,1743017,RAVELLI,,
17_1,MEDAK,19,TOOPRAN,1743013,TUPRAN,,
17_1,MEDAK,19,TOOPRAN,1743001,VATTUR,,
17_1,MEDAK,19,TOOPRAN,1743016,VENKATAPUR @ PATTITUPRA,,
17_1,MEDAK,19,TOOPRAN,1743009,VENKTAIPALLE,,
17_1,MEDAK,19,TOOPRAN,1743011,YAVAPUR,,
17_1,MEDAK,20,YELDURTHY,1724008,ANDUGULAPALLE,,
17_1,MEDAK,20,YELDURTHY,1724003,BANDAPOSANPALLE,,
17_1,MEDAK,20,YELDURTHY,1724001,DAMARANCHA,,
17_1,MEDAK,20,YELDURTHY,1724007,DHARMARAM,,
17_1,MEDAK,20,YELDURTHY,1724004,EDULAPALLE,,
17_1,MEDAK,20,YELDURTHY,1724012,ESVANTHARAOPET,,
17_1,MEDAK,20,YELDURTHY,1724022,HASTALPUR,,
17_1,MEDAK,20,YELDURTHY,1724006,KUKNOOR,,
17_1,MEDAK,20,YELDURTHY,1724009,MANEPALLE,,
17_1,MEDAK,20,YELDURTHY,1724010,MANGALPARTHY,,
17_1,MEDAK,20,YELDURTHY,1724011,MANNEVAR JALALPUR,,
17_1,MEDAK,20,YELDURTHY,1724015,MELLOR,,
17_1,MEDAK,20,YELDURTHY,1724014,PEDDAPUR,,
17_1,MEDAK,20,YELDURTHY,1724002,SETTIPALLE KALAN,,
17_1,MEDAK,20,YELDURTHY,1724005,UPPULINGAPUR,,
17_1,MEDAK,20,YELDURTHY,1724013,YELDURTHY,,
17_2,SANGAREDDY,01,AMEENPUR,1737026,AMEENAPUR,,
17_2,SANGAREDDY,01,AMEENPUR,1737025,ILAPUR,,
17_2,SANGAREDDY,01,AMEENPUR,1737007,KRISHTAREDDIPET,,
17_2,SANGAREDDY,01,AMEENPUR,1737024,PATELGUDA,,
17_2,SANGAREDDY,01,AMEENPUR,1737023,RENDLAGADDA,,
17_2,SANGAREDDY,01,AMEENPUR,1737006,SULTANPUR,,
17_2,SANGAREDDY,01,AMEENPUR,1737005,WADAKPALLE,,
17_2,SANGAREDDY,02,ANDOLE,1726015,AKSANPALLE,,
17_2,SANGAREDDY,02,ANDOLE,1726024,ALMAIPET,,
17_2,SANGAREDDY,02,ANDOLE,1726010,ANANTHASAGAR,,
17_2,SANGAREDDY,02,ANDOLE,1726022,ANDOLE,,
17_2,SANGAREDDY,02,ANDOLE,1726014,BRAHMANPALLE,,
17_2,SANGAREDDY,02,ANDOLE,1726006,CHINTAKUNTA,,
17_2,SANGAREDDY,02,ANDOLE,1726019,DAKOOR,,
17_2,SANGAREDDY,02,ANDOLE,1726011,DANAMPALLE,,
17_2,SANGAREDDY,02,ANDOLE,1726028,DANAMPALLY(A),,
17_2,SANGAREDDY,02,ANDOLE,1726020,JOGIPET,,
17_2,SANGAREDDY,02,ANDOLE,1726003,KANSANPALLE,,
17_2,SANGAREDDY,02,ANDOLE,1726005,KICHANAPALLE,,
17_2,SANGAREDDY,02,ANDOLE,1726017,KODEKAL,,
17_2,SANGAREDDY,02,ANDOLE,1726027,KONDAREDDIPALLE,,
17_2,SANGAREDDY,02,ANDOLE,1726008,MANSANPALLE,,
17_2,SANGAREDDY,02,ANDOLE,1726029,MASANPALLY,,
17_2,SANGAREDDY,02,ANDOLE,1726018,NADLAPUR,,
17_2,SANGAREDDY,02,ANDOLE,1726013,NEERDIGUNTA,,
17_2,SANGAREDDY,02,ANDOLE,1726009,POSANIPET,,
17_2,SANGAREDDY,02,ANDOLE,1726026,POTHAREDDIPALLE,,
17_2,SANGAREDDY,02,ANDOLE,1726004,RAMSANPALLE,,
17_2,SANGAREDDY,02,ANDOLE,1726007,ROLLAPAHAD,,
17_2,SANGAREDDY,02,ANDOLE,1726023,SAIBANPET,,
17_2,SANGAREDDY,02,ANDOLE,1726025,SANGUPET,,
17_2,SANGAREDDY,02,ANDOLE,1726002,SERIMALLAREDDIPALLE,,
17_2,SANGAREDDY,02,ANDOLE,1726016,TADAMANOOR,,
17_2,SANGAREDDY,02,ANDOLE,1726001,TALELMA,,
17_2,SANGAREDDY,02,ANDOLE,1726012,YERRARAM,,
17_2,SANGAREDDY,27,CHOWTAKUR,1733028,CHAKRIYAL,,
17_2,SANGAREDDY,27,CHOWTAKUR,1733015,CHOUTKUR,,
17_2,SANGAREDDY,27,CHOWTAKUR,1733027,GANGOJIPET,,
17_2,SANGAREDDY,27,CHOWTAKUR,1733023,KORPOLE,,
17_2,SANGAREDDY,27,CHOWTAKUR,1733024,LINGAMPALLE,,
17_2,SANGAREDDY,27,CHOWTAKUR,1733014,POSANIPALLE,,
17_2,SANGAREDDY,27,CHOWTAKUR,1733022,SARAFPALLE,,
17_2,SANGAREDDY,27,CHOWTAKUR,1733020,SERIRAMREDDIGUDA,,
17_2,SANGAREDDY,27,CHOWTAKUR,1733029,SIVAMPET,,
17_2,SANGAREDDY,27,CHOWTAKUR,1733021,SULTANPUR,,
17_2,SANGAREDDY,27,CHOWTAKUR,1733026,TADDANPALLE,,
17_2,SANGAREDDY,27,CHOWTAKUR,1733030,VENDIKOLE,,
17_2,SANGAREDDY,27,CHOWTAKUR,1733025,VENKATAKISTAPUR @ ANGAD,,
17_2,SANGAREDDY,03,GUMMADIDALA,1739013,ANNARAM,,
17_2,SANGAREDDY,03,GUMMADIDALA,1739006,ANTHARAM,,
17_2,SANGAREDDY,03,GUMMADIDALA,1739010,BONTHAPALLE,,
17_2,SANGAREDDY,03,GUMMADIDALA,1739008,DACHARAM,,
17_2,SANGAREDDY,03,GUMMADIDALA,1739011,DOMADUGU,,
17_2,SANGAREDDY,03,GUMMADIDALA,1739009,GUMMADIDALA,,
17_2,SANGAREDDY,03,GUMMADIDALA,1739007,KANKUNTA,,
17_2,SANGAREDDY,03,GUMMADIDALA,1739002,KOTHAPALLE,,
17_2,SANGAREDDY,03,GUMMADIDALA,1739001,LAKSHMAPUR,,
17_2,SANGAREDDY,03,GUMMADIDALA,1739005,MANDAPUR,,
17_2,SANGAREDDY,03,GUMMADIDALA,1739004,NALLAPALLE,,
17_2,SANGAREDDY,03,GUMMADIDALA,1739003,PYARANAGAR,,
17_2,SANGAREDDY,04,HATHNOOR,1740033,AKWANCHAGUDA,,
17_2,SANGAREDDY,04,HATHNOOR,1740021,BORPATLA,,
17_2,SANGAREDDY,04,HATHNOOR,1740024,CHANDAPUR,,
17_2,SANGAREDDY,04,HATHNOOR,1740004,CHEEKUMADDUR,,
17_2,SANGAREDDY,04,HATHNOOR,1740027,CHINTALCHERU,,
17_2,SANGAREDDY,04,HATHNOOR,1740013,DEVALPALLE,,
17_2,SANGAREDDY,04,HATHNOOR,1740014,DOULTABAD @ KOTHAPET,,
17_2,SANGAREDDY,04,HATHNOOR,1740008,GOVINDARAJUPALLE,,
17_2,SANGAREDDY,04,HATHNOOR,1740023,GUNDLA MACHANUR,,
17_2,SANGAREDDY,04,HATHNOOR,1740011,HATHNOORA,,
17_2,SANGAREDDY,04,HATHNOOR,1740012,KASAL,,
17_2,SANGAREDDY,04,HATHNOOR,1740029,KODAPAK,,
17_2,SANGAREDDY,04,HATHNOOR,1740005,KONIYAL,,
17_2,SANGAREDDY,04,HATHNOOR,1740003,LINGAPUR,,
17_2,SANGAREDDY,04,HATHNOOR,1740017,MACHERLA,,
17_2,SANGAREDDY,04,HATHNOOR,1740007,MADHURA @ MADHARAM,,
17_2,SANGAREDDY,04,HATHNOOR,1740019,MALKAPUR,,
17_2,SANGAREDDY,04,HATHNOOR,1740015,MANGAPUR,,
17_2,SANGAREDDY,04,HATHNOOR,1740030,NAGARAM,,
17_2,SANGAREDDY,04,HATHNOOR,1740009,NAGULDEVPALLE,,
17_2,SANGAREDDY,04,HATHNOOR,1740016,NASTIPUR,,
17_2,SANGAREDDY,04,HATHNOOR,1740022,PALAPNOOR,,
17_2,SANGAREDDY,04,HATHNOOR,1740006,PANYAL,,
17_2,SANGAREDDY,04,HATHNOOR,1740020,REDDIKHANAPUR,,
17_2,SANGAREDDY,04,HATHNOOR,1740032,ROYYAPALLE,,
17_2,SANGAREDDY,04,HATHNOOR,1740026,SADULLANAGAR,,
17_2,SANGAREDDY,04,HATHNOOR,1740001,SERI SIRPURA,,
17_2,SANGAREDDY,04,HATHNOOR,1740031,SHAIRKHANPALLE,,
17_2,SANGAREDDY,04,HATHNOOR,1740010,SIKANDARPUR,,
17_2,SANGAREDDY,04,HATHNOOR,1740002,SIRPURAM,,
17_2,SANGAREDDY,04,HATHNOOR,1740018,TAHERKHANPET,,
17_2,SANGAREDDY,04,HATHNOOR,1740025,TURKAL KHANAPUR,,
17_2,SANGAREDDY,04,HATHNOOR,1740028,YELLAMMAGUDA,,
17_2,SANGAREDDY,05,JHARASANGAM,1729035,ANANTHASAGAR,,
17_2,SANGAREDDY,05,JHARASANGAM,1729014,BARDIPUR,,
17_2,SANGAREDDY,05,JHARASANGAM,1729031,BIDEKANNA,,
17_2,SANGAREDDY,05,JHARASANGAM,1729017,BOPANPALLE,,
17_2,SANGAREDDY,05,JHARASANGAM,1729018,BOREGAON,,
17_2,SANGAREDDY,05,JHARASANGAM,1729024,CHILEMAMIDI,,
17_2,SANGAREDDY,05,JHARASANGAM,1729011,CHILEPALLE,,
17_2,SANGAREDDY,05,JHARASANGAM,1729034,CHILKEPALLE,,
17_2,SANGAREDDY,05,JHARASANGAM,1729025,DEVARAMPALLE,,
17_2,SANGAREDDY,05,JHARASANGAM,1729023,EDAKULAPALLE,,
17_2,SANGAREDDY,05,JHARASANGAM,1729032,EDULAPALLE,,
17_2,SANGAREDDY,05,JHARASANGAM,1729003,GANGAPUR,,
17_2,SANGAREDDY,05,JHARASANGAM,1729019,GINIAMARPALLE,,
17_2,SANGAREDDY,05,JHARASANGAM,1729033,GINIYARPALLE,,
17_2,SANGAREDDY,05,JHARASANGAM,1729022,ISLAMPUR,,
17_2,SANGAREDDY,05,JHARASANGAM,1729020,JEERLAPALLE,,
17_2,SANGAREDDY,05,JHARASANGAM,1729016,JHARASANGAM,,
17_2,SANGAREDDY,05,JHARASANGAM,1729021,JUNEGAON,,
17_2,SANGAREDDY,05,JHARASANGAM,1729010,KAKKERWADA,,
17_2,SANGAREDDY,05,JHARASANGAM,1729007,KAMALPALLE,,
17_2,SANGAREDDY,05,JHARASANGAM,1729006,KAPPAD,,
17_2,SANGAREDDY,05,JHARASANGAM,1729004,KOLLUR,,
17_2,SANGAREDDY,05,JHARASANGAM,1729030,KRISHNAPUR,,
17_2,SANGAREDDY,05,JHARASANGAM,1729015,KUPPANAGAR,,
17_2,SANGAREDDY,05,JHARASANGAM,1729029,MACHNOOR,,
17_2,SANGAREDDY,05,JHARASANGAM,1729027,MEDPALLE,,
17_2,SANGAREDDY,05,JHARASANGAM,1729008,NARSAPUR,,
17_2,SANGAREDDY,05,JHARASANGAM,1729013,POTPALLE,,
17_2,SANGAREDDY,05,JHARASANGAM,1729026,PYARAWARAM,,
17_2,SANGAREDDY,05,JHARASANGAM,1729028,RAMPUR,,
17_2,SANGAREDDY,05,JHARASANGAM,1729009,SANGAM [KHURD],,
17_2,SANGAREDDY,05,JHARASANGAM,1729001,SIDDAPUR,,
17_2,SANGAREDDY,05,JHARASANGAM,1729005,TUMMANPALLE,,
17_2,SANGAREDDY,05,JHARASANGAM,1729002,VANAMPALLE,,
17_2,SANGAREDDY,05,JHARASANGAM,1729012,YELGOI,,
17_2,SANGAREDDY,06,JINNARAM,1739020,AMDOOR,,
17_2,SANGAREDDY,06,JINNARAM,1739029,BOLLARAM,,
17_2,SANGAREDDY,06,JINNARAM,1739027,CHETLAPOTHARAM,,
17_2,SANGAREDDY,06,JINNARAM,1739012,GADDIPOTHARAM,,
17_2,SANGAREDDY,06,JINNARAM,1739015,JINNARAM,,
17_2,SANGAREDDY,06,JINNARAM,1739028,KHAZIPALLE,,
17_2,SANGAREDDY,06,JINNARAM,1739026,KISTAIPALLE,,
17_2,SANGAREDDY,06,JINNARAM,1739022,KODAKANCHI,,
17_2,SANGAREDDY,06,JINNARAM,1739030,KORLAKUNTA,,
17_2,SANGAREDDY,06,JINNARAM,1739025,MADHARAM,,
17_2,SANGAREDDY,06,JINNARAM,1739017,MANGAMPET,,
17_2,SANGAREDDY,06,JINNARAM,1739024,NALTHUR,,
17_2,SANGAREDDY,06,JINNARAM,1739018,OOTLA,,
17_2,SANGAREDDY,06,JINNARAM,1739016,PALEM,,
17_2,SANGAREDDY,06,JINNARAM,1739023,PUTTAGUDA,,
17_2,SANGAREDDY,06,JINNARAM,1739021,SIVANAGAR,,
17_2,SANGAREDDY,06,JINNARAM,1739019,SOLAKPALLE,,
17_2,SANGAREDDY,06,JINNARAM,1739014,VAILAL,,
17_2,SANGAREDDY,07,KALHER,1703014,BACHEPALLE,,
17_2,SANGAREDDY,07,KALHER,1703005,BIBIPET,,
17_2,SANGAREDDY,07,KALHER,1703006,FATHEPOOR,,
17_2,SANGAREDDY,07,KALHER,1703009,KALHER,,
17_2,SANGAREDDY,07,KALHER,1703012,KHANAPOOR [B],,
17_2,SANGAREDDY,07,KALHER,1703017,KHANAPUR[KADEEM],,
17_2,SANGAREDDY,07,KALHER,1703008,KRISHNAPOOR,,
17_2,SANGAREDDY,07,KALHER,1703011,MAHADEV PALLE,,
17_2,SANGAREDDY,07,KALHER,1703025,MALHARPOOR,,
17_2,SANGAREDDY,07,KALHER,1703007,MARDI,,
17_2,SANGAREDDY,07,KALHER,1703010,MASAN PALLE,,
17_2,SANGAREDDY,07,KALHER,1703015,MEERKHANPET,,
17_2,SANGAREDDY,07,KALHER,1703024,MUNGEPALLE,,
17_2,SANGAREDDY,07,KALHER,1703023,NAGDHAR,,
17_2,SANGAREDDY,07,KALHER,1703013,RAMREDDI PET,,
17_2,SANGAREDDY,07,KALHER,1703016,RAPARTHY,,
17_2,SANGAREDDY,08,KANDI,1736010,ARUTLA,,
17_2,SANGAREDDY,08,KANDI,1736012,BYATHOLE,,
17_2,SANGAREDDY,08,KANDI,1736025,CHERIYAL,,
17_2,SANGAREDDY,08,KANDI,1736011,CHIDRUPPA,,
17_2,SANGAREDDY,08,KANDI,1736027,EDDUMAILARAM,,
17_2,SANGAREDDY,08,KANDI,1736013,ERDANOOR,,
17_2,SANGAREDDY,08,KANDI,1736026,INDRAKARAN,,
17_2,SANGAREDDY,08,KANDI,1736028,JULKAL,,
17_2,SANGAREDDY,08,KANDI,1736023,KALVEMULA,,
17_2,SANGAREDDY,08,KANDI,1736016,KANDI,,
17_2,SANGAREDDY,08,KANDI,1736031,KANDIREDDYGUDEM,,
17_2,SANGAREDDY,08,KANDI,1736024,KASIPUR,,
17_2,SANGAREDDY,08,KANDI,1736015,KOULAMPET,,
17_2,SANGAREDDY,08,KANDI,1736022,MAKTHAALLOOR,,
17_2,SANGAREDDY,08,KANDI,1736014,MAMIDIPALLE,,
17_2,SANGAREDDY,08,KANDI,1736029,TOPGONDA,,
17_2,SANGAREDDY,08,KANDI,1736021,UTHARPALLE,,
17_2,SANGAREDDY,09,KANGTI,1702014,BBHEEMRA,,
17_2,SANGAREDDY,09,KANGTI,1702019,BHANSWADA,,
17_2,SANGAREDDY,09,KANGTI,1702034,BHEEMRA,,
17_2,SANGAREDDY,09,KANGTI,1702003,BORGI,,
17_2,SANGAREDDY,09,KANGTI,1702004,CHAPTA [B],,
17_2,SANGAREDDY,09,KANGTI,1702012,CHAPTA [KHURD],,
17_2,SANGAREDDY,09,KANGTI,1702002,CHOWKANPALLE,,
17_2,SANGAREDDY,09,KANGTI,1702020,DAMARAGIDDI [PANCHAMAHA,,
17_2,SANGAREDDY,09,KANGTI,1702001,DEGULAWADI,,
17_2,SANGAREDDY,09,KANGTI,1702028,ENKEMORI,,
17_2,SANGAREDDY,09,KANGTI,1702017,GAJULPAHAD,,
17_2,SANGAREDDY,09,KANGTI,1702005,GHANPUR,,
17_2,SANGAREDDY,09,KANGTI,1702007,JAMGIBURG,,
17_2,SANGAREDDY,09,KANGTI,1702006,JAMGIKHURD,,
17_2,SANGAREDDY,09,KANGTI,1702013,KANGTI,,
17_2,SANGAREDDY,09,KANGTI,1702011,MURKUNJAL,,
17_2,SANGAREDDY,09,KANGTI,1702022,NAGANPALLE,,
17_2,SANGAREDDY,09,KANGTI,1702025,NAGOOR [B],,
17_2,SANGAREDDY,09,KANGTI,1702026,NAGOOR [K],,
17_2,SANGAREDDY,09,KANGTI,1702024,RAMATHIRATH,,
17_2,SANGAREDDY,09,KANGTI,1702018,RASOLE,,
17_2,SANGAREDDY,09,KANGTI,1702027,SIDHANGARGA,,
17_2,SANGAREDDY,09,KANGTI,1702016,SUKALTEERTH,,
17_2,SANGAREDDY,09,KANGTI,1702010,TADKAL,,
17_2,SANGAREDDY,09,KANGTI,1702015,TURKWADGAON,,
17_2,SANGAREDDY,09,KANGTI,1702009,VALMOOR,,
17_2,SANGAREDDY,09,KANGTI,1702008,YAMPALLE,,
17_2,SANGAREDDY,10,KOHIR,1731020,BADAMPET,,
17_2,SANGAREDDY,10,KOHIR,1731018,BILALPUR,,
17_2,SANGAREDDY,10,KOHIR,1731026,BILALPUR JUJE KOHIR,,
17_2,SANGAREDDY,10,KOHIR,1731028,BODISHETPALLY JUJE KOHIR,,
17_2,SANGAREDDY,10,KOHIR,1731004,CHINTHALGHAT,,
17_2,SANGAREDDY,10,KOHIR,1731002,DIGWAL,,
17_2,SANGAREDDY,10,KOHIR,1731022,GODGAR PALLEPATTIIKOHIR,,
17_2,SANGAREDDY,10,KOHIR,1731011,GURJUWADA,,
17_2,SANGAREDDY,10,KOHIR,1731025,JEERLAPALLY JUJE KOHIR,,
17_2,SANGAREDDY,10,KOHIR,1731003,KAVELLI,,
17_2,SANGAREDDY,10,KOHIR,1731015,KHANAPUR,,
17_2,SANGAREDDY,10,KOHIR,1731009,KOHIR,,
17_2,SANGAREDDY,10,KOHIR,1731005,KOTHUR PATTI DIGWAL,,
17_2,SANGAREDDY,10,KOHIR,1731016,KOTHUR PATTIKOHIR,,
17_2,SANGAREDDY,10,KOHIR,1731013,MACHREDDIPALLE,,
17_2,SANGAREDDY,10,KOHIR,1731001,MADRI,,
17_2,SANGAREDDY,10,KOHIR,1731019,MANIYARPALLE,,
17_2,SANGAREDDY,10,KOHIR,1731008,NAGIREDDY PALLE,,
17_2,SANGAREDDY,10,KOHIR,1731017,PAIDIGUMMAL,,
17_2,SANGAREDDY,10,KOHIR,1731021,PARSAPALLE,,
17_2,SANGAREDDY,10,KOHIR,1731024,PERADI.NOS.KOHIR,,
17_2,SANGAREDDY,10,KOHIR,1731012,PICHARAGAD,,
17_2,SANGAREDDY,10,KOHIR,1731007,POTHIREDDYPALLE,,
17_2,SANGAREDDY,10,KOHIR,1731027,RAJANELLY JUJE KOHIR,,
17_2,SANGAREDDY,10,KOHIR,1731010,RAJNELLI,,
17_2,SANGAREDDY,10,KOHIR,1731014,SAJJAPUR,,
17_2,SANGAREDDY,10,KOHIR,1731023,SIDDAPUR PATTIKOHIR,,
17_2,SANGAREDDY,10,KOHIR,1731006,VENKATAPUR,,
17_2,SANGAREDDY,11,KONDAPUR,1735002,ALIABAD,,
17_2,SANGAREDDY,11,KONDAPUR,1735015,ANANTHASAGAR,,
17_2,SANGAREDDY,11,KONDAPUR,1735020,CHIKONAPUR,,
17_2,SANGAREDDY,11,KONDAPUR,1735022,GADIMALKAPURAM,,
17_2,SANGAREDDY,11,KONDAPUR,1735018,GANGARAM,,
17_2,SANGAREDDY,11,KONDAPUR,1735001,GARAKURTHI,,
17_2,SANGAREDDY,11,KONDAPUR,1735004,GIRMAPUR,,
17_2,SANGAREDDY,11,KONDAPUR,1735010,GOLLAPALLE,,
17_2,SANGAREDDY,11,KONDAPUR,1735008,GOPLARAM[KURD],,
17_2,SANGAREDDY,11,KONDAPUR,1735009,GUNTHAPALLE,,
17_2,SANGAREDDY,11,KONDAPUR,1735012,HARIDASPUR,,
17_2,SANGAREDDY,11,KONDAPUR,1735013,KONDAPUR,,
17_2,SANGAREDDY,11,KONDAPUR,1735006,KUTUBSHAPET,,
17_2,SANGAREDDY,11,KONDAPUR,1735017,MACHEPALLE,,
17_2,SANGAREDDY,11,KONDAPUR,1735005,MALKAPUR,,
17_2,SANGAREDDY,11,KONDAPUR,1735007,MALLEPALLE,,
17_2,SANGAREDDY,11,KONDAPUR,1735023,MANSANIPALLE,,
17_2,SANGAREDDY,11,KONDAPUR,1735014,MAREPALLE,,
17_2,SANGAREDDY,11,KONDAPUR,1735019,MOHAMMADAPUR,,
17_2,SANGAREDDY,11,KONDAPUR,1735021,MUNIDEVUNIPALLE,,
17_2,SANGAREDDY,11,KONDAPUR,1735016,SAIDAPUR,,
17_2,SANGAREDDY,11,KONDAPUR,1735011,TERPOLE,,
17_2,SANGAREDDY,11,KONDAPUR,1735003,TOGURPALLE,,
17_2,SANGAREDDY,12,MANOOR,1701033,ATHIMAIL,,
17_2,SANGAREDDY,12,MANOOR,1701032,BADALGAON,,
17_2,SANGAREDDY,12,MANOOR,1701034,BELLAPUR,,
17_2,SANGAREDDY,12,MANOOR,1701041,BORANCHA,,
17_2,SANGAREDDY,12,MANOOR,1701042,DANVAR,,
17_2,SANGAREDDY,12,MANOOR,1701025,DAVVUR,,
17_2,SANGAREDDY,12,MANOOR,1701027,DOSAPALLE,,
17_2,SANGAREDDY,12,MANOOR,1701038,DUDHAGONDA,,
17_2,SANGAREDDY,12,MANOOR,1701037,GATLINGAMPALLE,,
17_2,SANGAREDDY,12,MANOOR,1701043,ISLAMPUR,,
17_2,SANGAREDDY,12,MANOOR,1701023,KAMALAPUR,,
17_2,SANGAREDDY,12,MANOOR,1701035,MAIKODE,,
17_2,SANGAREDDY,12,MANOOR,1701026,MANOOR,,
17_2,SANGAREDDY,12,MANOOR,1701047,MOGUDAMPUR,,
17_2,SANGAREDDY,12,MANOOR,1701040,MUGDUMPUR,,
17_2,SANGAREDDY,12,MANOOR,1701030,NADIGADDA HUKRANA,,
17_2,SANGAREDDY,12,MANOOR,1701048,OUTPALLY,,
17_2,SANGAREDDY,12,MANOOR,1701031,PULKURTHY,,
17_2,SANGAREDDY,12,MANOOR,1701044,RAIPALLE,,
17_2,SANGAREDDY,12,MANOOR,1701036,RANAPUR,,
17_2,SANGAREDDY,12,MANOOR,1701049,SERIDAMARGIDDA,,
17_2,SANGAREDDY,12,MANOOR,1701022,SHELGERA,,
17_2,SANGAREDDY,12,MANOOR,1701029,THORNAL,,
17_2,SANGAREDDY,12,MANOOR,1701024,TIMMAPUR,,
17_2,SANGAREDDY,12,MANOOR,1701050,TUMNOOR,,
17_2,SANGAREDDY,12,MANOOR,1701039,TUMUR,,
17_2,SANGAREDDY,12,MANOOR,1701045,USIRKAPALLE,,
17_2,SANGAREDDY,12,MANOOR,1701009,YARRIBOGUDA,,
17_2,SANGAREDDY,12,MANOOR,1701028,YELGOI,,
17_2,SANGAREDDY,13,MOGUDAMPALLY,1730014,ASADGUNJ,,
17_2,SANGAREDDY,13,MOGUDAMPALLY,1730020,AURANGANAGAR,,
17_2,SANGAREDDY,13,MOGUDAMPALLY,1730018,DHANASIRI,,
17_2,SANGAREDDY,13,MOGUDAMPALLY,1730016,GODEGARPALLE [PATTI DHA,,
17_2,SANGAREDDY,13,MOGUDAMPALLY,1730015,GOPANPALLE,,
17_2,SANGAREDDY,13,MOGUDAMPALLY,1730021,GOUSABAD,,
17_2,SANGAREDDY,13,MOGUDAMPALLY,1730019,GUDPALLE,,
17_2,SANGAREDDY,13,MOGUDAMPALLY,1730023,IPPEPALLE,,
17_2,SANGAREDDY,13,MOGUDAMPALLY,1730017,KHAN JAMALAPUR,,
17_2,SANGAREDDY,13,MOGUDAMPALLY,1730001,MADGI,,
17_2,SANGAREDDY,13,MOGUDAMPALLY,1730037,MALKAPURJADI,,
17_2,SANGAREDDY,13,MOGUDAMPALLY,1730024,MANNAPUR,,
17_2,SANGAREDDY,13,MOGUDAMPALLY,1730022,MOGDAMPALLE,,
17_2,SANGAREDDY,13,MOGUDAMPALLY,1730035,PARVATHAPUR,,
17_2,SANGAREDDY,13,MOGUDAMPALLY,1730025,RAIPALLE [P.D],,
17_2,SANGAREDDY,13,MOGUDAMPALLY,1730036,SARJARAOPET,,
17_2,SANGAREDDY,14,MUNIPALLY,1732013,ALLAPURAM,,
17_2,SANGAREDDY,14,MUNIPALLY,1732019,ANTHARAM,,
17_2,SANGAREDDY,14,MUNIPALLY,1732003,BELUR,,
17_2,SANGAREDDY,14,MUNIPALLY,1732016,BHUSAREDDIPALLE,,
17_2,SANGAREDDY,14,MUNIPALLY,1732021,BODISHETPALLE,,
17_2,SANGAREDDY,14,MUNIPALLY,1732011,BODPALLE,,
17_2,SANGAREDDY,14,MUNIPALLY,1732031,BUDHERA,,
17_2,SANGAREDDY,14,MUNIPALLY,1732002,CHILEPALLE,,
17_2,SANGAREDDY,14,MUNIPALLY,1732008,CHINNA LONI,,
17_2,SANGAREDDY,14,MUNIPALLY,1732018,CHINNACHELMEDA,,
17_2,SANGAREDDY,14,MUNIPALLY,1732007,GARLAPALLE,,
17_2,SANGAREDDY,14,MUNIPALLY,1732027,GORREGHAT,,
17_2,SANGAREDDY,14,MUNIPALLY,1732017,HYDLAPOOR,,
17_2,SANGAREDDY,14,MUNIPALLY,1732032,IBRAHIMPUR,,
17_2,SANGAREDDY,14,MUNIPALLY,1732004,KALLAPALLE,,
17_2,SANGAREDDY,14,MUNIPALLY,1732030,KANKOLE,,
17_2,SANGAREDDY,14,MUNIPALLY,1732023,KHAMMAMPALLE,,
17_2,SANGAREDDY,14,MUNIPALLY,1732029,LINGAMPALLE,,
17_2,SANGAREDDY,14,MUNIPALLY,1732006,MAKTHAKESARAM,,
17_2,SANGAREDDY,14,MUNIPALLY,1732014,MALLIKARJUNPALLE,,
17_2,SANGAREDDY,14,MUNIPALLY,1732010,MANSANPALLE,,
17_2,SANGAREDDY,14,MUNIPALLY,1732022,MELASANGAM,,
17_2,SANGAREDDY,14,MUNIPALLY,1732028,MOQDUMPALLE,,
17_2,SANGAREDDY,14,MUNIPALLY,1732025,MUNPALLE,,
17_2,SANGAREDDY,14,MUNIPALLY,1732020,PEDDA CHELMEDA,,
17_2,SANGAREDDY,14,MUNIPALLY,1732026,PEDDA GOPALARAM,,
17_2,SANGAREDDY,14,MUNIPALLY,1732001,PEDDA LONI,,
17_2,SANGAREDDY,14,MUNIPALLY,1732024,POLKAMPALLE,,
17_2,SANGAREDDY,14,MUNIPALLY,1732009,TATIPALLE,,
17_2,SANGAREDDY,14,MUNIPALLY,1732012,THAKKADPALLE,,
17_2,SANGAREDDY,15,NAGALGIDDA,1701002,AUDATHPUR,,
17_2,SANGAREDDY,15,NAGALGIDDA,1701006,ENEKPALLE,,
17_2,SANGAREDDY,15,NAGALGIDDA,1701046,ERRABOGUDA,,
17_2,SANGAREDDY,15,NAGALGIDDA,1701005,ERRAKIPALLE,,
17_2,SANGAREDDY,15,NAGALGIDDA,1701011,GONDAGAON,,
17_2,SANGAREDDY,15,NAGALGIDDA,1701001,GOUDGAON JANWADA,,
17_2,SANGAREDDY,15,NAGALGIDDA,1701017,GUDUR,,
17_2,SANGAREDDY,15,NAGALGIDDA,1701004,KARSGUTTI,,
17_2,SANGAREDDY,15,NAGALGIDDA,1701018,KESWAR,,
17_2,SANGAREDDY,15,NAGALGIDDA,1701014,KHARAMUNGI,,
17_2,SANGAREDDY,15,NAGALGIDDA,1701012,MAVINELLI,,
17_2,SANGAREDDY,15,NAGALGIDDA,1701016,MORGI,,
17_2,SANGAREDDY,15,NAGALGIDDA,1701021,MUKTHAPUR,,
17_2,SANGAREDDY,15,NAGALGIDDA,1701010,NAGALGIDDA,,
17_2,SANGAREDDY,15,NAGALGIDDA,1701020,PUSALPAHAD,,
17_2,SANGAREDDY,15,NAGALGIDDA,1701015,SHAPUR,,
17_2,SANGAREDDY,15,NAGALGIDDA,1701008,SHARI DAMARGIDDA,,
17_2,SANGAREDDY,15,NAGALGIDDA,1701013,SHIKARKHANA,,
17_2,SANGAREDDY,15,NAGALGIDDA,1701007,UTPALLE,,
17_2,SANGAREDDY,15,NAGALGIDDA,1701019,VALLOOR,,
17_2,SANGAREDDY,15,NAGALGIDDA,1701003,YESGI,,
17_2,SANGAREDDY,16,NARAYANKHED,1704017,ABENDA,,
17_2,SANGAREDDY,16,NARAYANKHED,1704015,ALLAPUR,,
17_2,SANGAREDDY,16,NARAYANKHED,1704035,ANANTHASAGAR,,
17_2,SANGAREDDY,16,NARAYANKHED,1704027,ANTHWAR,,
17_2,SANGAREDDY,16,NARAYANKHED,1704028,BHANAPUR,,
17_2,SANGAREDDY,16,NARAYANKHED,1704026,CHANDAPUR,,
17_2,SANGAREDDY,16,NARAYANKHED,1704012,CHANDKHANPALLE,,
17_2,SANGAREDDY,16,NARAYANKHED,1704003,CHAPTAKHADEEM,,
17_2,SANGAREDDY,16,NARAYANKHED,1704018,GADTHIHOKRAMA,,
17_2,SANGAREDDY,16,NARAYANKHED,1704013,GANGAPUR,,
17_2,SANGAREDDY,16,NARAYANKHED,1704016,HANGARGA[B],,
17_2,SANGAREDDY,16,NARAYANKHED,1704001,HANGARGA[K],,
17_2,SANGAREDDY,16,NARAYANKHED,1704022,HANMANTHRAOPET,,
17_2,SANGAREDDY,16,NARAYANKHED,1704030,JAGANNATHPUR,,
17_2,SANGAREDDY,16,NARAYANKHED,1704025,JUKAL,,
17_2,SANGAREDDY,16,NARAYANKHED,1704029,JUZALPUR,,
17_2,SANGAREDDY,16,NARAYANKHED,1704005,KAMJIPOOR,,
17_2,SANGAREDDY,16,NARAYANKHED,1704011,KONDAPUR,,
17_2,SANGAREDDY,16,NARAYANKHED,1704024,LINGAPUR,,
17_2,SANGAREDDY,16,NARAYANKHED,1704023,MADHAVAR,,
17_2,SANGAREDDY,16,NARAYANKHED,1704019,MANSOOR PUR,,
17_2,SANGAREDDY,16,NARAYANKHED,1704014,NAGAPUR,,
17_2,SANGAREDDY,16,NARAYANKHED,1704009,NAMALIMET,,
17_2,SANGAREDDY,16,NARAYANKHED,1704010,NARASAPUR,,
17_2,SANGAREDDY,16,NARAYANKHED,1704020,NARAYANKHED,,
17_2,SANGAREDDY,16,NARAYANKHED,1704008,NIZAMPET,,
17_2,SANGAREDDY,16,NARAYANKHED,1704037,PAIDIPALLY,,
17_2,SANGAREDDY,16,NARAYANKHED,1704033,PAIDPALLEN,,
17_2,SANGAREDDY,16,NARAYANKHED,1704032,PANCHAGAON,,
17_2,SANGAREDDY,16,NARAYANKHED,1704021,PENKATAPUR,,
17_2,SANGAREDDY,16,NARAYANKHED,1704031,PIPRI,,
17_2,SANGAREDDY,16,NARAYANKHED,1704036,RUDRAR,,
17_2,SANGAREDDY,16,NARAYANKHED,1704004,RYAKAL,,
17_2,SANGAREDDY,16,NARAYANKHED,1704007,RYALAMADUGU,,
17_2,SANGAREDDY,16,NARAYANKHED,1704006,SANJIVANRAO PET,,
17_2,SANGAREDDY,16,NARAYANKHED,1704034,SATHAGAON,,
17_2,SANGAREDDY,28,NIZAMPET,1706003,JAMBIKUNTA,,
17_2,SANGAREDDY,17,NYALKAL,1728003,AMEERABAD,,
17_2,SANGAREDDY,17,NYALKAL,1728022,ATNUR,,
17_2,SANGAREDDY,17,NYALKAL,1728033,BASANTHPUR,,
17_2,SANGAREDDY,17,NYALKAL,1728006,CHALKI,,
17_2,SANGAREDDY,17,NYALKAL,1728002,CHEEKURTHI,,
17_2,SANGAREDDY,17,NYALKAL,1728010,CHINGEPALLE,,
17_2,SANGAREDDY,17,NYALKAL,1728014,DAPPUR,,
17_2,SANGAREDDY,17,NYALKAL,1728017,GANESHPUR,,
17_2,SANGAREDDY,17,NYALKAL,1728035,GANGWAR,,
17_2,SANGAREDDY,17,NYALKAL,1728019,GANJOTI,,
17_2,SANGAREDDY,17,NYALKAL,1728028,HADNUR,,
17_2,SANGAREDDY,17,NYALKAL,1728007,HUMNAPUR,,
17_2,SANGAREDDY,17,NYALKAL,1728001,HUSSAINNAGAR,,
17_2,SANGAREDDY,17,NYALKAL,1728018,HUSSELLI,,
17_2,SANGAREDDY,17,NYALKAL,1728009,IBRAHIMPUR,,
17_2,SANGAREDDY,17,NYALKAL,1728004,KAKIJANWADA,,
17_2,SANGAREDDY,17,NYALKAL,1728032,KALBEMAL,,
17_2,SANGAREDDY,17,NYALKAL,1728037,KHALEELPUR[M],,
17_2,SANGAREDDY,17,NYALKAL,1728013,MALGI,,
17_2,SANGAREDDY,17,NYALKAL,1728039,MALKANPAHAD,,
17_2,SANGAREDDY,17,NYALKAL,1728030,MAMIDGI,,
17_2,SANGAREDDY,17,NYALKAL,1728011,MARIAMPUR,,
17_2,SANGAREDDY,17,NYALKAL,1728034,METALKUNTA,,
17_2,SANGAREDDY,17,NYALKAL,1728023,MIRJAPUR[N],,
17_2,SANGAREDDY,17,NYALKAL,1728036,MIRZAPUR[B],,
17_2,SANGAREDDY,17,NYALKAL,1728026,MUNGI,,
17_2,SANGAREDDY,17,NYALKAL,1728005,MURTHUJAPUR,,
17_2,SANGAREDDY,17,NYALKAL,1728029,NAMTABAD,,
17_2,SANGAREDDY,17,NYALKAL,1728021,NYALKAL,,
17_2,SANGAREDDY,17,NYALKAL,1728008,RAGHAPUR,,
17_2,SANGAREDDY,17,NYALKAL,1728031,RAJOLA,,
17_2,SANGAREDDY,17,NYALKAL,1728020,RAMTHEERTH,,
17_2,SANGAREDDY,17,NYALKAL,1728012,RATNAPUR,,
17_2,SANGAREDDY,17,NYALKAL,1728038,REJINTHAL,,
17_2,SANGAREDDY,17,NYALKAL,1728027,RUKMAPUR,,
17_2,SANGAREDDY,17,NYALKAL,1728016,SHAMSHALLAPUR,,
17_2,SANGAREDDY,17,NYALKAL,1728024,TATPALLE,,
17_2,SANGAREDDY,17,NYALKAL,1728025,TEKUR,,
17_2,SANGAREDDY,17,NYALKAL,1728015,WADDI,,
17_2,SANGAREDDY,18,PATANCHERU,1737011,BACHUGUDA,,
17_2,SANGAREDDY,18,PATANCHERU,1737016,BHANUR,,
17_2,SANGAREDDY,18,PATANCHERU,1737003,CHINNAKANJERLA,,
17_2,SANGAREDDY,18,PATANCHERU,1737012,CHITKUL,,
17_2,SANGAREDDY,18,PATANCHERU,1737028,DILAWARGUDA,,
17_2,SANGAREDDY,18,PATANCHERU,1737029,GANAPATHIGUDA,,
17_2,SANGAREDDY,18,PATANCHERU,1737009,INDRESHAM,,
17_2,SANGAREDDY,18,PATANCHERU,1737010,INOLE,,
17_2,SANGAREDDY,18,PATANCHERU,1737013,ISNAPUR,,
17_2,SANGAREDDY,18,PATANCHERU,1737019,KARDANUR,,
17_2,SANGAREDDY,18,PATANCHERU,1737015,KYASARAM,,
17_2,SANGAREDDY,18,PATANCHERU,1737002,LAKDARAM,,
17_2,SANGAREDDY,18,PATANCHERU,1737020,MUTHANGI,,
17_2,SANGAREDDY,18,PATANCHERU,1737027,NANDIGAMA,,
17_2,SANGAREDDY,18,PATANCHERU,1737017,NANDIGAON,,
17_2,SANGAREDDY,18,PATANCHERU,1737014,PASHAMYLARAM,,
17_2,SANGAREDDY,18,PATANCHERU,1737022,PATANCHERU[P],,
17_2,SANGAREDDY,18,PATANCHERU,1737018,PATIGHANPUR,,
17_2,SANGAREDDY,18,PATANCHERU,1737004,PEDDAKANJERLA,,
17_2,SANGAREDDY,18,PATANCHERU,1737021,POCHARAM,,
17_2,SANGAREDDY,18,PATANCHERU,1737008,RAMESHWAR BANDA,,
17_2,SANGAREDDY,18,PATANCHERU,1737001,RUDRARAM,,
17_2,SANGAREDDY,19,PULKAL,1733010,BASWAPUR,,
17_2,SANGAREDDY,19,PULKAL,1733018,ESOJIPET,,
17_2,SANGAREDDY,19,PULKAL,1733019,GONGULUR,,
17_2,SANGAREDDY,19,PULKAL,1733017,KODUR,,
17_2,SANGAREDDY,19,PULKAL,1733013,LAKSHMISAGAR,,
17_2,SANGAREDDY,19,PULKAL,1733002,MANTHOOR,,
17_2,SANGAREDDY,19,PULKAL,1733016,MINPUR,,
17_2,SANGAREDDY,19,PULKAL,1733008,MUDDAIPET,,
17_2,SANGAREDDY,19,PULKAL,1733011,MUDIMANIK,,
17_2,SANGAREDDY,19,PULKAL,1733004,PEDDAREDDIPET,,
17_2,SANGAREDDY,19,PULKAL,1733007,POCHARAM,,
17_2,SANGAREDDY,19,PULKAL,1733009,PULKAL,,
17_2,SANGAREDDY,19,PULKAL,1733003,RAIPAHAD,,
17_2,SANGAREDDY,19,PULKAL,1733005,SERIPEDDAREDDIPET,,
17_2,SANGAREDDY,19,PULKAL,1733006,SINGOOR,,
17_2,SANGAREDDY,19,PULKAL,1733012,SUREDDI ITKYAL,,
17_2,SANGAREDDY,20,RAIKODE,1727035,A.NAGAR (PATTIHASNABAD),,
17_2,SANGAREDDY,20,RAIKODE,1727014,ALLAPUR,,
17_2,SANGAREDDY,20,RAIKODE,1727013,CHIMNAPUR,,
17_2,SANGAREDDY,20,RAIKODE,1727027,DHARMAPUR,,
17_2,SANGAREDDY,20,RAIKODE,1727018,DOULTABAD,,
17_2,SANGAREDDY,20,RAIKODE,1727032,HASNABAD,,
17_2,SANGAREDDY,20,RAIKODE,1727011,HULGERA,,
17_2,SANGAREDDY,20,RAIKODE,1727022,INDOOR,,
17_2,SANGAREDDY,20,RAIKODE,1727003,ITKEPALLE,,
17_2,SANGAREDDY,20,RAIKODE,1727008,JAMALPUR,,
17_2,SANGAREDDY,20,RAIKODE,1727016,JAMGA (KHURD),,
17_2,SANGAREDDY,20,RAIKODE,1727034,K.VANDAPUR@NARAYANPALLE,,
17_2,SANGAREDDY,20,RAIKODE,1727024,KARCHAL,,
17_2,SANGAREDDY,20,RAIKODE,1727002,KHANJAMALPUR,,
17_2,SANGAREDDY,20,RAIKODE,1727033,KODOOR,,
17_2,SANGAREDDY,20,RAIKODE,1727010,KUSHNOOR,,
17_2,SANGAREDDY,20,RAIKODE,1727017,MADHAPUR,,
17_2,SANGAREDDY,20,RAIKODE,1727006,MAHBATHPUR,,
17_2,SANGAREDDY,20,RAIKODE,1727021,MAMIDIPALLE,,
17_2,SANGAREDDY,20,RAIKODE,1727001,MATOOR,,
17_2,SANGAREDDY,20,RAIKODE,1727025,MOHAMMADAPUR,,
17_2,SANGAREDDY,20,RAIKODE,1727020,MORATGA,,
17_2,SANGAREDDY,20,RAIKODE,1727023,MUSTAFAPUR,,
17_2,SANGAREDDY,20,RAIKODE,1727031,NAGANPALLE,,
17_2,SANGAREDDY,20,RAIKODE,1727009,NAGWAR,,
17_2,SANGAREDDY,20,RAIKODE,1727026,NALLAMPALLE,,
17_2,SANGAREDDY,20,RAIKODE,1727004,PAMPAD,,
17_2,SANGAREDDY,20,RAIKODE,1727019,PEAPALPALLE,,
17_2,SANGAREDDY,20,RAIKODE,1727015,RAIKODE,,
17_2,SANGAREDDY,20,RAIKODE,1727030,RAIPALLE(PATTI KARCHAL),,
17_2,SANGAREDDY,20,RAIKODE,1727037,SANGAPUR,,
17_2,SANGAREDDY,20,RAIKODE,1727012,SHAMSHUDDINPUR,,
17_2,SANGAREDDY,20,RAIKODE,1727007,SHAPUR,,
17_2,SANGAREDDY,20,RAIKODE,1727029,SINGITHAM,,
17_2,SANGAREDDY,20,RAIKODE,1727005,SIRUR,,
17_2,SANGAREDDY,20,RAIKODE,1727036,YENKEPALLE,,
17_2,SANGAREDDY,20,RAIKODE,1727028,YOUSUFPUR,,
17_2,SANGAREDDY,21,RAMACHANDRAPURAM,1738001,BANDELGUDA,,
17_2,SANGAREDDY,21,RAMACHANDRAPURAM,1738008,EDULANAGULAPALLE,,
17_2,SANGAREDDY,21,RAMACHANDRAPURAM,1738007,KOLLUR,,
17_2,SANGAREDDY,21,RAMACHANDRAPURAM,1738004,MANMOLE,,
17_2,SANGAREDDY,21,RAMACHANDRAPURAM,1738006,OSMAN NAGAR,,
17_2,SANGAREDDY,21,RAMACHANDRAPURAM,1738002,RAMACHANDRAPURAM[P],,
17_2,SANGAREDDY,21,RAMACHANDRAPURAM,1738005,TELLAPUR,,
17_2,SANGAREDDY,21,RAMACHANDRAPURAM,1738009,VELMULA,,
17_2,SANGAREDDY,22,SADASIVPET,1734021,ANKANPALLE,,
17_2,SANGAREDDY,22,SADASIVPET,1734023,ARUR,,
17_2,SANGAREDDY,22,SADASIVPET,1734007,ATMAKUR,,
17_2,SANGAREDDY,22,SADASIVPET,1734008,BABILGAON,,
17_2,SANGAREDDY,22,SADASIVPET,1734011,CHANDAPUR,,
17_2,SANGAREDDY,22,SADASIVPET,1734012,ENKEPALLE,,
17_2,SANGAREDDY,22,SADASIVPET,1734002,ETIGADDASANGAM,,
17_2,SANGAREDDY,22,SADASIVPET,1734013,ISHRATABAD,,
17_2,SANGAREDDY,22,SADASIVPET,1734030,KAMBALPALLE,,
17_2,SANGAREDDY,22,SADASIVPET,1734004,KOLKUR,,
17_2,SANGAREDDY,22,SADASIVPET,1734022,KONAPUR,,
17_2,SANGAREDDY,22,SADASIVPET,1734006,MACHIREDDIPALLE,,
17_2,SANGAREDDY,22,SADASIVPET,1734027,MADDIKUNTA,,
17_2,SANGAREDDY,22,SADASIVPET,1734001,MALAPAHAD,,
17_2,SANGAREDDY,22,SADASIVPET,1734024,MILGIRPET,,
17_2,SANGAREDDY,22,SADASIVPET,1734016,MUBARAKPUR,,
17_2,SANGAREDDY,22,SADASIVPET,1734010,NAGULPALLE,,
17_2,SANGAREDDY,22,SADASIVPET,1734018,NANDIKANDI,,
17_2,SANGAREDDY,22,SADASIVPET,1734005,NIZAMPUR,,
17_2,SANGAREDDY,22,SADASIVPET,1734017,PEDDAPUR,,
17_2,SANGAREDDY,22,SADASIVPET,1734003,POTTIPALLE,,
17_2,SANGAREDDY,22,SADASIVPET,1734029,REGENTHAL,,
17_2,SANGAREDDY,22,SADASIVPET,1734020,SADASIVPET,,
17_2,SANGAREDDY,22,SADASIVPET,1734019,SIDDAPUR[R],,
17_2,SANGAREDDY,22,SADASIVPET,1734025,SURARAM,,
17_2,SANGAREDDY,22,SADASIVPET,1734026,THANGADPALLE,,
17_2,SANGAREDDY,22,SADASIVPET,1734015,VELTUR,,
17_2,SANGAREDDY,22,SADASIVPET,1734014,VENKATAPUR,,
17_2,SANGAREDDY,22,SADASIVPET,1734028,YAWAPUR,,
17_2,SANGAREDDY,22,SADASIVPET,1734009,YELLARAM,,
17_2,SANGAREDDY,23,SANGAREDDY,1736003,CHINTALPALLE,,
17_2,SANGAREDDY,23,SANGAREDDY,1736008,FASALWADI,,
17_2,SANGAREDDY,23,SANGAREDDY,1736001,IRIGIPALLE,,
17_2,SANGAREDDY,23,SANGAREDDY,1736009,ISMAILKHANPET,,
17_2,SANGAREDDY,23,SANGAREDDY,1736002,KALABGOOR,,
17_2,SANGAREDDY,23,SANGAREDDY,1736018,KALVAKUNTA,,
17_2,SANGAREDDY,23,SANGAREDDY,1736020,KOTHLAPUR,,
17_2,SANGAREDDY,23,SANGAREDDY,1736007,KULABGOOR,,
17_2,SANGAREDDY,23,SANGAREDDY,1736017,MOHD.SHAPUR,,
17_2,SANGAREDDY,23,SANGAREDDY,1736004,NAGAPUR,,
17_2,SANGAREDDY,23,SANGAREDDY,1736019,POTHREDDIPALLE,,
17_2,SANGAREDDY,23,SANGAREDDY,1736005,SANGAREDDY,,
17_2,SANGAREDDY,23,SANGAREDDY,1736006,TADLAPALLE,,
17_2,SANGAREDDY,24,SIRGAPOOR,1703002,ANTHERGAON,,
17_2,SANGAREDDY,24,SIRGAPOOR,1703001,BOKKASGAON,,
17_2,SANGAREDDY,24,SIRGAPOOR,1702032,CHIMAL PAHAD,,
17_2,SANGAREDDY,24,SIRGAPOOR,1702021,GARDEGAON,,
17_2,SANGAREDDY,24,SIRGAPOOR,1703004,GOSAIPALLE,,
17_2,SANGAREDDY,24,SIRGAPOOR,1702031,GOUDGAON [K],,
17_2,SANGAREDDY,24,SIRGAPOOR,1703022,KADPAL,,
17_2,SANGAREDDY,24,SIRGAPOOR,1703018,KHAJAPUR,,
17_2,SANGAREDDY,24,SIRGAPOOR,1703020,MUBARAKPOOR,,
17_2,SANGAREDDY,24,SIRGAPOOR,1703003,POCHAPOOR,,
17_2,SANGAREDDY,24,SIRGAPOOR,1702023,POTPALLE,,
17_2,SANGAREDDY,24,SIRGAPOOR,1702033,SANGAM,,
17_2,SANGAREDDY,24,SIRGAPOOR,1703021,SIRGAPOOR,,
17_2,SANGAREDDY,24,SIRGAPOOR,1703019,SULTANABAD,,
17_2,SANGAREDDY,24,SIRGAPOOR,1704002,UJJALAMPAHAD,,
17_2,SANGAREDDY,24,SIRGAPOOR,1702030,WANGDHAL,,
17_2,SANGAREDDY,24,SIRGAPOOR,1702029,WASAR,,
17_2,SANGAREDDY,25,VATPALLY,1705022,BHOOTKUR,,
17_2,SANGAREDDY,25,VATPALLY,1707012,BIJILIPUR,,
17_2,SANGAREDDY,25,VATPALLY,1707011,BUDDAIPALLE,,
17_2,SANGAREDDY,25,VATPALLY,1705021,DEVENOOR,,
17_2,SANGAREDDY,25,VATPALLY,1705011,DUDIYAL,,
17_2,SANGAREDDY,25,VATPALLY,1707014,GORREKAL,,
17_2,SANGAREDDY,25,VATPALLY,1707018,GOWTAPOOR,,
17_2,SANGAREDDY,25,VATPALLY,1707020,KEROOR,,
17_2,SANGAREDDY,25,VATPALLY,1705025,KHADERABAD,,
17_2,SANGAREDDY,25,VATPALLY,1707019,MARVELLY,,
17_2,SANGAREDDY,25,VATPALLY,1705010,MEDIKUNDA,,
17_2,SANGAREDDY,25,VATPALLY,1707013,NAGULAPALLE,,
17_2,SANGAREDDY,25,VATPALLY,1705024,NIRJIPALA,,
17_2,SANGAREDDY,25,VATPALLY,1707017,PALVATLA,,
17_2,SANGAREDDY,25,VATPALLY,1707009,POTHULABOGUDA,,
17_2,SANGAREDDY,25,VATPALLY,1705020,PULADUGU,,
17_2,SANGAREDDY,25,VATPALLY,1707016,SHAHEDNAGAR GHATPALLE],,
17_2,SANGAREDDY,25,VATPALLY,1705023,USRIKPALLE,,
17_2,SANGAREDDY,25,VATPALLY,1707015,WATPALLE,,
17_2,SANGAREDDY,26,ZAHIRABAD,1730009,ALGOLE,,
17_2,SANGAREDDY,26,ZAHIRABAD,1730029,ALLIPUR,,
17_2,SANGAREDDY,26,ZAHIRABAD,1730034,ANEGUNTA,,
17_2,SANGAREDDY,26,ZAHIRABAD,1730004,BUCHNELLI,,
17_2,SANGAREDDY,26,ZAHIRABAD,1730005,BURDIPAHAD,,
17_2,SANGAREDDY,26,ZAHIRABAD,1730002,CHIRAGPALLE,,
17_2,SANGAREDDY,26,ZAHIRABAD,1730008,DIDGI,,
17_2,SANGAREDDY,26,ZAHIRABAD,1730039,GOVINDAPUR,,
17_2,SANGAREDDY,26,ZAHIRABAD,1730026,HOTHI [B],,
17_2,SANGAREDDY,26,ZAHIRABAD,1730028,HOTHI [K],,
17_2,SANGAREDDY,26,ZAHIRABAD,1730032,HUGGELLI,,
17_2,SANGAREDDY,26,ZAHIRABAD,1730027,HYDERABAD,,
17_2,SANGAREDDY,26,ZAHIRABAD,1730013,KASIMPUR,,
17_2,SANGAREDDY,26,ZAHIRABAD,1730007,KOTHUR[B],,
17_2,SANGAREDDY,26,ZAHIRABAD,1730038,MALCHELMA,,
17_2,SANGAREDDY,26,ZAHIRABAD,1730010,PASTAPUR,,
17_2,SANGAREDDY,26,ZAHIRABAD,1730031,RAIPALLE,,
17_2,SANGAREDDY,26,ZAHIRABAD,1730030,RANJOLE,,
17_2,SANGAREDDY,26,ZAHIRABAD,1730003,SATWAR,,
17_2,SANGAREDDY,26,ZAHIRABAD,1730033,SHAIKAPUR,,
17_2,SANGAREDDY,26,ZAHIRABAD,1730011,TAMADPALLE,,
17_2,SANGAREDDY,26,ZAHIRABAD,1730006,TUMKUNTA,,
17_2,SANGAREDDY,26,ZAHIRABAD,1730041,ZAHEERABAD PERADI,,
17_2,SANGAREDDY,26,ZAHIRABAD,1730012,ZAHIRABAD [N.P.],,
17_3,SIDDIPET,24,AKBARPET-BHOOMPALLY,1715018,ALMASPUR,,
17_3,SIDDIPET,24,AKBARPET-BHOOMPALLY,1715002,BHOOMPALLE,,
17_3,SIDDIPET,24,AKBARPET-BHOOMPALLY,1714021,BOPPAPUR,,
17_3,SIDDIPET,24,AKBARPET-BHOOMPALLY,1714025,CHITTAPUR,,
17_3,SIDDIPET,24,AKBARPET-BHOOMPALLY,1714024,CHOWDARPALLE,,
17_3,SIDDIPET,24,AKBARPET-BHOOMPALLY,1714023,ENGURTHI,,
17_3,SIDDIPET,24,AKBARPET-BHOOMPALLY,1715019,JANGAPALLE,,
17_3,SIDDIPET,24,AKBARPET-BHOOMPALLY,1715017,KHAZIPUR,,
17_3,SIDDIPET,24,AKBARPET-BHOOMPALLY,1715001,KUDAVELLE,,
17_3,SIDDIPET,24,AKBARPET-BHOOMPALLY,1715003,MOTHEY,,
17_3,SIDDIPET,24,AKBARPET-BHOOMPALLY,1714026,POTHAREDDIPET,,
17_3,SIDDIPET,24,AKBARPET-BHOOMPALLY,1715016,RUDRARAM,,
17_3,SIDDIPET,24,AKBARPET-BHOOMPALLY,1715020,VEERAREDDIPALLE,,
17_3,SIDDIPET,01,AKKANNAPET,2055021,AKKANNAPETA,,
17_3,SIDDIPET,01,AKKANNAPET,2055017,ANTHAKKAPETA,,
17_3,SIDDIPET,01,AKKANNAPET,2055018,CHOUTAPALLE,,
17_3,SIDDIPET,01,AKKANNAPET,2055014,DONGALA DHARMARAM,,
17_3,SIDDIPET,01,AKKANNAPET,2055022,GANDIPALLE,,
17_3,SIDDIPET,01,AKKANNAPET,2055016,GOURAVELLI,,
17_3,SIDDIPET,01,AKKANNAPET,2055012,JANGAON,,
17_3,SIDDIPET,01,AKKANNAPET,2056014,KATKUR,,
17_3,SIDDIPET,01,AKKANNAPET,2055019,KESAVAPUR,,
17_3,SIDDIPET,01,AKKANNAPET,2055020,MALLAMPALLE,,
17_3,SIDDIPET,01,AKKANNAPET,2055015,NANDARAM,,
17_3,SIDDIPET,01,AKKANNAPET,2055024,POTHARAM (J),,
17_3,SIDDIPET,01,AKKANNAPET,2055023,RAMAVARAM,,
17_3,SIDDIPET,01,AKKANNAPET,2055013,REGONDA,,
17_3,SIDDIPET,02,BEJJANKI,2046018,BEJJANKI,,
17_3,SIDDIPET,02,BEJJANKI,2046024,CHEELAPUR,,
17_3,SIDDIPET,02,BEJJANKI,2046019,DACHARAM,,
17_3,SIDDIPET,02,BEJJANKI,2046014,DEVAKKAPALLE,,
17_3,SIDDIPET,02,BEJJANKI,2046020,GAGILLAPUR,,
17_3,SIDDIPET,02,BEJJANKI,2046021,GUGGILLA,,
17_3,SIDDIPET,02,BEJJANKI,2045022,GUNDARAM(P.S.),,
17_3,SIDDIPET,02,BEJJANKI,2046017,KALLEPALLE,,
17_3,SIDDIPET,02,BEJJANKI,2046022,MUTHANNAPET,,
17_3,SIDDIPET,02,BEJJANKI,2046023,POTHARAM,,
17_3,SIDDIPET,02,BEJJANKI,2046025,REGULAPALLE,,
17_3,SIDDIPET,02,BEJJANKI,2046015,THOTAPALLE,,
17_3,SIDDIPET,02,BEJJANKI,2046011,VADLUR BEGUMPET,,
17_3,SIDDIPET,02,BEJJANKI,2046016,VEERAPUR,,
17_3,SIDDIPET,03,CHERIAL,2101005,AKUNOOR,,
17_3,SIDDIPET,03,CHERIAL,2102002,ARJUNAPATLA,,
17_3,SIDDIPET,03,CHERIAL,2101006,CHERIYAL,,
17_3,SIDDIPET,03,CHERIAL,2101002,CHITYAL,,
17_3,SIDDIPET,03,CHERIAL,2101020,CHUNCHANKOTA,,
17_3,SIDDIPET,03,CHERIAL,2101003,DANAMPALLE,,
17_3,SIDDIPET,03,CHERIAL,2101004,DOMMATA,,
17_3,SIDDIPET,03,CHERIAL,2101019,KADAVERGU,,
17_3,SIDDIPET,03,CHERIAL,2102001,KAMALAYAPALLE,,
17_3,SIDDIPET,03,CHERIAL,2101021,MUSTHYALA,,
17_3,SIDDIPET,03,CHERIAL,2101017,NAGAPURI,,
17_3,SIDDIPET,03,CHERIAL,2101018,PEDDARAJUPETA,,
17_3,SIDDIPET,03,CHERIAL,2101001,TADOOR,,
17_3,SIDDIPET,03,CHERIAL,2101007,VECHARENI,,
17_3,SIDDIPET,04,CHINNAKODUR,1717003,ALLIPUR,,
17_3,SIDDIPET,04,CHINNAKODUR,1717005,ANANTHASAGAR,,
17_3,SIDDIPET,04,CHINNAKODUR,1717017,CHANDLAPUR,,
17_3,SIDDIPET,04,CHINNAKODUR,1717006,CHERLA ANKIREDDIPALLE,,
17_3,SIDDIPET,04,CHINNAKODUR,1717011,CHINNAKODUR,,
17_3,SIDDIPET,04,CHINNAKODUR,1717004,CHOWDARAM,,
17_3,SIDDIPET,04,CHINNAKODUR,1717013,GANGAPUR,,
17_3,SIDDIPET,04,CHINNAKODUR,1717022,GONEPALLE,,
17_3,SIDDIPET,04,CHINNAKODUR,1717020,IBRAHIMPUR,,
17_3,SIDDIPET,04,CHINNAKODUR,1717021,KOTHURPALLE,,
17_3,SIDDIPET,04,CHINNAKODUR,1717012,MACHAPUR,,
17_3,SIDDIPET,04,CHINNAKODUR,1717009,MALLARAM,,
17_3,SIDDIPET,04,CHINNAKODUR,1717010,MEDIPALLE,,
17_3,SIDDIPET,04,CHINNAKODUR,1718004,OBLAPUR,,
17_3,SIDDIPET,04,CHINNAKODUR,1717018,PEDDAKODUR KALAN,,
17_3,SIDDIPET,04,CHINNAKODUR,1717016,RAMANCHA,,
17_3,SIDDIPET,04,CHINNAKODUR,1717019,RAMUNI PATTA,,
17_3,SIDDIPET,04,CHINNAKODUR,1717008,SIKANDLAPUR,,
17_3,SIDDIPET,04,CHINNAKODUR,1717007,SIVAMPALLE,,
17_3,SIDDIPET,04,CHINNAKODUR,1717002,VITTALPUR,,
17_3,SIDDIPET,25,DHOOLMITTA,2102010,BAIRANPALLE,,
17_3,SIDDIPET,25,DHOOLMITTA,2102007,BEKKAL,,
17_3,SIDDIPET,25,DHOOLMITTA,2102005,DHOOLMITTA,,
17_3,SIDDIPET,25,DHOOLMITTA,2102003,JALAPALLE,,
17_3,SIDDIPET,25,DHOOLMITTA,2102008,KONDAPUR,,
17_3,SIDDIPET,25,DHOOLMITTA,2102009,KOOTIGAL,,
17_3,SIDDIPET,25,DHOOLMITTA,2102004,LINGAPUR,,
17_3,SIDDIPET,25,DHOOLMITTA,2102006,THORNALA,,
17_3,SIDDIPET,05,DOULTABAD,1722031,APPAIPALLE,,
17_3,SIDDIPET,05,DOULTABAD,1722017,CHANDAMPALLE,,
17_3,SIDDIPET,05,DOULTABAD,1722008,DEEPAYAMPALLE,,
17_3,SIDDIPET,05,DOULTABAD,1722003,DOMMAT,,
17_3,SIDDIPET,05,DOULTABAD,1722001,DOULTABAD,,
17_3,SIDDIPET,05,DOULTABAD,1722009,GODUGUPALLE,,
17_3,SIDDIPET,05,DOULTABAD,1723012,GOVINDAPUR,,
17_3,SIDDIPET,05,DOULTABAD,1722019,INDUPIRIYAL,,
17_3,SIDDIPET,05,DOULTABAD,1722007,KONAPUR,,
17_3,SIDDIPET,05,DOULTABAD,1722002,LINGARAJPALLE,,
17_3,SIDDIPET,05,DOULTABAD,1722022,MACHANPALLE,,
17_3,SIDDIPET,05,DOULTABAD,1722010,MOHAMADSHAPUR,,
17_3,SIDDIPET,05,DOULTABAD,1722005,MUBARASPUR,,
17_3,SIDDIPET,05,DOULTABAD,1722020,NARASAMPALLE [PATTI DOM,,
17_3,SIDDIPET,05,DOULTABAD,1722032,RANGAMPET,,
17_3,SIDDIPET,05,DOULTABAD,1722021,SEETHRAMPALLE,,
17_3,SIDDIPET,05,DOULTABAD,1722006,SERIPALLE BANDARAM,,
17_3,SIDDIPET,05,DOULTABAD,1722004,SURAMPALLE,,
17_3,SIDDIPET,05,DOULTABAD,1722011,TIRMALAPUR,,
17_3,SIDDIPET,05,DOULTABAD,1723011,UPPERPALLE,,
17_3,SIDDIPET,06,DUBBAK,1714020,AKARAM,,
17_3,SIDDIPET,06,DUBBAK,1714013,APPANPALLE,,
17_3,SIDDIPET,06,DUBBAK,1714003,AREPALLE,,
17_3,SIDDIPET,06,DUBBAK,1714004,CHEEKODE,,
17_3,SIDDIPET,06,DUBBAK,1714016,CHERVAPUR,,
17_3,SIDDIPET,06,DUBBAK,1714009,CHILLAPUR,,
17_3,SIDDIPET,06,DUBBAK,1714017,DHARMAJIPET,,
17_3,SIDDIPET,06,DUBBAK,1714005,DUBBAK,,
17_3,SIDDIPET,06,DUBBAK,1714010,DUMPALPALLE,,
17_3,SIDDIPET,06,DUBBAK,1714001,GAMBHEERPUR,,
17_3,SIDDIPET,06,DUBBAK,1714015,HABSHIPUR,,
17_3,SIDDIPET,06,DUBBAK,1714012,HASAN MIRAPUR,,
17_3,SIDDIPET,06,DUBBAK,1714018,LACHAPET,,
17_3,SIDDIPET,06,DUBBAK,1714006,MALLAIPALLE,,
17_3,SIDDIPET,06,DUBBAK,1714011,PEDDA GUNDAVELLY,,
17_3,SIDDIPET,06,DUBBAK,1714002,POTHARAM,,
17_3,SIDDIPET,06,DUBBAK,1714007,RAJAKKAPET,,
17_3,SIDDIPET,06,DUBBAK,1714019,RAMAKKAPET,,
17_3,SIDDIPET,06,DUBBAK,1714022,SHIVRAMPUR,,
17_3,SIDDIPET,06,DUBBAK,1714014,THIMMAPUR,,
17_3,SIDDIPET,06,DUBBAK,1714008,YELLAPUR,,
17_3,SIDDIPET,07,GAJWEL,1721004,AHMADIPUR,,
17_3,SIDDIPET,07,GAJWEL,1721016,AKKARAM,,
17_3,SIDDIPET,07,GAJWEL,1722026,AREPALLE [SIVAR BEJGAON,,
17_3,SIDDIPET,07,GAJWEL,1721023,BANGLA VENKATAPUR,,
17_3,SIDDIPET,07,GAJWEL,1721010,BAYYARAM,,
17_3,SIDDIPET,07,GAJWEL,1721009,BEJGAON,,
17_3,SIDDIPET,07,GAJWEL,1721006,BURUGUPALLE,,
17_3,SIDDIPET,07,GAJWEL,1721007,DACHARAM,,
17_3,SIDDIPET,07,GAJWEL,1721014,DATARPALLE,,
17_3,SIDDIPET,07,GAJWEL,1721022,DHARMAREDDIPALLE,,
17_3,SIDDIPET,07,GAJWEL,1721001,DILALPUR,,
17_3,SIDDIPET,07,GAJWEL,1721020,GAJWEL,,
17_3,SIDDIPET,07,GAJWEL,1721027,GIRIPALLY,,
17_3,SIDDIPET,07,GAJWEL,1721015,HAVAIGUDA,,
17_3,SIDDIPET,07,GAJWEL,1721021,JALIGAON,,
17_3,SIDDIPET,07,GAJWEL,1721013,KODAKONDLA,,
17_3,SIDDIPET,07,GAJWEL,1721003,KOLGUR,,
17_3,SIDDIPET,07,GAJWEL,1721025,KOMATIBANDA,,
17_3,SIDDIPET,07,GAJWEL,1721011,KYASARAM,,
17_3,SIDDIPET,07,GAJWEL,1721024,MAQTA MASANPALLE,,
17_3,SIDDIPET,07,GAJWEL,1721019,MUTRAJPALLE,,
17_3,SIDDIPET,07,GAJWEL,1721008,PEDCHED,,
17_3,SIDDIPET,07,GAJWEL,1721018,PRAGNAPUR,,
17_3,SIDDIPET,07,GAJWEL,1721012,RIMMANGUDA,,
17_3,SIDDIPET,07,GAJWEL,1721026,SANGAPUR,,
17_3,SIDDIPET,07,GAJWEL,1721002,SERIPALLE,,
17_3,SIDDIPET,07,GAJWEL,1721005,SINGATAM,,
17_3,SIDDIPET,07,GAJWEL,1721017,SRIGIRIPALLE,,
17_3,SIDDIPET,08,HUSNABAD,2055004,HUSNABAD,,
17_3,SIDDIPET,08,HUSNABAD,2055003,KUCHANPALLE,,
17_3,SIDDIPET,08,HUSNABAD,2055005,MADUDHA,,
17_3,SIDDIPET,08,HUSNABAD,2055009,MIRZAPUR,,
17_3,SIDDIPET,08,HUSNABAD,2055006,MOHAMMADAPUR,,
17_3,SIDDIPET,08,HUSNABAD,2055007,NAGARAM,,
17_3,SIDDIPET,08,HUSNABAD,2055002,PANDILLA,,
17_3,SIDDIPET,08,HUSNABAD,2055010,POTHARAM (S),,
17_3,SIDDIPET,08,HUSNABAD,2055001,POTLAPALLE,,
17_3,SIDDIPET,08,HUSNABAD,2055011,THOTAPALLE (S),,
17_3,SIDDIPET,08,HUSNABAD,2055008,UMMAPUR,,
17_3,SIDDIPET,09,JAGDEVPUR,1720019,ALIRAJAPET,,
17_3,SIDDIPET,09,JAGDEVPUR,1720011,ANANTHSAGAR,,
17_3,SIDDIPET,09,JAGDEVPUR,1720008,BASWAPUR,,
17_3,SIDDIPET,09,JAGDEVPUR,1720006,CHATLAPALLE,,
17_3,SIDDIPET,09,JAGDEVPUR,1720025,DHARMARAM,,
17_3,SIDDIPET,09,JAGDEVPUR,1720017,DOULAPUR,,
17_3,SIDDIPET,09,JAGDEVPUR,1720018,GOLLAPALLE,,
17_3,SIDDIPET,09,JAGDEVPUR,1720009,GOPALPUR,,
17_3,SIDDIPET,09,JAGDEVPUR,1720022,ITIKYAL,,
17_3,SIDDIPET,09,JAGDEVPUR,1720023,JAGDEVPUR,,
17_3,SIDDIPET,09,JAGDEVPUR,1720016,KONDAPUR,,
17_3,SIDDIPET,09,JAGDEVPUR,1720015,MUNIGADAPA,,
17_3,SIDDIPET,09,JAGDEVPUR,1720024,PEERLAPALLE,,
17_3,SIDDIPET,09,JAGDEVPUR,1720013,TEEGUL,,
17_3,SIDDIPET,09,JAGDEVPUR,1720005,TEEGUL NARSAPUR,,
17_3,SIDDIPET,09,JAGDEVPUR,1720010,THIMMAPUR,,
17_3,SIDDIPET,09,JAGDEVPUR,1720014,VENKATAPUR[BG],,
17_3,SIDDIPET,09,JAGDEVPUR,1720007,WATTIPALLE,,
17_3,SIDDIPET,10,KOHEDA,2054016,BASWAPUR,,
17_3,SIDDIPET,10,KOHEDA,2054009,GOTTALAMITTA,,
17_3,SIDDIPET,10,KOHEDA,2054005,GUNDAREDDIPALLE,,
17_3,SIDDIPET,10,KOHEDA,2054014,KACHAPUR,,
17_3,SIDDIPET,10,KOHEDA,2054008,KOHEDA,,
17_3,SIDDIPET,10,KOHEDA,2054007,KURELLA,,
17_3,SIDDIPET,10,KOHEDA,2054012,NAKKIRA KOMMULA,,
17_3,SIDDIPET,10,KOHEDA,2054010,NARAYANAPUR,,
17_3,SIDDIPET,10,KOHEDA,2054013,PARIVEDA,,
17_3,SIDDIPET,10,KOHEDA,2054002,RAMACHANDRAPUR,,
17_3,SIDDIPET,10,KOHEDA,2054015,SAMUDRALA,,
17_3,SIDDIPET,10,KOHEDA,2054004,SANIGARAM,,
17_3,SIDDIPET,10,KOHEDA,2054011,SRIRAMULAPALLE,,
17_3,SIDDIPET,10,KOHEDA,2054006,THANGALLAPALLE,,
17_3,SIDDIPET,10,KOHEDA,2054001,VARIKOLU,,
17_3,SIDDIPET,10,KOHEDA,2054003,VINJAPALLE,,
17_3,SIDDIPET,11,KOMURAVELLI,2101013,AINAPUR,,
17_3,SIDDIPET,11,KOMURAVELLI,2101010,GOURAIPALLE,,
17_3,SIDDIPET,11,KOMURAVELLI,2101015,GURUVANNAPETA,,
17_3,SIDDIPET,11,KOMURAVELLI,2101008,KISTAMPETA,,
17_3,SIDDIPET,11,KOMURAVELLI,2101011,KOMARAVELLY,,
17_3,SIDDIPET,11,KOMURAVELLI,2101009,MARRIMUCHALA,,
17_3,SIDDIPET,11,KOMURAVELLI,2101016,POSANPALLE,,
17_3,SIDDIPET,11,KOMURAVELLI,2101012,RAMSAGAR,,
17_3,SIDDIPET,11,KOMURAVELLI,2101014,THAPASPALLE,,
17_3,SIDDIPET,12,KONDAPAK,1719005,ANKIREDDIPALLE,,
17_3,SIDDIPET,12,KONDAPAK,1719006,BANDARAM,,
17_3,SIDDIPET,12,KONDAPAK,1719004,DUDDADA,,
17_3,SIDDIPET,12,KONDAPAK,1719017,GIRAIPALLE,,
17_3,SIDDIPET,12,KONDAPAK,1719018,KONDAPAK,,
17_3,SIDDIPET,12,KONDAPAK,1719003,MARPADGA,,
17_3,SIDDIPET,12,KONDAPAK,1719010,SIRSINGANDLA,,
17_3,SIDDIPET,12,KONDAPAK,1719019,THIMMAREDDIPALLE,,
17_3,SIDDIPET,12,KONDAPAK,1719008,VELIKATTU,,
17_3,SIDDIPET,12,KONDAPAK,1719007,VISWANATHAPALLE,,
17_3,SIDDIPET,12,KONDAPAK,1719009,ZAPTHI NACHARAM,,
17_3,SIDDIPET,29,KUKUNOORPALLY,1720003,CHINNA KISTAPUR,,
17_3,SIDDIPET,29,KUKUNOORPALLY,1719024,ERRAPALLE,,
17_3,SIDDIPET,29,KUKUNOORPALLY,1719023,KONAIPALLE,,
17_3,SIDDIPET,29,KUKUNOORPALLY,1719029,KUKNURPALLE,,
17_3,SIDDIPET,29,KUKUNOORPALLY,1719020,LAKUDARAM,,
17_3,SIDDIPET,29,KUKUNOORPALLY,1719021,MADINIPUR,,
17_3,SIDDIPET,29,KUKUNOORPALLY,1719028,MANGOLE,,
17_3,SIDDIPET,29,KUKUNOORPALLY,1719022,MATHAPALLE,,
17_3,SIDDIPET,29,KUKUNOORPALLY,1719027,MUDDAPUR,,
17_3,SIDDIPET,29,KUKUNOORPALLY,1720001,RAMACHANDRAPUR,,
17_3,SIDDIPET,29,KUKUNOORPALLY,1720012,RAYAVARAM,,
17_3,SIDDIPET,29,KUKUNOORPALLY,1719025,SINGARAM,,
17_3,SIDDIPET,29,KUKUNOORPALLY,1719026,THIPPARAM,,
17_3,SIDDIPET,29,KUKUNOORPALLY,1720002,VENKATAPUR,,
17_3,SIDDIPET,29,KUKUNOORPALLY,1720004,YELLAIGUDA,,
17_3,SIDDIPET,13,MADDUR,2102017,DHARMARAM,,
17_3,SIDDIPET,13,MADDUR,2102012,GAGILLAPUR,,
17_3,SIDDIPET,13,MADDUR,2102021,LADNOOR,,
17_3,SIDDIPET,13,MADDUR,2102018,LAKKAPALLE,,
17_3,SIDDIPET,13,MADDUR,2102014,MADDUR,,
17_3,SIDDIPET,13,MADDUR,2102016,MARMAMULA,,
17_3,SIDDIPET,13,MADDUR,2102013,NARASAIPALLE,,
17_3,SIDDIPET,13,MADDUR,2102019,REBARTHI,,
17_3,SIDDIPET,13,MADDUR,2102015,SALAKPOOR,,
17_3,SIDDIPET,13,MADDUR,2102011,VALLAMPATLA,,
17_3,SIDDIPET,13,MADDUR,2102020,VANGAPALLE,,
17_3,SIDDIPET,14,MARKOOK,1720020,ANGADI KISTAPUR,,
17_3,SIDDIPET,14,MARKOOK,1720021,CHEBERTHY,,
17_3,SIDDIPET,14,MARKOOK,1745013,DAMARAKUNTA,,
17_3,SIDDIPET,14,MARKOOK,1720027,ERRAVALLE,,
17_3,SIDDIPET,14,MARKOOK,1745014,KARKAPATLA,,
17_3,SIDDIPET,14,MARKOOK,1745012,MARKOOK,,
17_3,SIDDIPET,14,MARKOOK,1744009,PAMULAPARTHI,,
17_3,SIDDIPET,14,MARKOOK,1720028,SIVAR VENKATAPUR,,
17_3,SIDDIPET,14,MARKOOK,1720026,VARDARAJPUR,,
17_3,SIDDIPET,15,MIRDODDI,1715013,ALWAL,,
17_3,SIDDIPET,15,MIRDODDI,1715009,ANDEY,,
17_3,SIDDIPET,15,MIRDODDI,1715021,CHEPIAL,,
17_3,SIDDIPET,15,MIRDODDI,1715006,DHARMARAM,,
17_3,SIDDIPET,15,MIRDODDI,1715004,KASULABAD,,
17_3,SIDDIPET,15,MIRDODDI,1715007,KONDAPUR,,
17_3,SIDDIPET,15,MIRDODDI,1715014,LINGUPALLE,,
17_3,SIDDIPET,15,MIRDODDI,1715015,MALLUPALLE,,
17_3,SIDDIPET,15,MIRDODDI,1715005,MIRDODDI,,
17_3,SIDDIPET,16,MULUGU,1745023,ACHAIPALLE,,
17_3,SIDDIPET,16,MULUGU,1745016,ALIABAD @ ADIVIMASJID,,
17_3,SIDDIPET,16,MULUGU,1745027,BANDA MAILARAM,,
17_3,SIDDIPET,16,MULUGU,1745001,BANDA THIMMAPUR,,
17_3,SIDDIPET,16,MULUGU,1745025,BASWAPURAM,,
17_3,SIDDIPET,16,MULUGU,1745010,BHILAMPUR,,
17_3,SIDDIPET,16,MULUGU,1745019,CHILLA SAGAR,,
17_3,SIDDIPET,16,MULUGU,1745022,CHINNA THIMMAPUR,,
17_3,SIDDIPET,16,MULUGU,1745024,DASARLAPALLE,,
17_3,SIDDIPET,16,MULUGU,1745020,GANGADHARPALLE,,
17_3,SIDDIPET,16,MULUGU,1745002,KOKKONDA,,
17_3,SIDDIPET,16,MULUGU,1745015,KOTHIAL,,
17_3,SIDDIPET,16,MULUGU,1745026,KOTHUR,,
17_3,SIDDIPET,16,MULUGU,1745007,LAKSHMAKKAPALLE,,
17_3,SIDDIPET,16,MULUGU,1745011,MANDIAL,,
17_3,SIDDIPET,16,MULUGU,1745008,MULUG,,
17_3,SIDDIPET,16,MULUGU,1745018,MUSTAFA GUDA,,
17_3,SIDDIPET,16,MULUGU,1745017,NARSAMPALLE,,
17_3,SIDDIPET,16,MULUGU,1745005,NARSAPUR,,
17_3,SIDDIPET,16,MULUGU,1745004,SINGANNAGUDA,,
17_3,SIDDIPET,16,MULUGU,1745003,SRIRAMPUR,,
17_3,SIDDIPET,16,MULUGU,1745009,THANEDHARPALLE,,
17_3,SIDDIPET,16,MULUGU,1745006,TUNIKI BOLLARAM,,
17_3,SIDDIPET,16,MULUGU,1745021,ZAPTHI SINGAIPALLE,,
17_3,SIDDIPET,17,NANGANOOR,1718015,AKKANEPALLE,,
17_3,SIDDIPET,17,NANGANOOR,1718013,ANKUSHAPUR,,
17_3,SIDDIPET,17,NANGANOOR,1718005,BADDIPADAGA,,
17_3,SIDDIPET,17,NANGANOOR,1718016,GATLAMALLIAL,,
17_3,SIDDIPET,17,NANGANOOR,1718018,GHANPUR,,
17_3,SIDDIPET,17,NANGANOOR,1718021,KHANAPUR,,
17_3,SIDDIPET,17,NANGANOOR,1718019,KHATA,,
17_3,SIDDIPET,17,NANGANOOR,1718009,KONAIPALLE,,
17_3,SIDDIPET,17,NANGANOOR,1718017,KONDAMRAJPALLE,,
17_3,SIDDIPET,17,NANGANOOR,1718007,MAQDUMPUR,,
17_3,SIDDIPET,17,NANGANOOR,1718001,MUNDRAI,,
17_3,SIDDIPET,17,NANGANOOR,1718020,NAGRAJPALLE,,
17_3,SIDDIPET,17,NANGANOOR,1718014,NANGANUR,,
17_3,SIDDIPET,17,NANGANOOR,1718012,NARMETTA,,
17_3,SIDDIPET,17,NANGANOOR,1718023,NARMETTA-MAISAMPALLY,,
17_3,SIDDIPET,17,NANGANOOR,1718003,PALAMAKULA,,
17_3,SIDDIPET,17,NANGANOOR,1718002,RAJAGOPALPET,,
17_3,SIDDIPET,17,NANGANOOR,1718006,RAMPUR,,
17_3,SIDDIPET,17,NANGANOOR,1718011,THIMMAIPALLE,,
17_3,SIDDIPET,17,NANGANOOR,1718008,VENKATAPUR,,
17_3,SIDDIPET,17,NANGANOOR,1718022,VENKATAPUR-MURADABAD,,
17_3,SIDDIPET,23,NARAYANRAOPET,1717014,GURRALAGONDI,,
17_3,SIDDIPET,23,NARAYANRAOPET,1716001,IBRAHIMPUR,,
17_3,SIDDIPET,23,NARAYANRAOPET,1717001,JAKKAPUR,,
17_3,SIDDIPET,23,NARAYANRAOPET,1717015,MALYAL,,
17_3,SIDDIPET,23,NARAYANRAOPET,1716002,NARAYANRAOPET,,
17_3,SIDDIPET,18,RAIPOLE,1722013,ANAJPUR,,
17_3,SIDDIPET,18,RAIPOLE,1722028,ANKIREDDIPALLI,,
17_3,SIDDIPET,18,RAIPOLE,1722027,AREPALLE [SIVAR JALIGAO,,
17_3,SIDDIPET,18,RAIPOLE,1722030,BEGUMPET,,
17_3,SIDDIPET,18,RAIPOLE,1722015,CHINNA MASANPALLE,,
17_3,SIDDIPET,18,RAIPOLE,1722016,KOTHAPALLE,,
17_3,SIDDIPET,18,RAIPOLE,1722025,LINGAREDDIPALLE,,
17_3,SIDDIPET,18,RAIPOLE,1722014,MANTOOR,,
17_3,SIDDIPET,18,RAIPOLE,1722018,RAMARAM,,
17_3,SIDDIPET,18,RAIPOLE,1722024,RAMASAGAR,,
17_3,SIDDIPET,18,RAIPOLE,1722012,RAYAPOLE,,
17_3,SIDDIPET,18,RAIPOLE,1722023,WADDEPALLE,,
17_3,SIDDIPET,18,RAIPOLE,1722029,YELKAL,,
17_3,SIDDIPET,19,SIDDIPET (URBAN),1716013,BAKRICHAPIAL,,
17_3,SIDDIPET,19,SIDDIPET (URBAN),1716017,BURUGUPALLE,,
17_3,SIDDIPET,19,SIDDIPET (URBAN),1716016,ENSANPALLE,,
17_3,SIDDIPET,19,SIDDIPET (URBAN),1716028,GADICHERLA PALLI,,
17_3,SIDDIPET,19,SIDDIPET (URBAN),1716010,IMAMBAD,,
17_3,SIDDIPET,19,SIDDIPET (URBAN),1716026,LINGAREDDI PALLI,,
17_3,SIDDIPET,19,SIDDIPET (URBAN),1717023,MANDAPALLE,,
17_3,SIDDIPET,19,SIDDIPET (URBAN),1716012,MITTAPALLE,,
17_3,SIDDIPET,19,SIDDIPET (URBAN),1716029,MITTAPALLE RANGADAMPALLY,,
17_3,SIDDIPET,19,SIDDIPET (URBAN),1716014,NACHARPALLE,,
17_3,SIDDIPET,19,SIDDIPET (URBAN),1716011,NARSAPUR,,
17_3,SIDDIPET,19,SIDDIPET (URBAN),1716015,PONNAL,,
17_3,SIDDIPET,19,SIDDIPET (URBAN),1716027,PRASANTHI NAGAR,,
17_3,SIDDIPET,19,SIDDIPET (URBAN),1716009,SIDDIPET[R],,
17_3,SIDDIPET,19,SIDDIPET (URBAN),1716024,TADKAPALLE,,
17_3,SIDDIPET,19,SIDDIPET (URBAN),1718010,VELKATUR,,
17_3,SIDDIPET,20,SIDDIPET RURAL,1716006,ANKAMPET,,
17_3,SIDDIPET,20,SIDDIPET RURAL,1716022,BUSSAPUR,,
17_3,SIDDIPET,20,SIDDIPET RURAL,1716005,CHINTAMADAKA,,
17_3,SIDDIPET,20,SIDDIPET RURAL,1716018,GUNDAVALLIKHURD,,
17_3,SIDDIPET,20,SIDDIPET RURAL,1716021,IRKODE,,
17_3,SIDDIPET,20,SIDDIPET RURAL,1716003,MACHAPUR [PATTI DUBBAK],,
17_3,SIDDIPET,20,SIDDIPET RURAL,1716008,PULLUR,,
17_3,SIDDIPET,20,SIDDIPET RURAL,1716007,RAGHAVAPUR,,
17_3,SIDDIPET,20,SIDDIPET RURAL,1716019,RAORUKAL,,
17_3,SIDDIPET,20,SIDDIPET RURAL,1716004,SEETHARAMPALLE,,
17_3,SIDDIPET,20,SIDDIPET RURAL,1716020,TORNAL,,
17_3,SIDDIPET,20,SIDDIPET RURAL,1716023,VENKATAPUR,,
17_3,SIDDIPET,21,THOGUTA,1719002,BANDARUPALLE,,
17_3,SIDDIPET,21,THOGUTA,1715024,CHANDAPUR,,
17_3,SIDDIPET,21,THOGUTA,1719014,ELIGADDAKISTAPUR,,
17_3,SIDDIPET,21,THOGUTA,1716025,GHANPUR,,
17_3,SIDDIPET,21,THOGUTA,1715008,GUDIKANDULA,,
17_3,SIDDIPET,21,THOGUTA,1715010,KANGAL,,
17_3,SIDDIPET,21,THOGUTA,1715011,LINGAMPET,,
17_3,SIDDIPET,21,THOGUTA,1715022,LINGAPUR,,
17_3,SIDDIPET,21,THOGUTA,1719011,P MASANPALLE,,
17_3,SIDDIPET,21,THOGUTA,1719016,PALLEPAHAD,,
17_3,SIDDIPET,21,THOGUTA,1719013,THOGUTA,,
17_3,SIDDIPET,21,THOGUTA,1719012,THUKKAPUR,,
17_3,SIDDIPET,21,THOGUTA,1719015,VEMULAGHAT,,
17_3,SIDDIPET,21,THOGUTA,1715023,VENKATRAOPET,,
17_3,SIDDIPET,21,THOGUTA,1719001,YELLAREDDIPETA,,
17_3,SIDDIPET,21,THOGUTA,1715012,ZAPTILINGAREDDIPALLE,,
17_3,SIDDIPET,22,WARGAL,1744020,AMBERPET,,
17_3,SIDDIPET,22,WARGAL,1744017,ANANTHAGIRIPALLE,,
17_3,SIDDIPET,22,WARGAL,1744015,CHANDAPUR,,
17_3,SIDDIPET,22,WARGAL,1744013,GIRMAPUR,,
17_3,SIDDIPET,22,WARGAL,1744010,GOURARAM,,
17_3,SIDDIPET,22,WARGAL,1744012,GOVINDAPUR,,
17_3,SIDDIPET,22,WARGAL,1744005,JABBAPUR,,
17_3,SIDDIPET,22,WARGAL,1744007,KONDAIPALLE,,
17_3,SIDDIPET,22,WARGAL,1744014,MADHARAM,,
17_3,SIDDIPET,22,WARGAL,1744003,MAJIDPALLE,,
17_3,SIDDIPET,22,WARGAL,1744024,MEENJIPETA,,
17_3,SIDDIPET,22,WARGAL,1744006,MYLARAM,,
17_3,SIDDIPET,22,WARGAL,1744002,NACHARAM,,
17_3,SIDDIPET,22,WARGAL,1744004,NEMTUR,,
17_3,SIDDIPET,22,WARGAL,1744018,RAMACHANDRAPUR,,
17_3,SIDDIPET,22,WARGAL,1744021,SHAKARAM,,
17_3,SIDDIPET,22,WARGAL,1744008,SINGAIPALLE,,
17_3,SIDDIPET,22,WARGAL,1744019,SITARAMPALLE,,
17_3,SIDDIPET,22,WARGAL,1744023,TUNKI MAKTA,,
17_3,SIDDIPET,22,WARGAL,1744022,TUNKIKHALASA,,
17_3,SIDDIPET,22,WARGAL,1744016,VELURU,,
17_3,SIDDIPET,22,WARGAL,1744011,WARGAL,,
18_1,NIZAMABAD,31,ALOOR,1804002,ALOOR,,
18_1,NIZAMABAD,31,ALOOR,1804006,DEGAON,,
18_1,NIZAMABAD,31,ALOOR,1804003,GAGGUPALLE,,
18_1,NIZAMABAD,31,ALOOR,1811012,GUTPA,,
18_1,NIZAMABAD,31,ALOOR,1811011,KALLADI,,
18_1,NIZAMABAD,31,ALOOR,1804001,MACHERLA,,
18_1,NIZAMABAD,31,ALOOR,1804005,MERDHAPALLE,,
18_1,NIZAMABAD,01,ARMOOR,1804007,AMDAPUR,,
18_1,NIZAMABAD,01,ARMOOR,1804018,ANKAPUR,,
18_1,NIZAMABAD,01,ARMOOR,1804017,ARMUR,,
18_1,NIZAMABAD,01,ARMOOR,1804021,CHEPUR,,
18_1,NIZAMABAD,01,ARMOOR,1804013,FATHEPUR,,
18_1,NIZAMABAD,01,ARMOOR,1804023,GOVINDPET,,
18_1,NIZAMABAD,01,ARMOOR,1804016,ISSAPALLE,,
18_1,NIZAMABAD,01,ARMOOR,1804009,KHANAPUR,,
18_1,NIZAMABAD,01,ARMOOR,1804011,KOMANPALLE,,
18_1,NIZAMABAD,01,ARMOOR,1804022,KOTHA ARMUR,,
18_1,NIZAMABAD,01,ARMOOR,1804008,MAGIDI,,
18_1,NIZAMABAD,01,ARMOOR,1804019,MAMIDIPALLE,,
18_1,NIZAMABAD,01,ARMOOR,1804015,MANTHANI,,
18_1,NIZAMABAD,01,ARMOOR,1804020,PERKIT,,
18_1,NIZAMABAD,01,ARMOOR,1804014,PIPRI,,
18_1,NIZAMABAD,01,ARMOOR,1804004,RAMPUR,,
18_1,NIZAMABAD,01,ARMOOR,1804012,SURABIRYAL,,
18_1,NIZAMABAD,02,BALKONDA,1805023,BALKONDA,,
18_1,NIZAMABAD,02,BALKONDA,1805025,BODEPALLE,,
18_1,NIZAMABAD,02,BALKONDA,1805024,CHITTAPUR,,
18_1,NIZAMABAD,02,BALKONDA,1805012,JALALPUR,,
18_1,NIZAMABAD,02,BALKONDA,1805022,KISANNAGAR,,
18_1,NIZAMABAD,02,BALKONDA,1805014,NAGAPOOR,,
18_1,NIZAMABAD,02,BALKONDA,1805026,VANNEL BASHIRABAD,,
18_1,NIZAMABAD,03,BHEEMGAL,1808008,BABANAGAR,,
18_1,NIZAMABAD,03,BHEEMGAL,1808009,BABAPUR,,
18_1,NIZAMABAD,03,BHEEMGAL,1808017,BACHENPALLE,,
18_1,NIZAMABAD,03,BHEEMGAL,1808012,BEJJORA,,
18_1,NIZAMABAD,03,BHEEMGAL,1808004,BHEEMGAL,,
18_1,NIZAMABAD,03,BHEEMGAL,1808001,CHANGAL,,
18_1,NIZAMABAD,03,BHEEMGAL,1808024,DEVAKKAPET,,
18_1,NIZAMABAD,03,BHEEMGAL,1808019,DEVAN PALLE,,
18_1,NIZAMABAD,03,BHEEMGAL,1808022,GANGARAI,,
18_1,NIZAMABAD,03,BHEEMGAL,1808014,GONGOPPUL,,
18_1,NIZAMABAD,03,BHEEMGAL,1808005,JAGRIAL,,
18_1,NIZAMABAD,03,BHEEMGAL,1808020,KAREPALLE,,
18_1,NIZAMABAD,03,BHEEMGAL,1808006,KUPKAL,,
18_1,NIZAMABAD,03,BHEEMGAL,1808011,LINGAPURCHOUTH,,
18_1,NIZAMABAD,03,BHEEMGAL,1808007,MENDHORA,,
18_1,NIZAMABAD,03,BHEEMGAL,1808015,MUCHKUR,,
18_1,NIZAMABAD,03,BHEEMGAL,1808018,PALLIKONDA,,
18_1,NIZAMABAD,03,BHEEMGAL,1808002,PEDDA BHEEMGAL,,
18_1,NIZAMABAD,03,BHEEMGAL,1808016,PIPRI,,
18_1,NIZAMABAD,03,BHEEMGAL,1808010,PURANIPET,,
18_1,NIZAMABAD,03,BHEEMGAL,1808021,RAHAT NAGAR,,
18_1,NIZAMABAD,03,BHEEMGAL,1808013,SALAMPUR,,
18_1,NIZAMABAD,03,BHEEMGAL,1808003,SIKANDRAPUR,,
18_1,NIZAMABAD,03,BHEEMGAL,1808023,THALLAPALLE,,
18_1,NIZAMABAD,04,BODHAN,1814022,ACHAMPALLE (RURAL),,
18_1,NIZAMABAD,04,BODHAN,1814038,AMDAPUR,,
18_1,NIZAMABAD,04,BODHAN,1814018,BANDARUPALLE,,
18_1,NIZAMABAD,04,BODHAN,1814020,BARDIPUR,,
18_1,NIZAMABAD,04,BODHAN,1814041,BELLAL TARFA,,
18_1,NIZAMABAD,04,BODHAN,1814035,BHAVANIPET,,
18_1,NIZAMABAD,04,BODHAN,1814001,BHICKNELLI,,
18_1,NIZAMABAD,04,BODHAN,1814040,BODHAN(URBAN),,
18_1,NIZAMABAD,04,BODHAN,1814044,CHEKKI TARFA,,
18_1,NIZAMABAD,04,BODHAN,1814043,DOUTHYAL TARFA,,
18_1,NIZAMABAD,04,BODHAN,1814042,DUDYAL TARFA,,
18_1,NIZAMABAD,04,BODHAN,1814023,ERAJPALLE,,
18_1,NIZAMABAD,04,BODHAN,1814002,HANGERGA,,
18_1,NIZAMABAD,04,BODHAN,1814006,KALDURTHI,,
18_1,NIZAMABAD,04,BODHAN,1814004,KHANDGAON,,
18_1,NIZAMABAD,04,BODHAN,1814003,KOPPERGA,,
18_1,NIZAMABAD,04,BODHAN,1814033,LADMAVANDI,,
18_1,NIZAMABAD,04,BODHAN,1814010,LANGADAPUR,,
18_1,NIZAMABAD,04,BODHAN,1814017,MACHAPUR,,
18_1,NIZAMABAD,04,BODHAN,1814011,MAVANDI (KALAN),,
18_1,NIZAMABAD,04,BODHAN,1814007,MAVANDI (KHUND),,
18_1,NIZAMABAD,04,BODHAN,1814034,MINARPALLE,,
18_1,NIZAMABAD,04,BODHAN,1814039,MITTAPUR,,
18_1,NIZAMABAD,04,BODHAN,1814025,NAGANPALLE,,
18_1,NIZAMABAD,04,BODHAN,1814032,NAGORA,,
18_1,NIZAMABAD,04,BODHAN,1814021,NARSAPUR,,
18_1,NIZAMABAD,04,BODHAN,1814037,OOTPALLE,,
18_1,NIZAMABAD,04,BODHAN,1814045,PANDU TARFA,,
18_1,NIZAMABAD,04,BODHAN,1814008,PEGADAPALLE,,
18_1,NIZAMABAD,04,BODHAN,1814009,PENTA KALAN,,
18_1,NIZAMABAD,04,BODHAN,1814031,PENTA KHURD,,
18_1,NIZAMABAD,04,BODHAN,1814012,RAMPUR,,
18_1,NIZAMABAD,04,BODHAN,1814036,SANGAM,,
18_1,NIZAMABAD,04,BODHAN,1814005,SIDDAPUR,,
18_1,NIZAMABAD,29,CHANDUR,1820015,CHANDUR,,
18_1,NIZAMABAD,29,CHANDUR,1820005,GHANPUR,,
18_1,NIZAMABAD,29,CHANDUR,1820012,KAREGAON,,
18_1,NIZAMABAD,29,CHANDUR,1820013,LAXMAPUR,,
18_1,NIZAMABAD,29,CHANDUR,1820026,MEDPALLE,,
18_1,NIZAMABAD,05,DHARPALLY,1822002,CHALLAGARGA,,
18_1,NIZAMABAD,05,DHARPALLY,1822004,DAMMANNAPET,,
18_1,NIZAMABAD,05,DHARPALLY,1822010,DHARPALLE,,
18_1,NIZAMABAD,05,DHARPALLY,1822003,DUBBAK,,
18_1,NIZAMABAD,05,DHARPALLY,1822009,GOVINDPALLE,,
18_1,NIZAMABAD,05,DHARPALLY,1823014,HONNAJIPET,,
18_1,NIZAMABAD,05,DHARPALLY,1822005,KASARAM,,
18_1,NIZAMABAD,05,DHARPALLY,1822007,KONAIPALLE,,
18_1,NIZAMABAD,05,DHARPALLY,1823015,KOTALPALLE,,
18_1,NIZAMABAD,05,DHARPALLY,1822001,MAILARAM,,
18_1,NIZAMABAD,05,DHARPALLY,1822006,RAMADUGU,,
18_1,NIZAMABAD,05,DHARPALLY,1823001,REKULAPALLE,,
18_1,NIZAMABAD,06,DICHPALLY,1821004,AMRUTHAPUR,,
18_1,NIZAMABAD,06,DICHPALLY,1821001,AREPALLE,,
18_1,NIZAMABAD,06,DICHPALLY,1821002,BARDIPUR,,
18_1,NIZAMABAD,06,DICHPALLY,1821013,BIBIPUR,,
18_1,NIZAMABAD,06,DICHPALLY,1821014,DICHPALLE,,
18_1,NIZAMABAD,06,DICHPALLY,1821016,DUSGAON,,
18_1,NIZAMABAD,06,DICHPALLY,1821015,GHANPUR,,
18_1,NIZAMABAD,06,DICHPALLY,1821012,KAMALAPUR,,
18_1,NIZAMABAD,06,DICHPALLY,1821009,KORATPALLE,,
18_1,NIZAMABAD,06,DICHPALLY,1821003,MENTRAJPALLE,,
18_1,NIZAMABAD,06,DICHPALLY,1821010,MITTAPALLE,,
18_1,NIZAMABAD,06,DICHPALLY,1812029,MULLANGI,,
18_1,NIZAMABAD,06,DICHPALLY,1821005,NADEPALLE,,
18_1,NIZAMABAD,06,DICHPALLY,1821011,RAMPUR,,
18_1,NIZAMABAD,06,DICHPALLY,1821006,SUDDEPALLE,,
18_1,NIZAMABAD,06,DICHPALLY,1821008,SUDDULAM,,
18_1,NIZAMABAD,06,DICHPALLY,1821007,YANAMPALLE,,
18_1,NIZAMABAD,32,DONKESHWAR,1803005,ANNARAM,,
18_1,NIZAMABAD,32,DONKESHWAR,1803014,DATTAPUR,,
18_1,NIZAMABAD,32,DONKESHWAR,1803004,DONKESHWAR,,
18_1,NIZAMABAD,32,DONKESHWAR,1803008,GADEPALLE,,
18_1,NIZAMABAD,32,DONKESHWAR,1803012,GANGASAMUNDAR,,
18_1,NIZAMABAD,32,DONKESHWAR,1803016,KOMATPALLE,,
18_1,NIZAMABAD,32,DONKESHWAR,1803013,MARAMPALLE,,
18_1,NIZAMABAD,32,DONKESHWAR,1803007,NARKODH,,
18_1,NIZAMABAD,32,DONKESHWAR,1803003,NIKALPUR,,
18_1,NIZAMABAD,32,DONKESHWAR,1803011,NOOTHPALLE,,
18_1,NIZAMABAD,32,DONKESHWAR,1803006,SIRPUR,,
18_1,NIZAMABAD,32,DONKESHWAR,1803024,TONDAKUR,,
18_1,NIZAMABAD,07,INDALWAI,1822015,DONKAL,,
18_1,NIZAMABAD,07,INDALWAI,1821019,GANNARAM,,
18_1,NIZAMABAD,07,INDALWAI,1822012,GOURARAM,,
18_1,NIZAMABAD,07,INDALWAI,1821017,INDALWAI,,
18_1,NIZAMABAD,07,INDALWAI,1822008,LOLAM,,
18_1,NIZAMABAD,07,INDALWAI,1821018,MALLAPUR,,
18_1,NIZAMABAD,07,INDALWAI,1822013,NALLAVALLY,,
18_1,NIZAMABAD,07,INDALWAI,1822014,SIRNAPALLE,,
18_1,NIZAMABAD,07,INDALWAI,1821020,THIMBAKPET,,
18_1,NIZAMABAD,07,INDALWAI,1822011,VENGALPAD,,
18_1,NIZAMABAD,08,JAKRANPALLE,1810004,ARGUL,,
18_1,NIZAMABAD,08,JAKRANPALLE,1810005,BRAHMANPALLE,,
18_1,NIZAMABAD,08,JAKRANPALLE,1810015,CHINTALUR,,
18_1,NIZAMABAD,08,JAKRANPALLE,1810008,JAKRANPALLE,,
18_1,NIZAMABAD,08,JAKRANPALLE,1810014,KALIGOTE,,
18_1,NIZAMABAD,08,JAKRANPALLE,1810017,KESHPALLE,,
18_1,NIZAMABAD,08,JAKRANPALLE,1810007,KOLIPAKA,,
18_1,NIZAMABAD,08,JAKRANPALLE,1810002,LAKSHMAPUR,,
18_1,NIZAMABAD,08,JAKRANPALLE,1810009,MADHAPUR,,
18_1,NIZAMABAD,08,JAKRANPALLE,1810013,MANOHARABAD,,
18_1,NIZAMABAD,08,JAKRANPALLE,1810001,MUNPALLE,,
18_1,NIZAMABAD,08,JAKRANPALLE,1810003,NARAYANPET,,
18_1,NIZAMABAD,08,JAKRANPALLE,1810012,PADKAL,,
18_1,NIZAMABAD,08,JAKRANPALLE,1810010,POPPALPALLE,,
18_1,NIZAMABAD,08,JAKRANPALLE,1810011,SIKINDRAPUR,,
18_1,NIZAMABAD,08,JAKRANPALLE,1810006,THORLIKONDA,,
18_1,NIZAMABAD,09,KAMMARPALLY,1807007,BASHEERABAD,,
18_1,NIZAMABAD,09,KAMMARPALLY,1807018,BELUR,,
18_1,NIZAMABAD,09,KAMMARPALLY,1807006,CHOUTUPALLE,,
18_1,NIZAMABAD,09,KAMMARPALLY,1807002,DAMMANNAPET,,
18_1,NIZAMABAD,09,KAMMARPALLY,1807010,DAMMANNAPET (AMEERNAGAR,,
18_1,NIZAMABAD,09,KAMMARPALLY,1807017,GUDILINGAPUR,,
18_1,NIZAMABAD,09,KAMMARPALLY,1807016,GUNTE PALLE,,
18_1,NIZAMABAD,09,KAMMARPALLY,1807005,HASAKOTHUR,,
18_1,NIZAMABAD,09,KAMMARPALLY,1807012,INAYAT NAGAR,,
18_1,NIZAMABAD,09,KAMMARPALLY,1807004,KAMMAR PALLE,,
18_1,NIZAMABAD,09,KAMMARPALLY,1807013,KONAPUR,,
18_1,NIZAMABAD,09,KAMMARPALLY,1807008,KONASAMANDAR,,
18_1,NIZAMABAD,09,KAMMARPALLY,1807009,LAKSHMAPUR,,
18_1,NIZAMABAD,09,KAMMARPALLY,1807003,NAGAPOOR,,
18_1,NIZAMABAD,09,KAMMARPALLY,1807011,NARSAPUR,,
18_1,NIZAMABAD,09,KAMMARPALLY,1807015,REACH PALLE,,
18_1,NIZAMABAD,09,KAMMARPALLY,1807001,UPLOOR,,
18_1,NIZAMABAD,10,KOTAGIRI,1815036,ADKAS PALLE,,
18_1,NIZAMABAD,10,KOTAGIRI,1815017,AMRAPUR,,
18_1,NIZAMABAD,10,KOTAGIRI,1815034,BAREEDPUR,,
18_1,NIZAMABAD,10,KOTAGIRI,1815037,BASWAPUR,,
18_1,NIZAMABAD,10,KOTAGIRI,1815026,EKLASPUR,,
18_1,NIZAMABAD,10,KOTAGIRI,1815010,ETHONDA,,
18_1,NIZAMABAD,10,KOTAGIRI,1815029,FAKEERABAD,,
18_1,NIZAMABAD,10,KOTAGIRI,1815038,GANNAVARAM,,
18_1,NIZAMABAD,10,KOTAGIRI,1815018,KOTGIRI,,
18_1,NIZAMABAD,10,KOTAGIRI,1815030,KOTHAPALLE,,
18_1,NIZAMABAD,10,KOTAGIRI,1815039,LINGAPUR,,
18_1,NIZAMABAD,10,KOTAGIRI,1815024,MALKAPUR,,
18_1,NIZAMABAD,10,KOTAGIRI,1815025,MIRZAPUR,,
18_1,NIZAMABAD,10,KOTAGIRI,1815028,RAMPUR,,
18_1,NIZAMABAD,10,KOTAGIRI,1815027,ROZAPUR,,
18_1,NIZAMABAD,10,KOTAGIRI,1815016,SAILAMPUR,,
18_1,NIZAMABAD,10,KOTAGIRI,1815035,SUDLAM,,
18_1,NIZAMABAD,10,KOTAGIRI,1815003,VALLABHAPUR,,
18_1,NIZAMABAD,10,KOTAGIRI,1815009,YADGARPUR,,
18_1,NIZAMABAD,10,KOTAGIRI,1815019,ZAINAPUR,,
18_1,NIZAMABAD,11,MAKLOOR,1811020,AMRAD,,
18_1,NIZAMABAD,11,MAKLOOR,1811008,BONKANPALLE,,
18_1,NIZAMABAD,11,MAKLOOR,1811016,BORGAON (KALAN),,
18_1,NIZAMABAD,11,MAKLOOR,1811001,CHIKLI,,
18_1,NIZAMABAD,11,MAKLOOR,1811017,CHINNAPUR,,
18_1,NIZAMABAD,11,MAKLOOR,1811003,DHARMORA,,
18_1,NIZAMABAD,11,MAKLOOR,1811023,GANGARAMANDA,,
18_1,NIZAMABAD,11,MAKLOOR,1811009,GOTMUKKALA,,
18_1,NIZAMABAD,11,MAKLOOR,1811002,GUNJALI,,
18_1,NIZAMABAD,11,MAKLOOR,1811004,LAKMAPUR,,
18_1,NIZAMABAD,11,MAKLOOR,1811022,MADANPALLE,,
18_1,NIZAMABAD,11,MAKLOOR,1811013,MAKLOOR,,
18_1,NIZAMABAD,11,MAKLOOR,1811005,MAMDAPUR,,
18_1,NIZAMABAD,11,MAKLOOR,1811018,MAMIDIPALLE,,
18_1,NIZAMABAD,11,MAKLOOR,1811019,MANIK BHANDAR,,
18_1,NIZAMABAD,11,MAKLOOR,1811006,METPALLE,,
18_1,NIZAMABAD,11,MAKLOOR,1811014,MULLANGI (BINSLA),,
18_1,NIZAMABAD,11,MAKLOOR,1811015,SINGAMPALLE,,
18_1,NIZAMABAD,11,MAKLOOR,1811021,VADDATIPALLE,,
18_1,NIZAMABAD,11,MAKLOOR,1811007,VALLABHAPUR,,
18_1,NIZAMABAD,11,MAKLOOR,1811010,VENKATAPUR,,
18_1,NIZAMABAD,12,MENDORA,1805007,BUSSAPUR,,
18_1,NIZAMABAD,12,MENDORA,1805003,CHAKERIYAL,,
18_1,NIZAMABAD,12,MENDORA,1805002,DOODGAON,,
18_1,NIZAMABAD,12,MENDORA,1805004,KODECHERLA,,
18_1,NIZAMABAD,12,MENDORA,1805006,MENDORA,,
18_1,NIZAMABAD,12,MENDORA,1805005,SAVEL,,
18_1,NIZAMABAD,12,MENDORA,1805001,SOANPET,,
18_1,NIZAMABAD,12,MENDORA,1805017,VELGATUR,,
18_1,NIZAMABAD,13,MORTHAD,1806011,DHARMORA,,
18_1,NIZAMABAD,13,MORTHAD,1806012,DONKAL,,
18_1,NIZAMABAD,13,MORTHAD,1806015,DONPAL,,
18_1,NIZAMABAD,13,MORTHAD,1806013,MORTAD,,
18_1,NIZAMABAD,13,MORTHAD,1806010,PALEM,,
18_1,NIZAMABAD,13,MORTHAD,1806007,SHETPALLE,,
18_1,NIZAMABAD,13,MORTHAD,1806016,SUNKAT,,
18_1,NIZAMABAD,13,MORTHAD,1806009,THIMMAPUR,,
18_1,NIZAMABAD,13,MORTHAD,1806014,VADDIYAT,,
18_1,NIZAMABAD,28,MOSRA,1820010,BAJIDAPUR,,
18_1,NIZAMABAD,28,MOSRA,1820008,CHINTAKUNTA,,
18_1,NIZAMABAD,28,MOSRA,1820006,GOVOOR,,
18_1,NIZAMABAD,28,MOSRA,1820007,MOSRA,,
18_1,NIZAMABAD,28,MOSRA,1820011,MOULALIPUR,,
18_1,NIZAMABAD,28,MOSRA,1820009,THIMMAPUR,,
18_1,NIZAMABAD,14,MUGPAL,1812033,AMRABAD,,
18_1,NIZAMABAD,14,MUGPAL,1812032,BADSI,,
18_1,NIZAMABAD,14,MUGPAL,1812037,BHAIRAPUR,,
18_1,NIZAMABAD,14,MUGPAL,1812019,BORGAON (P),,
18_1,NIZAMABAD,14,MUGPAL,1812031,CHINNAPUR,,
18_1,NIZAMABAD,14,MUGPAL,1812038,KALPOLE,,
18_1,NIZAMABAD,14,MUGPAL,1812028,KANJER,,
18_1,NIZAMABAD,14,MUGPAL,1812030,KULASPUR,,
18_1,NIZAMABAD,14,MUGPAL,1812035,MANCHIPPA,,
18_1,NIZAMABAD,14,MUGPAL,1812036,MUDAKPALLE,,
18_1,NIZAMABAD,14,MUGPAL,1812021,MUGPAL,,
18_1,NIZAMABAD,14,MUGPAL,1812022,NYALKAL,,
18_1,NIZAMABAD,14,MUGPAL,1812027,SIRPUR,,
18_1,NIZAMABAD,14,MUGPAL,1812020,THANA KHURD,,
18_1,NIZAMABAD,14,MUGPAL,1812034,YELLAMKUNTA,,
18_1,NIZAMABAD,15,MUPKAL,1805016,KOTHAPALLE,,
18_1,NIZAMABAD,15,MUPKAL,1805015,MUKPAL,,
18_1,NIZAMABAD,15,MUPKAL,1805020,NAGAMPET,,
18_1,NIZAMABAD,15,MUPKAL,1805008,NALLUR,,
18_1,NIZAMABAD,15,MUPKAL,1805019,RENJARLA,,
18_1,NIZAMABAD,15,MUPKAL,1805021,VEMPALLE,,
18_1,NIZAMABAD,15,MUPKAL,1805018,VENCHARIYAL,,
18_1,NIZAMABAD,16,NANDIPET,1803029,AILAPUR,,
18_1,NIZAMABAD,16,NANDIPET,1803002,BADGONI,,
18_1,NIZAMABAD,16,NANDIPET,1803021,BAZARKOTHUR,,
18_1,NIZAMABAD,16,NANDIPET,1803018,C.H.KONDOOR,,
18_1,NIZAMABAD,16,NANDIPET,1803031,CHIMRAJPALLE,,
18_1,NIZAMABAD,16,NANDIPET,1803027,JOORPUR,,
18_1,NIZAMABAD,16,NANDIPET,1803032,KAMTAM,,
18_1,NIZAMABAD,16,NANDIPET,1803023,KHUDAVANAPUR,,
18_1,NIZAMABAD,16,NANDIPET,1803020,LAKKAMPALLE,,
18_1,NIZAMABAD,16,NANDIPET,1803030,MALLARAM,,
18_1,NIZAMABAD,16,NANDIPET,1803017,MAYAPUR,,
18_1,NIZAMABAD,16,NANDIPET,1803022,NANDIPET,,
18_1,NIZAMABAD,16,NANDIPET,1803015,SHAHPUR,,
18_1,NIZAMABAD,16,NANDIPET,1803026,SIDDAPUR,,
18_1,NIZAMABAD,16,NANDIPET,1803019,TALVEDA,,
18_1,NIZAMABAD,16,NANDIPET,1803001,UMMEDA,,
18_1,NIZAMABAD,16,NANDIPET,1803025,VANNEL(KHURD),,
18_1,NIZAMABAD,16,NANDIPET,1803028,VELMEL,,
18_1,NIZAMABAD,17,NAVIPET,1802014,ABBAPUR (B),,
18_1,NIZAMABAD,17,NAVIPET,1802030,ABBAPUR (M),,
18_1,NIZAMABAD,17,NAVIPET,1802028,ABHANGAPATNAM,,
18_1,NIZAMABAD,17,NAVIPET,1802002,ALZAPUR,,
18_1,NIZAMABAD,17,NAVIPET,1802032,ANANTHAGIRI,,
18_1,NIZAMABAD,17,NAVIPET,1802007,ANKAMPALLE,,
18_1,NIZAMABAD,17,NAVIPET,1802004,BINOLA,,
18_1,NIZAMABAD,17,NAVIPET,1802031,DHARMARAM,,
18_1,NIZAMABAD,17,NAVIPET,1802029,DHARYAPUR,,
18_1,NIZAMABAD,17,NAVIPET,1802021,FATHENAGAR,,
18_1,NIZAMABAD,17,NAVIPET,1802012,JANNIPALLE,,
18_1,NIZAMABAD,17,NAVIPET,1802024,KAMALAPUR,,
18_1,NIZAMABAD,17,NAVIPET,1802017,KANDEPALLE,,
18_1,NIZAMABAD,17,NAVIPET,1802015,KHADRABAD,,
18_1,NIZAMABAD,17,NAVIPET,1802019,KOSLI,,
18_1,NIZAMABAD,17,NAVIPET,1802009,LINGAPUR,,
18_1,NIZAMABAD,17,NAVIPET,1802016,MADDEPALLE,,
18_1,NIZAMABAD,17,NAVIPET,1802027,MAHANTHAM,,
18_1,NIZAMABAD,17,NAVIPET,1802018,MITTAPUR,,
18_1,NIZAMABAD,17,NAVIPET,1802026,MOKANPALLE,,
18_1,NIZAMABAD,17,NAVIPET,1802020,NAGEPUR,,
18_1,NIZAMABAD,17,NAVIPET,1802006,NALESHWAR,,
18_1,NIZAMABAD,17,NAVIPET,1802003,NANDIGAON,,
18_1,NIZAMABAD,17,NAVIPET,1802025,NARAYANPUR,,
18_1,NIZAMABAD,17,NAVIPET,1802023,NAVIPET,,
18_1,NIZAMABAD,17,NAVIPET,1802008,NIZAMPUR,,
18_1,NIZAMABAD,17,NAVIPET,1802013,POTHANGAL,,
18_1,NIZAMABAD,17,NAVIPET,1802022,RAMPUR,,
18_1,NIZAMABAD,17,NAVIPET,1802010,SHAIKHAPUR,,
18_1,NIZAMABAD,17,NAVIPET,1802011,SHIRANPALLE,,
18_1,NIZAMABAD,17,NAVIPET,1802005,TUNGINI,,
18_1,NIZAMABAD,17,NAVIPET,1802001,YAMCHA,,
18_1,NIZAMABAD,18,NIZAMABAD NORTH,1812011,ARSAPALLE,,
18_1,NIZAMABAD,18,NIZAMABAD NORTH,1812014,KANTESHWAR,,
18_1,NIZAMABAD,19,NIZAMABAD RURAL,1812023,DHARMARAM (A),,
18_1,NIZAMABAD,19,NIZAMABAD RURAL,1812015,GOPANPALLE,,
18_1,NIZAMABAD,19,NIZAMABAD RURAL,1812007,GUNDARAM,,
18_1,NIZAMABAD,19,NIZAMABAD RURAL,1812002,JALALPUR,,
18_1,NIZAMABAD,19,NIZAMABAD RURAL,1812006,KALUR,,
18_1,NIZAMABAD,19,NIZAMABAD RURAL,1812016,KESHAPUR,,
18_1,NIZAMABAD,19,NIZAMABAD RURAL,1812012,KHANAPUR,,
18_1,NIZAMABAD,19,NIZAMABAD RURAL,1812004,KONDUR,,
18_1,NIZAMABAD,19,NIZAMABAD RURAL,1812005,LAXMAPUR,,
18_1,NIZAMABAD,19,NIZAMABAD RURAL,1812008,MALKAPUR,,
18_1,NIZAMABAD,19,NIZAMABAD RURAL,1812026,MALKAPUR (J),,
18_1,NIZAMABAD,19,NIZAMABAD RURAL,1812024,MALLARAM,,
18_1,NIZAMABAD,19,NIZAMABAD RURAL,1812013,MUBARAKNAGAR,,
18_1,NIZAMABAD,19,NIZAMABAD RURAL,1812025,MUTHAKUNTA,,
18_1,NIZAMABAD,19,NIZAMABAD RURAL,1812001,PALDA,,
18_1,NIZAMABAD,19,NIZAMABAD RURAL,1812017,PANGRA,,
18_1,NIZAMABAD,19,NIZAMABAD RURAL,1812009,SARANGAPUR,,
18_1,NIZAMABAD,19,NIZAMABAD RURAL,1812010,SERIPUR,,
18_1,NIZAMABAD,19,NIZAMABAD RURAL,1812003,TIRMANPALLE,,
18_1,NIZAMABAD,20,NIZAMABAD SOUTH,1812018,NIZAMABAD (URBAN),,
18_1,NIZAMABAD,30,POTHANGAL,1815004,DOMALEDGI,,
18_1,NIZAMABAD,30,POTHANGAL,1815021,HANGERGA,,
18_1,NIZAMABAD,30,POTHANGAL,1815008,HEGDOLI,,
18_1,NIZAMABAD,30,POTHANGAL,1815007,HUMNAPUR,,
18_1,NIZAMABAD,30,POTHANGAL,1815031,JALLAPALLE,,
18_1,NIZAMABAD,30,POTHANGAL,1815033,KALLUR,,
18_1,NIZAMABAD,30,POTHANGAL,1815020,KAREGOAN,,
18_1,NIZAMABAD,30,POTHANGAL,1815032,KODCHERLA,,
18_1,NIZAMABAD,30,POTHANGAL,1815005,KOLLUR,,
18_1,NIZAMABAD,30,POTHANGAL,1815023,POTANGAL,,
18_1,NIZAMABAD,30,POTHANGAL,1815001,SOMPUR,,
18_1,NIZAMABAD,30,POTHANGAL,1815006,SUNKINI,,
18_1,NIZAMABAD,30,POTHANGAL,1815002,TAKLI,,
18_1,NIZAMABAD,30,POTHANGAL,1815022,TIRMALAPUR,,
18_1,NIZAMABAD,21,RENJAL,1801005,BHAGEPALLE,,
18_1,NIZAMABAD,21,RENJAL,1801003,BOREGAON,,
18_1,NIZAMABAD,21,RENJAL,1801008,DUPALLE,,
18_1,NIZAMABAD,21,RENJAL,1801007,KALYAPUR,,
18_1,NIZAMABAD,21,RENJAL,1801002,KANDAKURTHI,,
18_1,NIZAMABAD,21,RENJAL,1801006,KUNEPALLE,,
18_1,NIZAMABAD,21,RENJAL,1801001,NEELA,,
18_1,NIZAMABAD,21,RENJAL,1801009,RANJAL,,
18_1,NIZAMABAD,21,RENJAL,1801010,SATAPUR,,
18_1,NIZAMABAD,21,RENJAL,1801004,TADBILOLLI,,
18_1,NIZAMABAD,22,RUDRUR,1820002,AKBAR NAGAR,,
18_1,NIZAMABAD,22,RUDRUR,1820018,AMBAM,,
18_1,NIZAMABAD,22,RUDRUR,1820003,BOPPAPUR,,
18_1,NIZAMABAD,22,RUDRUR,1815015,CHIKATPALLE,,
18_1,NIZAMABAD,22,RUDRUR,1820019,KONDAPUR,,
18_1,NIZAMABAD,22,RUDRUR,1815013,LINGAMPALLE,,
18_1,NIZAMABAD,22,RUDRUR,1815012,RAIKUR,,
18_1,NIZAMABAD,22,RUDRUR,1815014,RAMANPALLE,,
18_1,NIZAMABAD,22,RUDRUR,1820001,RUDRUR,,
18_1,NIZAMABAD,22,RUDRUR,1815011,SIDDAPUR,,
18_1,NIZAMABAD,33,SALOORA,1814014,FATHEPUR,,
18_1,NIZAMABAD,33,SALOORA,1814028,HUNSA,,
18_1,NIZAMABAD,33,SALOORA,1814016,JADIJAMALPUR,,
18_1,NIZAMABAD,33,SALOORA,1814027,KHAJAPUR,,
18_1,NIZAMABAD,33,SALOORA,1814026,KUMMAMPALLE,,
18_1,NIZAMABAD,33,SALOORA,1814024,LAKMAPUR,,
18_1,NIZAMABAD,33,SALOORA,1814029,MANDHARNA,,
18_1,NIZAMABAD,33,SALOORA,1814030,SALAMPAD,,
18_1,NIZAMABAD,33,SALOORA,1814015,SALOORA,,
18_1,NIZAMABAD,33,SALOORA,1814013,TAGGELLI,,
18_1,NIZAMABAD,23,SIRKONDA,1823008,CHIMANPALLE,,
18_1,NIZAMABAD,23,SIRKONDA,1823004,CHINNA WALGOT,,
18_1,NIZAMABAD,23,SIRKONDA,1823018,GADKOLE,,
18_1,NIZAMABAD,23,SIRKONDA,1823022,GARGEPAHAD,,
18_1,NIZAMABAD,23,SIRKONDA,1823019,HUSSAINNAGAR,,
18_1,NIZAMABAD,23,SIRKONDA,1823016,KONDAPUR,,
18_1,NIZAMABAD,23,SIRKONDA,1823012,KONDUR,,
18_1,NIZAMABAD,23,SIRKONDA,1823010,MAILARAM,,
18_1,NIZAMABAD,23,SIRKONDA,1823017,MUSHEERNAGAR,,
18_1,NIZAMABAD,23,SIRKONDA,1823005,NYAVANANDI,,
18_1,NIZAMABAD,23,SIRKONDA,1823020,PAKHAL,,
18_1,NIZAMABAD,23,SIRKONDA,1823009,PANDIMADUGU,,
18_1,NIZAMABAD,23,SIRKONDA,1823002,PEDDA WALGOT,,
18_1,NIZAMABAD,23,SIRKONDA,1823003,POTHNUR,,
18_1,NIZAMABAD,23,SIRKONDA,1823013,RAMADUGU,,
18_1,NIZAMABAD,23,SIRKONDA,1823006,RAVUTLA,,
18_1,NIZAMABAD,23,SIRKONDA,1823011,SIRKONDA,,
18_1,NIZAMABAD,23,SIRKONDA,1823007,THATPALLE,,
18_1,NIZAMABAD,23,SIRKONDA,1823021,THUMPALLE,,
18_1,NIZAMABAD,24,VAILPOOR,1809014,AKLUR,,
18_1,NIZAMABAD,24,VAILPOOR,1809009,AMEENAPUR,,
18_1,NIZAMABAD,24,VAILPOOR,1809004,ANKSAPUR,,
18_1,NIZAMABAD,24,VAILPOOR,1809011,JANAKAMPET,,
18_1,NIZAMABAD,24,VAILPOOR,1809006,KOMANPALLE,,
18_1,NIZAMABAD,24,VAILPOOR,1809016,KOTHAPALLE,,
18_1,NIZAMABAD,24,VAILPOOR,1809005,KUKNOOR,,
18_1,NIZAMABAD,24,VAILPOOR,1809001,LAKHORA,,
18_1,NIZAMABAD,24,VAILPOOR,1809013,MOTHE,,
18_1,NIZAMABAD,24,VAILPOOR,1809012,P.NARKHODA,,
18_1,NIZAMABAD,24,VAILPOOR,1809002,PADGAL,,
18_1,NIZAMABAD,24,VAILPOOR,1809003,POCHAMPALLE,,
18_1,NIZAMABAD,24,VAILPOOR,1806017,RAMANNAPET,,
18_1,NIZAMABAD,24,VAILPOOR,1809010,SAHEBPET,,
18_1,NIZAMABAD,24,VAILPOOR,1809008,VELPUR,,
18_1,NIZAMABAD,24,VAILPOOR,1809007,VENKATAPUR,,
18_1,NIZAMABAD,24,VAILPOOR,1809015,WADI,,
18_1,NIZAMABAD,25,VARNI,1820004,HUMNAPUR,,
18_1,NIZAMABAD,25,VARNI,1820022,JAKHORA,,
18_1,NIZAMABAD,25,VARNI,1820024,JALALPUR,,
18_1,NIZAMABAD,25,VARNI,1820023,KHUNIPUR,,
18_1,NIZAMABAD,25,VARNI,1820021,MALLARAM,,
18_1,NIZAMABAD,25,VARNI,1820028,PEDMAL,,
18_1,NIZAMABAD,25,VARNI,1820014,RAJPET,,
18_1,NIZAMABAD,25,VARNI,1820029,SATHYANARAYANAPURAM,,
18_1,NIZAMABAD,25,VARNI,1820025,SAYEEDPUR,,
18_1,NIZAMABAD,25,VARNI,1820016,SHANKOORA,,
18_1,NIZAMABAD,25,VARNI,1820027,SIDDAPUR,,
18_1,NIZAMABAD,25,VARNI,1820020,TAGLEPALLE,,
18_1,NIZAMABAD,25,VARNI,1820017,VARNI,,
18_1,NIZAMABAD,26,YEDAPALLY,1813001,AMBAM,,
18_1,NIZAMABAD,26,YEDAPALLY,1813002,BRAHMANPALLE,,
18_1,NIZAMABAD,26,YEDAPALLY,1813009,IBRAHIMPUR,,
18_1,NIZAMABAD,26,YEDAPALLY,1813003,JAITHAPUR,,
18_1,NIZAMABAD,26,YEDAPALLY,1813007,JAMALAM,,
18_1,NIZAMABAD,26,YEDAPALLY,1813005,JANKAMPET,,
18_1,NIZAMABAD,26,YEDAPALLY,1813012,KURNAPALLE,,
18_1,NIZAMABAD,26,YEDAPALLY,1813011,MALLEPAHAD,,
18_1,NIZAMABAD,26,YEDAPALLY,1813010,MANGALPAHAD,,
18_1,NIZAMABAD,26,YEDAPALLY,1813004,POCHARAM,,
18_1,NIZAMABAD,26,YEDAPALLY,1813006,THANEKALAN,,
18_1,NIZAMABAD,26,YEDAPALLY,1813008,YEDAPALLE,,
18_1,NIZAMABAD,26,YEDAPALLY,1813013,YEDAPALLE NSL,,
18_1,NIZAMABAD,27,YERGATLA,1806006,BATTAPUR,,
18_1,NIZAMABAD,27,YERGATLA,1806002,DOMCHANDA,,
18_1,NIZAMABAD,27,YERGATLA,1806003,GUMERIYAL,,
18_1,NIZAMABAD,27,YERGATLA,1806004,TADLA RAMPUR,,
18_1,NIZAMABAD,27,YERGATLA,1806001,TADPAKAL,,
18_1,NIZAMABAD,27,YERGATLA,1806008,THURAT,,
18_1,NIZAMABAD,27,YERGATLA,1806005,YERGATLA,,
18_2,KAMAREDDY,01,BANSWADA,1827014,BANSWADA,,
18_2,KAMAREDDY,01,BANSWADA,1827013,BORLAM,,
18_2,KAMAREDDY,01,BANSWADA,1827018,BUDMI,,
18_2,KAMAREDDY,01,BANSWADA,1827015,CHINNA NAGARAM,,
18_2,KAMAREDDY,01,BANSWADA,1827006,CHINNA RAMPUR,,
18_2,KAMAREDDY,01,BANSWADA,1827016,CHINTALNAGARAM,,
18_2,KAMAREDDY,01,BANSWADA,1827004,DESAIPET,,
18_2,KAMAREDDY,01,BANSWADA,1827008,HANMAJIPET,,
18_2,KAMAREDDY,01,BANSWADA,1827011,IBRAHIMPET,,
18_2,KAMAREDDY,01,BANSWADA,1827007,KHADLAPUR,,
18_2,KAMAREDDY,01,BANSWADA,1827001,KOLLUR,,
18_2,KAMAREDDY,01,BANSWADA,1827010,KONAPUR,,
18_2,KAMAREDDY,01,BANSWADA,1827005,POCHARAM,,
18_2,KAMAREDDY,01,BANSWADA,1827009,SANGOJIPET,,
18_2,KAMAREDDY,01,BANSWADA,1827012,SINGRAIPALLE,,
18_2,KAMAREDDY,01,BANSWADA,1827003,SOMESWAR,,
18_2,KAMAREDDY,01,BANSWADA,1827017,TADKOLE,,
18_2,KAMAREDDY,01,BANSWADA,1827019,TIRMALAPUR,,
18_2,KAMAREDDY,01,BANSWADA,1827002,VASUDEVPALLE,,
18_2,KAMAREDDY,02,BHIKNOOR,1835008,ANTHAMPALLE,,
18_2,KAMAREDDY,02,BHIKNOOR,1835019,BAGIRTHIPALLE,,
18_2,KAMAREDDY,02,BHIKNOOR,1835014,BASWAPUR,,
18_2,KAMAREDDY,02,BHIKNOOR,1835011,BHIKNUR,,
18_2,KAMAREDDY,02,BHIKNOOR,1835012,GURJAKUNTA,,
18_2,KAMAREDDY,02,BHIKNOOR,1835018,ISANNAPALLE,,
18_2,KAMAREDDY,02,BHIKNOOR,1835004,JANGAMPALLE,,
18_2,KAMAREDDY,02,BHIKNOOR,1835010,KACHAPUR,,
18_2,KAMAREDDY,02,BHIKNOOR,1835017,KANCHERLA,,
18_2,KAMAREDDY,02,BHIKNOOR,1835009,LAXMIDEVIPALLE,,
18_2,KAMAREDDY,02,BHIKNOOR,1835015,MALLUPALLE,,
18_2,KAMAREDDY,02,BHIKNOOR,1835016,PEDDAMALLAREDDY,,
18_2,KAMAREDDY,02,BHIKNOOR,1835007,RAMESWARPALLE,,
18_2,KAMAREDDY,02,BHIKNOOR,1835013,RYEGATLAPALLE,,
18_2,KAMAREDDY,02,BHIKNOOR,1835006,TIPPAPUR,,
18_2,KAMAREDDY,03,BIBIPET,1836016,BIBIPET,,
18_2,KAMAREDDY,03,BIBIPET,1836020,ISSANAGAR,,
18_2,KAMAREDDY,03,BIBIPET,1836013,JANAGAON,,
18_2,KAMAREDDY,03,BIBIPET,1836010,KONAPUR,,
18_2,KAMAREDDY,03,BIBIPET,1836017,MALKAPUR,,
18_2,KAMAREDDY,03,BIBIPET,1836015,MOHAMMADAPUR,,
18_2,KAMAREDDY,03,BIBIPET,1836021,RAMCHANDRAPUR,,
18_2,KAMAREDDY,03,BIBIPET,1836011,RAMREDDIPALLE,,
18_2,KAMAREDDY,03,BIBIPET,1836019,SIRIBIBIPET,,
18_2,KAMAREDDY,03,BIBIPET,1836018,TUJALPUR,,
18_2,KAMAREDDY,03,BIBIPET,1836012,YADARAM,,
18_2,KAMAREDDY,04,BICHKUNDA,1818022,BANDARANJAL,,
18_2,KAMAREDDY,04,BICHKUNDA,1818010,BICHKUNDA,,
18_2,KAMAREDDY,04,BICHKUNDA,1818016,CHINNA DEVADA,,
18_2,KAMAREDDY,04,BICHKUNDA,1818015,CHINNA DHADGI,,
18_2,KAMAREDDY,04,BICHKUNDA,1818013,DOWLATHAPUR,,
18_2,KAMAREDDY,04,BICHKUNDA,1818012,FATHLAPUR,,
18_2,KAMAREDDY,04,BICHKUNDA,1818009,GOPANPALLE,,
18_2,KAMAREDDY,04,BICHKUNDA,1818003,GUNDEKALLOOR,,
18_2,KAMAREDDY,04,BICHKUNDA,1818021,GUNDENEMALI,,
18_2,KAMAREDDY,04,BICHKUNDA,1818007,HUSGUL,,
18_2,KAMAREDDY,04,BICHKUNDA,1818011,KANDARPALLE,,
18_2,KAMAREDDY,04,BICHKUNDA,1818004,KHATGAON,,
18_2,KAMAREDDY,04,BICHKUNDA,1818024,LINGAPUR,,
18_2,KAMAREDDY,04,BICHKUNDA,1818014,MALKAPUR,,
18_2,KAMAREDDY,04,BICHKUNDA,1818032,MALKAPUR(KODAPGALPATTI),,
18_2,KAMAREDDY,04,BICHKUNDA,1818029,MANYAPUR,,
18_2,KAMAREDDY,04,BICHKUNDA,1818006,MEKA,,
18_2,KAMAREDDY,04,BICHKUNDA,1818002,MISANKALLALI,,
18_2,KAMAREDDY,04,BICHKUNDA,1818017,PEDDA DEVADA,,
18_2,KAMAREDDY,04,BICHKUNDA,1818018,PEDDA DHADGI,,
18_2,KAMAREDDY,04,BICHKUNDA,1818026,PEDDA TAKKADPALLE,,
18_2,KAMAREDDY,04,BICHKUNDA,1818019,PULKAL,,
18_2,KAMAREDDY,04,BICHKUNDA,1818023,RAJAPUR,,
18_2,KAMAREDDY,04,BICHKUNDA,1818001,RAJOLA,,
18_2,KAMAREDDY,04,BICHKUNDA,1818030,SEETHARAMPALLE,,
18_2,KAMAREDDY,04,BICHKUNDA,1818031,SHANTHAPUR,,
18_2,KAMAREDDY,04,BICHKUNDA,1818005,SHETLOOR,,
18_2,KAMAREDDY,04,BICHKUNDA,1818008,SIRSAMUNDAR,,
18_2,KAMAREDDY,04,BICHKUNDA,1818020,WAJIDNAGAR,,
18_2,KAMAREDDY,05,BIRKUR,1819005,BAIRAPUR,,
18_2,KAMAREDDY,05,BIRKUR,1819002,BARANGEDGI,,
18_2,KAMAREDDY,05,BIRKUR,1819022,BIRKOOR,,
18_2,KAMAREDDY,05,BIRKUR,1819024,CHINCHOLI,,
18_2,KAMAREDDY,05,BIRKUR,1819025,CHINNA ANNARAM,,
18_2,KAMAREDDY,05,BIRKUR,1819031,CHINNA DAMRANCH,,
18_2,KAMAREDDY,05,BIRKUR,1819023,KISHTAPUR,,
18_2,KAMAREDDY,05,BIRKUR,1819004,MALLAPUR,,
18_2,KAMAREDDY,05,BIRKUR,1819001,NAGAPOOR,,
18_2,KAMAREDDY,05,BIRKUR,1819030,PEDDA DAMRACHA,,
18_2,KAMAREDDY,05,BIRKUR,1819010,POSHETPALLE,,
18_2,KAMAREDDY,05,BIRKUR,1819003,SHAMBAPUR,,
18_2,KAMAREDDY,05,BIRKUR,1819029,SULTANPUR,,
18_2,KAMAREDDY,05,BIRKUR,1819021,TIMMAPUR,,
18_2,KAMAREDDY,05,BIRKUR,1819026,VEERAPUR,,
18_2,KAMAREDDY,06,DOMAKONDA,1836009,AMBARPET,,
18_2,KAMAREDDY,06,DOMAKONDA,1836008,ANCHANUR,,
18_2,KAMAREDDY,06,DOMAKONDA,1836001,CHINTAMANPALLE,,
18_2,KAMAREDDY,06,DOMAKONDA,1836003,DOMAKONDA,,
18_2,KAMAREDDY,06,DOMAKONDA,1836005,KUNDARAM,,
18_2,KAMAREDDY,06,DOMAKONDA,1836004,LINGUPALLE,,
18_2,KAMAREDDY,06,DOMAKONDA,1836002,MUTHYAMPET,,
18_2,KAMAREDDY,06,DOMAKONDA,1836007,SANGAMESHWAR,,
18_2,KAMAREDDY,06,DOMAKONDA,1836014,SITARAMPALLE,,
18_2,KAMAREDDY,06,DOMAKONDA,1836006,SITARAMPUR,,
18_2,KAMAREDDY,24,DONGLI,1816012,CHINNAPUR,,
18_2,KAMAREDDY,24,DONGLI,1816026,DHOTI,,
18_2,KAMAREDDY,24,DONGLI,1816017,DONGLI,,
18_2,KAMAREDDY,24,DONGLI,1816014,ELEGAON,,
18_2,KAMAREDDY,24,DONGLI,1816016,ENBHURA,,
18_2,KAMAREDDY,24,DONGLI,1816009,HASSA TAKLI,,
18_2,KAMAREDDY,24,DONGLI,1816015,KURLA,,
18_2,KAMAREDDY,24,DONGLI,1816024,LACHMAPUR,,
18_2,KAMAREDDY,24,DONGLI,1816008,LIMBOOR,,
18_2,KAMAREDDY,24,DONGLI,1816013,MAHDAN HIPPARGA,,
18_2,KAMAREDDY,24,DONGLI,1816027,MALLAPUR,,
18_2,KAMAREDDY,24,DONGLI,1816025,MAREPALLE,,
18_2,KAMAREDDY,24,DONGLI,1816018,MOGHA,,
18_2,KAMAREDDY,24,DONGLI,1816010,PEDDA TAKLI,,
18_2,KAMAREDDY,24,DONGLI,1816011,SIRPUR,,
18_2,KAMAREDDY,07,GANDHARI,1826013,BANGARWADI,,
18_2,KAMAREDDY,07,GANDHARI,1826010,BOPPAJIWADI,,
18_2,KAMAREDDY,07,GANDHARI,1826033,BRAHMANPALLE,,
18_2,KAMAREDDY,07,GANDHARI,1826008,BURGUL,,
18_2,KAMAREDDY,07,GANDHARI,1826001,CHEDMAL,,
18_2,KAMAREDDY,07,GANDHARI,1826024,CHINNAPUR,,
18_2,KAMAREDDY,07,GANDHARI,1826002,DURGAM,,
18_2,KAMAREDDY,07,GANDHARI,1826030,GANDHARI,,
18_2,KAMAREDDY,07,GANDHARI,1826023,GANDIVET,,
18_2,KAMAREDDY,07,GANDHARI,1826012,GUJJUL,,
18_2,KAMAREDDY,07,GANDHARI,1826032,GURJAL,,
18_2,KAMAREDDY,07,GANDHARI,1826031,JUVVADI,,
18_2,KAMAREDDY,07,GANDHARI,1826009,KARAKWADI,,
18_2,KAMAREDDY,07,GANDHARI,1826015,KATEWADI,,
18_2,KAMAREDDY,07,GANDHARI,1826029,KONAIPALLE,,
18_2,KAMAREDDY,07,GANDHARI,1826020,MADHOLI,,
18_2,KAMAREDDY,07,GANDHARI,1826035,MATHSANGAM,,
18_2,KAMAREDDY,07,GANDHARI,1826025,MEDPALLE,,
18_2,KAMAREDDY,07,GANDHARI,1826016,NAGLUR,,
18_2,KAMAREDDY,07,GANDHARI,1826014,NARAL,,
18_2,KAMAREDDY,07,GANDHARI,1826019,NARSAPUR (MADHOLI),,
18_2,KAMAREDDY,07,GANDHARI,1826017,PEDDA GOURARAM,,
18_2,KAMAREDDY,07,GANDHARI,1826034,PETASANGAM,,
18_2,KAMAREDDY,07,GANDHARI,1826026,POTHANGAL (KALAN),,
18_2,KAMAREDDY,07,GANDHARI,1826027,POTHANGAL (KHURD),,
18_2,KAMAREDDY,07,GANDHARI,1826036,RAMALAKSHMANPALLE,,
18_2,KAMAREDDY,07,GANDHARI,1826021,SARVAPUR,,
18_2,KAMAREDDY,07,GANDHARI,1826022,SITHAIPALLE,,
18_2,KAMAREDDY,07,GANDHARI,1826003,SOMARAM,,
18_2,KAMAREDDY,07,GANDHARI,1826028,THIMMAPURAM,,
18_2,KAMAREDDY,07,GANDHARI,1826011,TIPPARAM,,
18_2,KAMAREDDY,07,GANDHARI,1826037,VENDRIKAL,,
18_2,KAMAREDDY,07,GANDHARI,1826018,VENKATAPUR,,
18_2,KAMAREDDY,08,JUKKAL,1817023,BANGARPALLE,,
18_2,KAMAREDDY,08,JUKKAL,1817024,BASWAPUR,,
18_2,KAMAREDDY,08,JUKKAL,1817005,BIJJALWADI,,
18_2,KAMAREDDY,08,JUKKAL,1817001,CHANDEGAON,,
18_2,KAMAREDDY,08,JUKKAL,1817008,CHINNA EDGI,,
18_2,KAMAREDDY,08,JUKKAL,1817012,CHINNA GHULLA,,
18_2,KAMAREDDY,08,JUKKAL,1817029,DONGAON,,
18_2,KAMAREDDY,08,JUKKAL,1817026,DOSTPALLE,,
18_2,KAMAREDDY,08,JUKKAL,1817013,GUNDUR,,
18_2,KAMAREDDY,08,JUKKAL,1817003,HANGARGA,,
18_2,KAMAREDDY,08,JUKKAL,1817014,JUKKAL,,
18_2,KAMAREDDY,08,JUKKAL,1817010,KANTHALI,,
18_2,KAMAREDDY,08,JUKKAL,1817004,KATHALWADI,,
18_2,KAMAREDDY,08,JUKKAL,1817025,KHANAPUR,,
18_2,KAMAREDDY,08,JUKKAL,1817018,KHANDEBALLOOR,,
18_2,KAMAREDDY,08,JUKKAL,1817019,KHEMRAJAKALLALI,,
18_2,KAMAREDDY,08,JUKKAL,1817020,KOWLAS,,
18_2,KAMAREDDY,08,JUKKAL,1817016,LADEGAON,,
18_2,KAMAREDDY,08,JUKKAL,1817015,LONGAON,,
18_2,KAMAREDDY,08,JUKKAL,1817002,MADHAPUR,,
18_2,KAMAREDDY,08,JUKKAL,1817021,MAHAMMADABAD,,
18_2,KAMAREDDY,08,JUKKAL,1817031,MAILAR,,
18_2,KAMAREDDY,08,JUKKAL,1817007,NAGULGAON,,
18_2,KAMAREDDY,08,JUKKAL,1817006,PADAMPALLE,,
18_2,KAMAREDDY,08,JUKKAL,1817009,PEDDA EDGI,,
18_2,KAMAREDDY,08,JUKKAL,1817011,PEDDA GHULLA,,
18_2,KAMAREDDY,08,JUKKAL,1817017,RUDRAPAHAD,,
18_2,KAMAREDDY,08,JUKKAL,1817035,SAVARGAON,,
18_2,KAMAREDDY,08,JUKKAL,1817027,SIDDAPUR,,
18_2,KAMAREDDY,08,JUKKAL,1817028,SOPOOR,,
18_2,KAMAREDDY,08,JUKKAL,1817022,WAJRAKHANDI,,
18_2,KAMAREDDY,09,KAMAREDDY,1834003,ADLUR,,
18_2,KAMAREDDY,09,KAMAREDDY,1834018,CHINNA MALLAREDDY,,
18_2,KAMAREDDY,09,KAMAREDDY,1834016,DEVANPALLE,,
18_2,KAMAREDDY,09,KAMAREDDY,1834002,ELICHPUR,,
18_2,KAMAREDDY,09,KAMAREDDY,1834005,GARGUL,,
18_2,KAMAREDDY,09,KAMAREDDY,1834007,GUDEM,,
18_2,KAMAREDDY,09,KAMAREDDY,1834004,ISROJIWADI,,
18_2,KAMAREDDY,09,KAMAREDDY,1834015,KAMAREDDY,,
18_2,KAMAREDDY,09,KAMAREDDY,1834021,KOTHALPALLE,,
18_2,KAMAREDDY,09,KAMAREDDY,1834011,KYASAMPALLE,,
18_2,KAMAREDDY,09,KAMAREDDY,1834017,LINGAPUR,,
18_2,KAMAREDDY,09,KAMAREDDY,1834020,LINGAYAPALLE,,
18_2,KAMAREDDY,09,KAMAREDDY,1834022,NARASANNAPALLE,,
18_2,KAMAREDDY,09,KAMAREDDY,1834013,PATHA RAJAMPET,,
18_2,KAMAREDDY,09,KAMAREDDY,1834012,RAGHAVAPUR,,
18_2,KAMAREDDY,09,KAMAREDDY,1834009,RAMESWARPALLE,,
18_2,KAMAREDDY,09,KAMAREDDY,1834008,SABDIPUR,,
18_2,KAMAREDDY,09,KAMAREDDY,1834014,SARAMPALLE,,
18_2,KAMAREDDY,09,KAMAREDDY,1834001,TEKRIYAL,,
18_2,KAMAREDDY,09,KAMAREDDY,1834019,THIMMAKKAPALLE(CH),,
18_2,KAMAREDDY,09,KAMAREDDY,1834006,THIMMAKKAPALLE(K),,
18_2,KAMAREDDY,09,KAMAREDDY,1834010,UGGARWAI,,
18_2,KAMAREDDY,10,LINGAMPET,1832004,BANAPUR,,
18_2,KAMAREDDY,10,LINGAMPET,1832011,BAYAMPALLE,,
18_2,KAMAREDDY,10,LINGAMPET,1832013,BHAVANIPET,,
18_2,KAMAREDDY,10,LINGAMPET,1832015,BONAL,,
18_2,KAMAREDDY,10,LINGAMPET,1832012,JALDIPALLE,,
18_2,KAMAREDDY,10,LINGAMPET,1832001,KANCHMAHAL,,
18_2,KAMAREDDY,10,LINGAMPET,1832022,KANNAPUR,,
18_2,KAMAREDDY,10,LINGAMPET,1832002,KONDAPUR,,
18_2,KAMAREDDY,10,LINGAMPET,1832005,KORPOLE,,
18_2,KAMAREDDY,10,LINGAMPET,1832009,LINGAMPALLE (KHURD),,
18_2,KAMAREDDY,10,LINGAMPET,1832017,LINGAMPET,,
18_2,KAMAREDDY,10,LINGAMPET,1832016,MANGARAM,,
18_2,KAMAREDDY,10,LINGAMPET,1832003,MOMBAJIPET,,
18_2,KAMAREDDY,10,LINGAMPET,1832007,MOTHE,,
18_2,KAMAREDDY,10,LINGAMPET,1832010,NAGARAM,,
18_2,KAMAREDDY,10,LINGAMPET,1832006,NALLAMADUGU,,
18_2,KAMAREDDY,10,LINGAMPET,1832019,PERUMALLA,,
18_2,KAMAREDDY,10,LINGAMPET,1832021,POLKAMPET,,
18_2,KAMAREDDY,10,LINGAMPET,1832023,POTHAIPALLE,,
18_2,KAMAREDDY,10,LINGAMPET,1832014,RAMPUR,,
18_2,KAMAREDDY,10,LINGAMPET,1832018,SHETPALLE,,
18_2,KAMAREDDY,10,LINGAMPET,1832020,SHETPALLE SANGAREDDY,,
18_2,KAMAREDDY,10,LINGAMPET,1832008,YELLARAM,,
18_2,KAMAREDDY,11,MACHAREDDY,1824008,AKKAPUR,,
18_2,KAMAREDDY,11,MACHAREDDY,1824010,ANTAMPALLE,,
18_2,KAMAREDDY,11,MACHAREDDY,1824021,CHUKKAPUR,,
18_2,KAMAREDDY,11,MACHAREDDY,1824024,GHANPUR(M),,
18_2,KAMAREDDY,11,MACHAREDDY,1824023,LACHAPET,,
18_2,KAMAREDDY,11,MACHAREDDY,1824009,MACHAREEDY,,
18_2,KAMAREDDY,11,MACHAREDDY,1824007,RAJKHANPET,,
18_2,KAMAREDDY,11,MACHAREDDY,1824005,SOMARAMPET,,
18_2,KAMAREDDY,11,MACHAREDDY,1824006,TADKAPALLE,,
18_2,KAMAREDDY,11,MACHAREDDY,1824004,YELLAMPET,,
18_2,KAMAREDDY,12,MADNOOR,1816038,ANTAPUR,,
18_2,KAMAREDDY,12,MADNOOR,1816022,AWALGAON,,
18_2,KAMAREDDY,12,MADNOOR,1816033,CHINNA EKLARA,,
18_2,KAMAREDDY,12,MADNOOR,1816002,CHINNA SHAKKERGA,,
18_2,KAMAREDDY,12,MADNOOR,1816036,CHINNA THADUGUR,,
18_2,KAMAREDDY,12,MADNOOR,1816040,DHANNUR,,
18_2,KAMAREDDY,12,MADNOOR,1816004,GOJEGAON,,
18_2,KAMAREDDY,12,MADNOOR,1816030,HAJIPUR,,
18_2,KAMAREDDY,12,MADNOOR,1816021,KEROOR,,
18_2,KAMAREDDY,12,MADNOOR,1816037,KHARG,,
18_2,KAMAREDDY,12,MADNOOR,1816034,KOTCHIRA,,
18_2,KAMAREDDY,12,MADNOOR,1816028,LACHAN,,
18_2,KAMAREDDY,12,MADNOOR,1816020,MADNUR,,
18_2,KAMAREDDY,12,MADNOOR,1816007,MAHALSAPUR,,
18_2,KAMAREDDY,12,MADNOOR,1816023,MAINUR,,
18_2,KAMAREDDY,12,MADNOOR,1816041,PEDDA EKLARA,,
18_2,KAMAREDDY,12,MADNOOR,1816003,PEDDA SHAKKERGA,,
18_2,KAMAREDDY,12,MADNOOR,1816035,PEDDA THADGUR,,
18_2,KAMAREDDY,12,MADNOOR,1816042,RACHOOR,,
18_2,KAMAREDDY,12,MADNOOR,1816031,RUSEGAON,,
18_2,KAMAREDDY,12,MADNOOR,1816001,SALABATHPUR,,
18_2,KAMAREDDY,12,MADNOOR,1816032,SHEKHAPUR,,
18_2,KAMAREDDY,12,MADNOOR,1816039,SOMOOR,,
18_2,KAMAREDDY,12,MADNOOR,1816005,SONALA,,
18_2,KAMAREDDY,12,MADNOOR,1816029,SULTANPET,,
18_2,KAMAREDDY,12,MADNOOR,1816006,THADI HIPPERGA,,
18_2,KAMAREDDY,12,MADNOOR,1816019,WADI FATHEPUR,,
18_2,KAMAREDDY,25,MOHAMMADNAGAR,1829018,BOORGUL,,
18_2,KAMAREDDY,25,MOHAMMADNAGAR,1829010,GALIPUR,,
18_2,KAMAREDDY,25,MOHAMMADNAGAR,1829021,GUNKUL,,
18_2,KAMAREDDY,25,MOHAMMADNAGAR,1829022,HASANPALLE,,
18_2,KAMAREDDY,25,MOHAMMADNAGAR,1829011,KOMALANCHA,,
18_2,KAMAREDDY,25,MOHAMMADNAGAR,1829003,KONAMPALLE,,
18_2,KAMAREDDY,25,MOHAMMADNAGAR,1829009,MAQDUMPUR,,
18_2,KAMAREDDY,25,MOHAMMADNAGAR,1829007,NARSAPOOR,,
18_2,KAMAREDDY,25,MOHAMMADNAGAR,1829020,NARVA,,
18_2,KAMAREDDY,25,MOHAMMADNAGAR,1829004,RAGHAVAPALLE,,
18_2,KAMAREDDY,25,MOHAMMADNAGAR,1829005,RANGAPUR,,
18_2,KAMAREDDY,25,MOHAMMADNAGAR,1829001,SANIVARPET,,
18_2,KAMAREDDY,25,MOHAMMADNAGAR,1829019,SHAIRKHANPALLE,,
18_2,KAMAREDDY,25,MOHAMMADNAGAR,1829006,SINGITHAM,,
18_2,KAMAREDDY,25,MOHAMMADNAGAR,1829002,TELAGAPOOR,,
18_2,KAMAREDDY,25,MOHAMMADNAGAR,1829016,TUNKEPALLE,,
18_2,KAMAREDDY,25,MOHAMMADNAGAR,1829017,TURKEPALLE,,
18_2,KAMAREDDY,25,MOHAMMADNAGAR,1829008,VENGALAMPALLE,,
18_2,KAMAREDDY,13,NAGIREDDYPET,1831002,ACHAIPALLE,,
18_2,KAMAREDDY,13,NAGIREDDYPET,1831021,AKKAMPALLE,,
18_2,KAMAREDDY,13,NAGIREDDYPET,1831018,ATMAKUR,,
18_2,KAMAREDDY,13,NAGIREDDYPET,1831007,BOLLARAM,,
18_2,KAMAREDDY,13,NAGIREDDYPET,1831014,CHINUR,,
18_2,KAMAREDDY,13,NAGIREDDYPET,1831008,DHARMAREDDY,,
18_2,KAMAREDDY,13,NAGIREDDYPET,1831013,GOLILINGAL,,
18_2,KAMAREDDY,13,NAGIREDDYPET,1831003,JALLALPUR,,
18_2,KAMAREDDY,13,NAGIREDDYPET,1831005,KANNAREDDY,,
18_2,KAMAREDDY,13,NAGIREDDYPET,1831015,LINGAMPALLE (KALAN),,
18_2,KAMAREDDY,13,NAGIREDDYPET,1831010,MALTHUMMEDA,,
18_2,KAMAREDDY,13,NAGIREDDYPET,1831017,MASANPALLE,,
18_2,KAMAREDDY,13,NAGIREDDYPET,1831019,MATUR,,
18_2,KAMAREDDY,13,NAGIREDDYPET,1831009,NAGAREDDIPET,,
18_2,KAMAREDDY,13,NAGIREDDYPET,1831012,POCHARAM,,
18_2,KAMAREDDY,13,NAGIREDDYPET,1831016,RAGHAVAPALLE,,
18_2,KAMAREDDY,13,NAGIREDDYPET,1831004,RAMAKKAPALLE,,
18_2,KAMAREDDY,13,NAGIREDDYPET,1831020,TANDUR,,
18_2,KAMAREDDY,13,NAGIREDDYPET,1831011,VADALPARTHI,,
18_2,KAMAREDDY,13,NAGIREDDYPET,1831022,VENKAMPALLE,,
18_2,KAMAREDDY,13,NAGIREDDYPET,1831001,YERRARAM,,
18_2,KAMAREDDY,13,NAGIREDDYPET,1831006,ZAPTHI JANKAMPALLE,,
18_2,KAMAREDDY,14,NASRULLABAD,1819016,ANKOLE,,
18_2,KAMAREDDY,14,NASRULLABAD,1819017,BASWAIPALLE,,
18_2,KAMAREDDY,14,NASRULLABAD,1819011,BOMMANDEVPALLE,,
18_2,KAMAREDDY,14,NASRULLABAD,1819006,BOPPASPALLE,,
18_2,KAMAREDDY,14,NASRULLABAD,1819014,DOLATHAPUR,,
18_2,KAMAREDDY,14,NASRULLABAD,1819027,DURGAMPALLE,,
18_2,KAMAREDDY,14,NASRULLABAD,1819028,DURKI,,
18_2,KAMAREDDY,14,NASRULLABAD,1819013,HAJIPUR,,
18_2,KAMAREDDY,14,NASRULLABAD,1819018,KAMSHETPALLE,,
18_2,KAMAREDDY,14,NASRULLABAD,1819020,MIRZAPUR,,
18_2,KAMAREDDY,14,NASRULLABAD,1819007,MYLARAM,,
18_2,KAMAREDDY,14,NASRULLABAD,1819019,NACHPALLE,,
18_2,KAMAREDDY,14,NASRULLABAD,1819009,NAMLI,,
18_2,KAMAREDDY,14,NASRULLABAD,1819008,NASURULLABAD,,
18_2,KAMAREDDY,14,NASRULLABAD,1819015,SANGAM,,
18_2,KAMAREDDY,14,NASRULLABAD,1819012,TIMMANAGAR,,
18_2,KAMAREDDY,15,NIZAMSAGAR,1829029,ACHAMPET,,
18_2,KAMAREDDY,15,NIZAMSAGAR,1829030,AREPALLE,,
18_2,KAMAREDDY,15,NIZAMSAGAR,1829023,BANJEPALLE,,
18_2,KAMAREDDY,15,NIZAMSAGAR,1829028,BRAHMANPALLE,,
18_2,KAMAREDDY,15,NIZAMSAGAR,1829015,GORGAL,,
18_2,KAMAREDDY,15,NIZAMSAGAR,1829013,JAKKAPUR,,
18_2,KAMAREDDY,15,NIZAMSAGAR,1829024,MAGI,,
18_2,KAMAREDDY,15,NIZAMSAGAR,1829012,MALLUR,,
18_2,KAMAREDDY,15,NIZAMSAGAR,1829026,MANGLOOR,,
18_2,KAMAREDDY,15,NIZAMSAGAR,1829025,NARSINGRAOPALLE,,
18_2,KAMAREDDY,15,NIZAMSAGAR,1829027,VAELGANOOR,,
18_2,KAMAREDDY,15,NIZAMSAGAR,1829014,WADDEPALLE,,
18_2,KAMAREDDY,23,PALVANCHA,1824022,BANDA RAMESHWARPALLE,,
18_2,KAMAREDDY,23,PALVANCHA,1824015,BHAVANIPET,,
18_2,KAMAREDDY,23,PALVANCHA,1824017,DEVUNIPALLE,,
18_2,KAMAREDDY,23,PALVANCHA,1824019,FARIDPET,,
18_2,KAMAREDDY,23,PALVANCHA,1824011,ISAIPET,,
18_2,KAMAREDDY,23,PALVANCHA,1824016,PALVANCHA,,
18_2,KAMAREDDY,23,PALVANCHA,1824014,POTARAM,,
18_2,KAMAREDDY,23,PALVANCHA,1824013,SINGRAIPALLE,,
18_2,KAMAREDDY,23,PALVANCHA,1824020,WADI,,
18_2,KAMAREDDY,23,PALVANCHA,1824018,YELLAPGONDA,,
18_2,KAMAREDDY,16,PEDDA KODAPGAL,1818036,ANJANI,,
18_2,KAMAREDDY,16,PEDDA KODAPGAL,1817030,BABULGAON,,
18_2,KAMAREDDY,16,PEDDA KODAPGAL,1818038,BEGAMPUR,,
18_2,KAMAREDDY,16,PEDDA KODAPGAL,1818034,BURUGPALLE,,
18_2,KAMAREDDY,16,PEDDA KODAPGAL,1818028,CHINNA TAKKADPALLE,,
18_2,KAMAREDDY,16,PEDDA KODAPGAL,1818027,JAGANNATHAPALLE,,
18_2,KAMAREDDY,16,PEDDA KODAPGAL,1828002,KATEPALLE,,
18_2,KAMAREDDY,16,PEDDA KODAPGAL,1818037,KHESLABAD,,
18_2,KAMAREDDY,16,PEDDA KODAPGAL,1817032,LINGAMPALLE,,
18_2,KAMAREDDY,16,PEDDA KODAPGAL,1818033,PEDDA KODAPGHAL,,
18_2,KAMAREDDY,16,PEDDA KODAPGAL,1817033,POCHARAM,,
18_2,KAMAREDDY,16,PEDDA KODAPGAL,1817034,SHIVAPUR,,
18_2,KAMAREDDY,16,PEDDA KODAPGAL,1818025,TUPDAL (KOWLASA),,
18_2,KAMAREDDY,16,PEDDA KODAPGAL,1818035,WADLAM,,
18_2,KAMAREDDY,17,PITLAM,1828013,ALLAPUR,,
18_2,KAMAREDDY,17,PITLAM,1828005,BANDAPALLE,,
18_2,KAMAREDDY,17,PITLAM,1828007,BOLLAKPALLE,,
18_2,KAMAREDDY,17,PITLAM,1828018,BRAHMANPALLE,,
18_2,KAMAREDDY,17,PITLAM,1828014,BURNAPUR,,
18_2,KAMAREDDY,17,PITLAM,1828012,CHILLANGI,,
18_2,KAMAREDDY,17,PITLAM,1828008,CHINNA GOURARAM,,
18_2,KAMAREDDY,17,PITLAM,1828016,CHINNA KODAPGAL,,
18_2,KAMAREDDY,17,PITLAM,1828015,DHARMARAM,,
18_2,KAMAREDDY,17,PITLAM,1828025,GODAMGAON,,
18_2,KAMAREDDY,17,PITLAM,1828023,HASNAPUR,,
18_2,KAMAREDDY,17,PITLAM,1828024,KAREGAON,,
18_2,KAMAREDDY,17,PITLAM,1828026,KHAMBAPUR,,
18_2,KAMAREDDY,17,PITLAM,1828017,KISTAPUR,,
18_2,KAMAREDDY,17,PITLAM,1828003,KORANPALLE,,
18_2,KAMAREDDY,17,PITLAM,1828010,KURTHI,,
18_2,KAMAREDDY,17,PITLAM,1828006,MADDEL CHERUVU,,
18_2,KAMAREDDY,17,PITLAM,1828027,MARDANDA,,
18_2,KAMAREDDY,17,PITLAM,1828020,NAGAMPALLE,,
18_2,KAMAREDDY,17,PITLAM,1828019,PEDDA ANNARAM,,
18_2,KAMAREDDY,17,PITLAM,1828009,PEDDARAMPUR,,
18_2,KAMAREDDY,17,PITLAM,1828004,PERADPALLE,,
18_2,KAMAREDDY,17,PITLAM,1828022,PITLAM,,
18_2,KAMAREDDY,17,PITLAM,1828021,POTHREDDIPALLE,,
18_2,KAMAREDDY,17,PITLAM,1828011,SIDDAPUR,,
18_2,KAMAREDDY,17,PITLAM,1828001,SONPET,,
18_2,KAMAREDDY,17,PITLAM,1828028,THIMMANAGAR,,
18_2,KAMAREDDY,18,RAJAMPET,1833020,ARGONDA,,
18_2,KAMAREDDY,18,RAJAMPET,1833022,GUNDARAM,,
18_2,KAMAREDDY,18,RAJAMPET,1833023,KONDAPUR,,
18_2,KAMAREDDY,18,RAJAMPET,1835001,PEDDAPALLE,,
18_2,KAMAREDDY,18,RAJAMPET,1835003,PONDURTHI,,
18_2,KAMAREDDY,18,RAJAMPET,1835002,RAJEMPET,,
18_2,KAMAREDDY,18,RAJAMPET,1833024,SIDDAPUR,,
18_2,KAMAREDDY,18,RAJAMPET,1835005,TALMADLA,,
18_2,KAMAREDDY,19,RAMAREDDY,1824003,ANNARAM,,
18_2,KAMAREDDY,19,RAMAREDDY,1824012,GHANPUR(R),,
18_2,KAMAREDDY,19,RAMAREDDY,1825012,GIDDA,,
18_2,KAMAREDDY,19,RAMAREDDY,1825017,GOLLAPALLE,,
18_2,KAMAREDDY,19,RAMAREDDY,1825015,ISSANNAPALLE,,
18_2,KAMAREDDY,19,RAMAREDDY,1825016,KANNAPUR,,
18_2,KAMAREDDY,19,RAMAREDDY,1824001,MADDIKUNTA,,
18_2,KAMAREDDY,19,RAMAREDDY,1825019,MOSHAMPUR,,
18_2,KAMAREDDY,19,RAMAREDDY,1825013,POSANIPET,,
18_2,KAMAREDDY,19,RAMAREDDY,1825011,RADHAIPALLE,,
18_2,KAMAREDDY,19,RAMAREDDY,1825014,RAMAREDDI,,
18_2,KAMAREDDY,19,RAMAREDDY,1825018,RANGAMPET,,
18_2,KAMAREDDY,19,RAMAREDDY,1824002,REDDIPET,,
18_2,KAMAREDDY,19,RAMAREDDY,1825010,UPPALWAI,,
18_2,KAMAREDDY,20,SADASIVANAGAR,1825021,ADLOOR YELLAREDDY,,
18_2,KAMAREDDY,20,SADASIVANAGAR,1825028,AMARLABADA,,
18_2,KAMAREDDY,20,SADASIVANAGAR,1825001,BHOOMPALLE,,
18_2,KAMAREDDY,20,SADASIVANAGAR,1825005,DHAGGI,,
18_2,KAMAREDDY,20,SADASIVANAGAR,1825023,DHARMARAOPET,,
18_2,KAMAREDDY,20,SADASIVANAGAR,1825027,JANGAON,,
18_2,KAMAREDDY,20,SADASIVANAGAR,1825006,KAMMAJIWADI,,
18_2,KAMAREDDY,20,SADASIVANAGAR,1825007,KOLWARAL,,
18_2,KAMAREDDY,20,SADASIVANAGAR,1825022,KUPRIAL,,
18_2,KAMAREDDY,20,SADASIVANAGAR,1825026,LINGAMPALLE,,
18_2,KAMAREDDY,20,SADASIVANAGAR,1825020,MARKHAL,,
18_2,KAMAREDDY,20,SADASIVANAGAR,1825025,MODEGAON,,
18_2,KAMAREDDY,20,SADASIVANAGAR,1825024,MUDHOJIWADI,,
18_2,KAMAREDDY,20,SADASIVANAGAR,1825002,PADMAJIWADI,,
18_2,KAMAREDDY,20,SADASIVANAGAR,1825008,SADASIVANAGAR,,
18_2,KAMAREDDY,20,SADASIVANAGAR,1825004,THIMMAJIWADI,,
18_2,KAMAREDDY,20,SADASIVANAGAR,1825009,THIRMANPALLE,,
18_2,KAMAREDDY,20,SADASIVANAGAR,1825003,THUKKOJIWADI,,
18_2,KAMAREDDY,20,SADASIVANAGAR,1826007,UTNOOR,,
18_2,KAMAREDDY,20,SADASIVANAGAR,1826005,VIJJEPALLE (KALAN),,
18_2,KAMAREDDY,20,SADASIVANAGAR,1826006,VIJJEPALLE (KHURD),,
18_2,KAMAREDDY,20,SADASIVANAGAR,1826004,YACHARAM,,
18_2,KAMAREDDY,21,TADWAI,1833012,ABDULLANAGAR,,
18_2,KAMAREDDY,21,TADWAI,1833013,BRAHAMAJIWADI,,
18_2,KAMAREDDY,21,TADWAI,1833005,BRAHMANPALLE,,
18_2,KAMAREDDY,21,TADWAI,1833006,CHANDAPUR,,
18_2,KAMAREDDY,21,TADWAI,1833014,CHINNADEMI,,
18_2,KAMAREDDY,21,TADWAI,1833017,CHITYAL,,
18_2,KAMAREDDY,21,TADWAI,1833010,DEVAI PALLE,,
18_2,KAMAREDDY,21,TADWAI,1833015,ENDRIYAL,,
18_2,KAMAREDDY,21,TADWAI,1833002,KANKAL,,
18_2,KAMAREDDY,21,TADWAI,1833001,KARADPALLE,,
18_2,KAMAREDDY,21,TADWAI,1833003,KELOJIWADI,,
18_2,KAMAREDDY,21,TADWAI,1833011,KRISHNAJIWADA,,
18_2,KAMAREDDY,21,TADWAI,1833016,NANDIWADA,,
18_2,KAMAREDDY,21,TADWAI,1833007,PEDDA DEMI,,
18_2,KAMAREDDY,21,TADWAI,1833004,SANGOJIWADI,,
18_2,KAMAREDDY,21,TADWAI,1833021,SANTAIPET,,
18_2,KAMAREDDY,21,TADWAI,1833018,SOMARAM,,
18_2,KAMAREDDY,21,TADWAI,1833009,TADWAI,,
18_2,KAMAREDDY,21,TADWAI,1833019,VANKAYALAPALLE,,
18_2,KAMAREDDY,21,TADWAI,1833008,YERRAPAHAD,,
18_2,KAMAREDDY,22,YELLAREDDY,1830004,ADVILINGAL,,
18_2,KAMAREDDY,22,YELLAREDDY,1830011,ANNASAGAR,,
18_2,KAMAREDDY,22,YELLAREDDY,1830020,BHIKNOOR,,
18_2,KAMAREDDY,22,YELLAREDDY,1830027,BRAHMANPALLE,,
18_2,KAMAREDDY,22,YELLAREDDY,1830024,DAVAL MALKAPALLE,,
18_2,KAMAREDDY,22,YELLAREDDY,1830023,DEVANPALLE,,
18_2,KAMAREDDY,22,YELLAREDDY,1830016,GANDIMASANIPET,,
18_2,KAMAREDDY,22,YELLAREDDY,1830008,HAJIPUR,,
18_2,KAMAREDDY,22,YELLAREDDY,1830002,HEMAGIRI,,
18_2,KAMAREDDY,22,YELLAREDDY,1830029,JANGAMAIPALLE,,
18_2,KAMAREDDY,22,YELLAREDDY,1830005,JANKAMPALLE(KHUND),,
18_2,KAMAREDDY,22,YELLAREDDY,1830006,KOTTAL,,
18_2,KAMAREDDY,22,YELLAREDDY,1830007,LAXMAPUR,,
18_2,KAMAREDDY,22,YELLAREDDY,1830009,LINGAREDDIPET,,
18_2,KAMAREDDY,22,YELLAREDDY,1830028,MACHAPUR,,
18_2,KAMAREDDY,22,YELLAREDDY,1830021,MALLAIPALLE,,
18_2,KAMAREDDY,22,YELLAREDDY,1830012,MATHADPALLE,,
18_2,KAMAREDDY,22,YELLAREDDY,1830031,MATHMAL,,
18_2,KAMAREDDY,22,YELLAREDDY,1830018,MISANPALLE,,
18_2,KAMAREDDY,22,YELLAREDDY,1830014,MOULANAKHED,,
18_2,KAMAREDDY,22,YELLAREDDY,1830026,REPALLEWADA,,
18_2,KAMAREDDY,22,YELLAREDDY,1830030,RUDRARAM,,
18_2,KAMAREDDY,22,YELLAREDDY,1830025,SAFDARPUR,,
18_2,KAMAREDDY,22,YELLAREDDY,1830019,SHIVVAPUR,,
18_2,KAMAREDDY,22,YELLAREDDY,1830013,SOMAWARPET,,
18_2,KAMAREDDY,22,YELLAREDDY,1830017,TIMMAPUR,,
18_2,KAMAREDDY,22,YELLAREDDY,1830010,TIMMAREDDY,,
18_2,KAMAREDDY,22,YELLAREDDY,1830003,VELLUTLA,,
18_2,KAMAREDDY,22,YELLAREDDY,1830001,VENKATAPUR,,
18_2,KAMAREDDY,22,YELLAREDDY,1830022,VENKATAPUR(AGRAHARAM),,
18_2,KAMAREDDY,22,YELLAREDDY,1830015,YELLAREDDY,,
19_1,ADILABAD,01,ADILABAD (RURAL),1903030,ANKAPOOR,,
19_1,ADILABAD,01,ADILABAD (RURAL),1903026,ANKOLI,,
19_1,ADILABAD,01,ADILABAD (RURAL),1903018,ANUKUNTA,,
19_1,ADILABAD,01,ADILABAD (RURAL),1903008,ARLI (BUZURG),,
19_1,ADILABAD,01,ADILABAD (RURAL),1903031,ASODA BHURKI,,
19_1,ADILABAD,01,ADILABAD (RURAL),1903037,BELLURI,,
19_1,ADILABAD,01,ADILABAD (RURAL),1903011,BHEEMSERI,,
19_1,ADILABAD,01,ADILABAD (RURAL),1903034,BORENUR,,
19_1,ADILABAD,01,ADILABAD (RURAL),1903005,CHANDA,,
19_1,ADILABAD,01,ADILABAD (RURAL),1903045,CHICHADHARI,,
19_1,ADILABAD,01,ADILABAD (RURAL),1903029,CHINCHUGHAT,,
19_1,ADILABAD,01,ADILABAD (RURAL),1903001,DIMMA,,
19_1,ADILABAD,01,ADILABAD (RURAL),1903042,HATHIGUTTA,,
19_1,ADILABAD,01,ADILABAD (RURAL),1903004,JAMDAPUR,,
19_1,ADILABAD,01,ADILABAD (RURAL),1903023,KACHKANTI,,
19_1,ADILABAD,01,ADILABAD (RURAL),1903044,KHANAPOOR,,
19_1,ADILABAD,01,ADILABAD (RURAL),1903039,KHANDALA (U),,
19_1,ADILABAD,01,ADILABAD (RURAL),1903033,KOTTUR (NEVEGAON),,
19_1,ADILABAD,01,ADILABAD (RURAL),1903020,KUMBHAJHERI,,
19_1,ADILABAD,01,ADILABAD (RURAL),1903007,LANDASANGVI,,
19_1,ADILABAD,01,ADILABAD (RURAL),1903040,LOHARA,,
19_1,ADILABAD,01,ADILABAD (RURAL),1903032,LOKARI,,
19_1,ADILABAD,01,ADILABAD (RURAL),1903027,MALEBORGAON,,
19_1,ADILABAD,01,ADILABAD (RURAL),1903003,MALLAPUR (D),,
19_1,ADILABAD,01,ADILABAD (RURAL),1903043,MAREGAON,,
19_1,ADILABAD,01,ADILABAD (RURAL),1903009,NISHANGHAT,,
19_1,ADILABAD,01,ADILABAD (RURAL),1903038,PIPPALDHARI,,
19_1,ADILABAD,01,ADILABAD (RURAL),1903002,POCHARA,,
19_1,ADILABAD,01,ADILABAD (RURAL),1903012,RAMPOOR (ROYATI),,
19_1,ADILABAD,01,ADILABAD (RURAL),1903019,TAKLI,,
19_1,ADILABAD,01,ADILABAD (RURAL),1903013,TARADA (SRIMATH),,
19_1,ADILABAD,01,ADILABAD (RURAL),1903041,TIPPA,,
19_1,ADILABAD,01,ADILABAD (RURAL),1903024,TONTOTOI,,
19_1,ADILABAD,01,ADILABAD (RURAL),1903035,WANWAT,,
19_1,ADILABAD,01,ADILABAD (RURAL),1903022,YAPALGUDA,,
19_1,ADILABAD,02,ADILABAD (URBAN),1903010,ADILABAD (U),,
19_1,ADILABAD,02,ADILABAD (URBAN),1903014,BHUKTAPUR,,
19_1,ADILABAD,02,ADILABAD (URBAN),1903017,KHANAPUR,,
19_1,ADILABAD,03,BAZARHATHNOOR,1910006,ANANTHAPUR,,
19_1,ADILABAD,03,BAZARHATHNOOR,1910023,BALANPUR,,
19_1,ADILABAD,03,BAZARHATHNOOR,1910026,BANDREW,,
19_1,ADILABAD,03,BAZARHATHNOOR,1910024,BAZARHATHNUR,,
19_1,ADILABAD,03,BAZARHATHNOOR,1910017,BHOSRA,,
19_1,ADILABAD,03,BAZARHATHNOOR,1910014,BHUTAI BUZURG,,
19_1,ADILABAD,03,BAZARHATHNOOR,1910011,BHUTAI KHURD,,
19_1,ADILABAD,03,BAZARHATHNOOR,1910015,CHINTAL SANGVI,,
19_1,ADILABAD,03,BAZARHATHNOOR,1910016,DEHGAON,,
19_1,ADILABAD,03,BAZARHATHNOOR,1910010,DHABADI,,
19_1,ADILABAD,03,BAZARHATHNOOR,1910018,DHARAMPURI,,
19_1,ADILABAD,03,BAZARHATHNOOR,1910021,DIGNOOR,,
19_1,ADILABAD,03,BAZARHATHNOOR,1910020,GANGAPUR,,
19_1,ADILABAD,03,BAZARHATHNOOR,1910002,GIRJAI,,
19_1,ADILABAD,03,BAZARHATHNOOR,1910022,GIRNUR,,
19_1,ADILABAD,03,BAZARHATHNOOR,1910009,GOKONDA,,
19_1,ADILABAD,03,BAZARHATHNOOR,1910004,HARKAI,,
19_1,ADILABAD,03,BAZARHATHNOOR,1910013,JATARLA,,
19_1,ADILABAD,03,BAZARHATHNOOR,1910029,KANDLI,,
19_1,ADILABAD,03,BAZARHATHNOOR,1910028,KANKADURGA,,
19_1,ADILABAD,03,BAZARHATHNOOR,1910005,KINNERPALLE,,
19_1,ADILABAD,03,BAZARHATHNOOR,1910025,KOLHARI,,
19_1,ADILABAD,03,BAZARHATHNOOR,1910012,MANKAPUR (P),,
19_1,ADILABAD,03,BAZARHATHNOOR,1910027,MOHADA,,
19_1,ADILABAD,03,BAZARHATHNOOR,1910003,MORKHANDI,,
19_1,ADILABAD,03,BAZARHATHNOOR,1910030,PIPRI,,
19_1,ADILABAD,03,BAZARHATHNOOR,1910019,RAMPUR,,
19_1,ADILABAD,03,BAZARHATHNOOR,1910007,TEMBI,,
19_1,ADILABAD,03,BAZARHATHNOOR,1910001,UMERDA BUZURG,,
19_1,ADILABAD,03,BAZARHATHNOOR,1910031,WARTHAMANOOR,,
19_1,ADILABAD,03,BAZARHATHNOOR,1910008,YESAPUR,,
19_1,ADILABAD,04,BELA,1905001,AWALPUR,,
19_1,ADILABAD,04,BELA,1905017,BELA,,
19_1,ADILABAD,04,BELA,1905021,BHADI,,
19_1,ADILABAD,04,BELA,1905004,BHEDODA,,
19_1,ADILABAD,04,BELA,1905014,BHODOD (KOPSI),,
19_1,ADILABAD,04,BELA,1905041,BOREGAON,,
19_1,ADILABAD,04,BELA,1905025,BURHANPUR,,
19_1,ADILABAD,04,BELA,1905031,CHANDPALLE,,
19_1,ADILABAD,04,BELA,1905033,CHAPRALA,,
19_1,ADILABAD,04,BELA,1905011,DATALPUR,,
19_1,ADILABAD,04,BELA,1905012,DEHEGAON,,
19_1,ADILABAD,04,BELA,1905018,DHOPTALA,,
19_1,ADILABAD,04,BELA,1905024,EKORI,,
19_1,ADILABAD,04,BELA,1905013,GUDA,,
19_1,ADILABAD,04,BELA,1905026,JUNONI,,
19_1,ADILABAD,04,BELA,1905005,KAMGARPUR,,
19_1,ADILABAD,04,BELA,1905038,KARONI (B),,
19_1,ADILABAD,04,BELA,1905039,KARONI (K),,
19_1,ADILABAD,04,BELA,1905036,KHADKI,,
19_1,ADILABAD,04,BELA,1905007,KHAGDUR,,
19_1,ADILABAD,04,BELA,1905010,KOBHAI,,
19_1,ADILABAD,04,BELA,1905009,KOPARUZANA,,
19_1,ADILABAD,04,BELA,1905008,MANGROOL,,
19_1,ADILABAD,04,BELA,1905006,MANYARPUR,,
19_1,ADILABAD,04,BELA,1905023,MASALA (BUZURG),,
19_1,ADILABAD,04,BELA,1905042,MASALA (KHURD),,
19_1,ADILABAD,04,BELA,1905016,MOHABATPUR,,
19_1,ADILABAD,04,BELA,1905027,NAGRALA,,
19_1,ADILABAD,04,BELA,1905002,NARAYANPUR,,
19_1,ADILABAD,04,BELA,1905028,PATAN,,
19_1,ADILABAD,04,BELA,1905032,PITGAON,,
19_1,ADILABAD,04,BELA,1905040,POHAR,,
19_1,ADILABAD,04,BELA,1905030,PONNALA,,
19_1,ADILABAD,04,BELA,1905029,RAMKAM,,
19_1,ADILABAD,04,BELA,1905037,SADARPUR,,
19_1,ADILABAD,04,BELA,1905003,SANGDI,,
19_1,ADILABAD,04,BELA,1905015,SHAMSHABAD,,
19_1,ADILABAD,04,BELA,1905020,SINGAPUR,,
19_1,ADILABAD,04,BELA,1905019,SIRSANNA,,
19_1,ADILABAD,04,BELA,1905035,SONKHOS,,
19_1,ADILABAD,04,BELA,1905022,TAKLI,,
19_1,ADILABAD,04,BELA,1905034,WARUR,,
19_1,ADILABAD,05,BHEEMPUR,1902017,ANDARBANDH,,
19_1,ADILABAD,05,BHEEMPUR,1902004,ANTARGAON,,
19_1,ADILABAD,05,BHEEMPUR,1902005,ARLI (T),,
19_1,ADILABAD,05,BHEEMPUR,1902011,BABBAKNCHI,,
19_1,ADILABAD,05,BHEEMPUR,1902016,BELSARI RAMPUR,,
19_1,ADILABAD,05,BHEEMPUR,1902012,BHEEMPOOR,,
19_1,ADILABAD,05,BHEEMPUR,1902014,DHANORA,,
19_1,ADILABAD,05,BHEEMPUR,1902008,GOLLAGHAT,,
19_1,ADILABAD,05,BHEEMPUR,1902003,GOMUTRI,,
19_1,ADILABAD,05,BHEEMPUR,1902013,GONA,,
19_1,ADILABAD,05,BHEEMPUR,1902002,GULEDI,,
19_1,ADILABAD,05,BHEEMPUR,1902007,GUNJALA,,
19_1,ADILABAD,05,BHEEMPUR,1902015,KAMATHWADA,,
19_1,ADILABAD,05,BHEEMPUR,1902001,KARANJI (T),,
19_1,ADILABAD,05,BHEEMPUR,1902010,NIPANI,,
19_1,ADILABAD,05,BHEEMPUR,1902020,PIPPALKHOTI,,
19_1,ADILABAD,05,BHEEMPUR,1902009,TAMSI (K),,
19_1,ADILABAD,05,BHEEMPUR,1902018,WADGAON,,
19_1,ADILABAD,05,BHEEMPUR,1902006,WADOOR,,
19_1,ADILABAD,21,BHORAJ,1904005,AKOLI,,
19_1,ADILABAD,21,BHORAJ,1904039,AWALPUR,,
19_1,ADILABAD,21,BHORAJ,1904033,BALAPUR,,
19_1,ADILABAD,21,BHORAJ,1904036,BHORAJ,,
19_1,ADILABAD,21,BHORAJ,1904022,DADAPOOR,,
19_1,ADILABAD,21,BHORAJ,1904007,DOLLARA,,
19_1,ADILABAD,21,BHORAJ,1904035,FOUZPUR,,
19_1,ADILABAD,21,BHORAJ,1903006,GANESHPUR (D),,
19_1,ADILABAD,21,BHORAJ,1904003,GIMMA BUZURG,,
19_1,ADILABAD,21,BHORAJ,1904025,GIMMA KHURD,,
19_1,ADILABAD,21,BHORAJ,1904027,GUDA,,
19_1,ADILABAD,21,BHORAJ,1904031,HASHAMPUR,,
19_1,ADILABAD,21,BHORAJ,1904001,HATHIGHAT,,
19_1,ADILABAD,21,BHORAJ,1904006,KAMAI,,
19_1,ADILABAD,21,BHORAJ,1904010,KARANWADI,,
19_1,ADILABAD,21,BHORAJ,1904004,KEDARPUR,,
19_1,ADILABAD,21,BHORAJ,1904002,KORTA,,
19_1,ADILABAD,21,BHORAJ,1904021,LEKARWADI,,
19_1,ADILABAD,21,BHORAJ,1904008,MANDAGADA,,
19_1,ADILABAD,21,BHORAJ,1904029,MIRZAPUR,,
19_1,ADILABAD,21,BHORAJ,1904009,PENDALWADA,,
19_1,ADILABAD,21,BHORAJ,1904024,PIPPARWADA,,
19_1,ADILABAD,21,BHORAJ,1904030,POOSAI,,
19_1,ADILABAD,21,BHORAJ,1904026,RAMPUR TARAF,,
19_1,ADILABAD,21,BHORAJ,1904032,SAVAPUR,,
19_1,ADILABAD,21,BHORAJ,1904023,SEKAPOOR,,
19_1,ADILABAD,21,BHORAJ,1904028,SIRSONNA,,
19_1,ADILABAD,21,BHORAJ,1904034,TARADA BUZURG,,
19_1,ADILABAD,06,BOATH,1911034,ANDURU,,
19_1,ADILABAD,06,BOATH,1911019,BABERA,,
19_1,ADILABAD,06,BOATH,1911038,BAHRAPUR,,
19_1,ADILABAD,06,BOATH,1911033,BIRLAGONDI,,
19_1,ADILABAD,06,BOATH,1911026,BOATH (K),,
19_1,ADILABAD,06,BOATH,1911027,BOATH BUZURG,,
19_1,ADILABAD,06,BOATH,1911011,DEMMI,,
19_1,ADILABAD,06,BOATH,1911008,DERA (D),,
19_1,ADILABAD,06,BOATH,1911037,DHANNUR BUZURG,,
19_1,ADILABAD,06,BOATH,1911036,DHANNUR KHURD,,
19_1,ADILABAD,06,BOATH,1911012,KANGUTTA,,
19_1,ADILABAD,06,BOATH,1911020,KANTEGAON,,
19_1,ADILABAD,06,BOATH,1911016,KARATHWADA,,
19_1,ADILABAD,06,BOATH,1911025,KESLAPUR,,
19_1,ADILABAD,06,BOATH,1911028,KISTAPUR,,
19_1,ADILABAD,06,BOATH,1911010,KOWTHA BUZURG,,
19_1,ADILABAD,06,BOATH,1911031,KUCHALAPUR,,
19_1,ADILABAD,06,BOATH,1911022,MARLAPALLE,,
19_1,ADILABAD,06,BOATH,1911015,MEDI,,
19_1,ADILABAD,06,BOATH,1911039,NAGAPUR,,
19_1,ADILABAD,06,BOATH,1911018,NAKKALAWADA,,
19_1,ADILABAD,06,BOATH,1911035,NARAYANPUR,,
19_1,ADILABAD,06,BOATH,1911021,NIGINI,,
19_1,ADILABAD,06,BOATH,1911024,PATNAPUR,,
19_1,ADILABAD,06,BOATH,1911032,PIPPALADHARI,,
19_1,ADILABAD,06,BOATH,1911030,POCHERA,,
19_1,ADILABAD,06,BOATH,1911009,SANGVI,,
19_1,ADILABAD,06,BOATH,1911023,SURADAPUR,,
19_1,ADILABAD,06,BOATH,1911029,VENKATAPUR,,
19_1,ADILABAD,07,GADIGUDA,1906011,ADEMEYON,,
19_1,ADILABAD,07,GADIGUDA,1906014,ARJUNI,,
19_1,ADILABAD,07,GADIGUDA,1906025,DHABA (BUZURG),,
19_1,ADILABAD,07,GADIGUDA,1906018,DHABA (K),,
19_1,ADILABAD,07,GADIGUDA,1906004,DONGARGAON,,
19_1,ADILABAD,07,GADIGUDA,1906020,GADIGUDA,,
19_1,ADILABAD,07,GADIGUDA,1906036,GOURI,,
19_1,ADILABAD,07,GADIGUDA,1906017,JHARI,,
19_1,ADILABAD,07,GADIGUDA,1906006,KADODI,,
19_1,ADILABAD,07,GADIGUDA,1906027,KHADKI,,
19_1,ADILABAD,07,GADIGUDA,1906003,KHANDOW,,
19_1,ADILABAD,07,GADIGUDA,1906022,KOLAMA,,
19_1,ADILABAD,07,GADIGUDA,1906001,KONDI,,
19_1,ADILABAD,07,GADIGUDA,1906008,KOTHAPALLE (G),,
19_1,ADILABAD,07,GADIGUDA,1906007,KOUTHALA,,
19_1,ADILABAD,07,GADIGUDA,1906009,KUNIKASA,,
19_1,ADILABAD,07,GADIGUDA,1906026,LOKARI (B),,
19_1,ADILABAD,07,GADIGUDA,1906016,LOKARI (K),,
19_1,ADILABAD,07,GADIGUDA,1906024,MAREGAON,,
19_1,ADILABAD,07,GADIGUDA,1906023,PARASWADA (B),,
19_1,ADILABAD,07,GADIGUDA,1906015,PARASWADA (K),,
19_1,ADILABAD,07,GADIGUDA,1906013,PIPRI,,
19_1,ADILABAD,07,GADIGUDA,1906035,POWNUR,,
19_1,ADILABAD,07,GADIGUDA,1906019,PUNAGUDA,,
19_1,ADILABAD,07,GADIGUDA,1906002,RAMPUR,,
19_1,ADILABAD,07,GADIGUDA,1906021,RUPAPUR,,
19_1,ADILABAD,07,GADIGUDA,1906034,SANGVI,,
19_1,ADILABAD,07,GADIGUDA,1906012,SAWARI,,
19_1,ADILABAD,07,GADIGUDA,1906005,SEDWAI,,
19_1,ADILABAD,07,GADIGUDA,1906010,WARKWAI,,
19_1,ADILABAD,08,GUDIHATNOOR,1908020,BELLURI,,
19_1,ADILABAD,08,GUDIHATNOOR,1908009,DHAMPUR,,
19_1,ADILABAD,08,GUDIHATNOOR,1908013,DONGARGAON,,
19_1,ADILABAD,08,GUDIHATNOOR,1908017,GONDHARKAPUR,,
19_1,ADILABAD,08,GUDIHATNOOR,1908007,GUDIHATHINUR,,
19_1,ADILABAD,08,GUDIHATNOOR,1908016,GURUJ,,
19_1,ADILABAD,08,GUDIHATNOOR,1908002,KAMALAPUR,,
19_1,ADILABAD,08,GUDIHATNOOR,1908014,KOLHARI,,
19_1,ADILABAD,08,GUDIHATNOOR,1908006,LINGAPUR,,
19_1,ADILABAD,08,GUDIHATNOOR,1908008,MACHAPUR,,
19_1,ADILABAD,08,GUDIHATNOOR,1908004,MALKAPUR,,
19_1,ADILABAD,08,GUDIHATNOOR,1908012,MANNUR,,
19_1,ADILABAD,08,GUDIHATNOOR,1908010,MUTHNUR,,
19_1,ADILABAD,08,GUDIHATNOOR,1908011,NERADIGONDA,,
19_1,ADILABAD,08,GUDIHATNOOR,1908018,RENDLS BORI,,
19_1,ADILABAD,08,GUDIHATNOOR,1908003,SEETAGONDI,,
19_1,ADILABAD,08,GUDIHATNOOR,1908019,SHANTAPUR,,
19_1,ADILABAD,08,GUDIHATNOOR,1908021,TEJAPUR,,
19_1,ADILABAD,08,GUDIHATNOOR,1908005,TOSHAM,,
19_1,ADILABAD,08,GUDIHATNOOR,1908015,UMRI(B),,
19_1,ADILABAD,08,GUDIHATNOOR,1908001,VAIJAPUR,,
19_1,ADILABAD,09,ICHODA,1909017,ADEGAON BUZURG,,
19_1,ADILABAD,09,ICHODA,1909001,ADEGAON KHURD,,
19_1,ADILABAD,09,ICHODA,1909038,BABJEPET,,
19_1,ADILABAD,09,ICHODA,1909004,BABULDHOLE,,
19_1,ADILABAD,09,ICHODA,1909005,BOREGAON,,
19_1,ADILABAD,09,ICHODA,1909019,CHINCHOLI,,
19_1,ADILABAD,09,ICHODA,1909021,DHABA KHURD,,
19_1,ADILABAD,09,ICHODA,1909025,DHARMAPURI,,
19_1,ADILABAD,09,ICHODA,1909012,DHOBA BUZURG,,
19_1,ADILABAD,09,ICHODA,1909036,GAIDPALLE,,
19_1,ADILABAD,09,ICHODA,1909037,GANDIWAGU,,
19_1,ADILABAD,09,ICHODA,1909018,GIRJAM,,
19_1,ADILABAD,09,ICHODA,1909002,GUBBA,,
19_1,ADILABAD,09,ICHODA,1909033,GUNDALA,,
19_1,ADILABAD,09,ICHODA,1909030,GUNDI,,
19_1,ADILABAD,09,ICHODA,1909010,HEERAPUR,,
19_1,ADILABAD,09,ICHODA,1909016,ICHODA,,
19_1,ADILABAD,09,ICHODA,1909026,JALDA,,
19_1,ADILABAD,09,ICHODA,1909015,JAMIDI,,
19_1,ADILABAD,09,ICHODA,1909039,JOGIPET,,
19_1,ADILABAD,09,ICHODA,1909003,JUNNI,,
19_1,ADILABAD,09,ICHODA,1909006,KAMGIR,,
19_1,ADILABAD,09,ICHODA,1909031,KESHA PATNAM,,
19_1,ADILABAD,09,ICHODA,1909027,KOKASMANNAR,,
19_1,ADILABAD,09,ICHODA,1909035,LINGAPUR,,
19_1,ADILABAD,09,ICHODA,1909014,MADAPUR,,
19_1,ADILABAD,09,ICHODA,1909023,MALYAL,,
19_1,ADILABAD,09,ICHODA,1909024,MANKAPUR,,
19_1,ADILABAD,09,ICHODA,1909028,MOKHRA BUZURG,,
19_1,ADILABAD,09,ICHODA,1909029,MOKHRA KHURD,,
19_1,ADILABAD,09,ICHODA,1909032,NARSAPUR,,
19_1,ADILABAD,09,ICHODA,1909020,NAVAGAON,,
19_1,ADILABAD,09,ICHODA,1909022,SALYADA,,
19_1,ADILABAD,09,ICHODA,1909040,SIRICHALMA,,
19_1,ADILABAD,09,ICHODA,1909013,TALAMADRI,,
19_1,ADILABAD,10,INDERAVELLY,1907033,ANJI,,
19_1,ADILABAD,10,INDERAVELLY,1907005,BURSANPATAR,,
19_1,ADILABAD,10,INDERAVELLY,1907031,DASNAPUR,,
19_1,ADILABAD,10,INDERAVELLY,1907002,DEVAPUR,,
19_1,ADILABAD,10,INDERAVELLY,1907011,DHANNURA (B),,
19_1,ADILABAD,10,INDERAVELLY,1907012,DHANNURA (K),,
19_1,ADILABAD,10,INDERAVELLY,1907020,DHARMASAGAR,,
19_1,ADILABAD,10,INDERAVELLY,1907007,DODANA,,
19_1,ADILABAD,10,INDERAVELLY,1907029,DONGARGAON,,
19_1,ADILABAD,10,INDERAVELLY,1907006,GATTEPALLE,,
19_1,ADILABAD,10,INDERAVELLY,1907003,GINNERA,,
19_1,ADILABAD,10,INDERAVELLY,1907013,GOUREEPUR,,
19_1,ADILABAD,10,INDERAVELLY,1907017,HARKAPUR,,
19_1,ADILABAD,10,INDERAVELLY,1907016,HEERAPUR,,
19_1,ADILABAD,10,INDERAVELLY,1907008,INDERVELLY,,
19_1,ADILABAD,10,INDERAVELLY,1907004,INDERVELLY (K),,
19_1,ADILABAD,10,INDERAVELLY,1907018,KESLAGUDA,,
19_1,ADILABAD,10,INDERAVELLY,1907015,KESLAPUR,,
19_1,ADILABAD,10,INDERAVELLY,1907019,MALLAPUR,,
19_1,ADILABAD,10,INDERAVELLY,1907032,MAMIDIGUDA,,
19_1,ADILABAD,10,INDERAVELLY,1907014,MENDAPALLE,,
19_1,ADILABAD,10,INDERAVELLY,1907010,MUTHNUR,,
19_1,ADILABAD,10,INDERAVELLY,1907001,PIPRI,,
19_1,ADILABAD,10,INDERAVELLY,1907021,TEJAPUR,,
19_1,ADILABAD,10,INDERAVELLY,1907034,WADAGAON,,
19_1,ADILABAD,10,INDERAVELLY,1907030,WALGANDA HEERAPUR,,
19_1,ADILABAD,10,INDERAVELLY,1907009,YAMAIKUNTA,,
19_1,ADILABAD,11,JAINAD,1904042,ADA,,
19_1,ADILABAD,11,JAINAD,1904020,AKURLA,,
19_1,ADILABAD,11,JAINAD,1904013,BAHADURPUR,,
19_1,ADILABAD,11,JAINAD,1904037,BALLORI,,
19_1,ADILABAD,11,JAINAD,1904046,BELGAON,,
19_1,ADILABAD,11,JAINAD,1904019,DEEPAIGUDA,,
19_1,ADILABAD,11,JAINAD,1904014,HARIYALI,,
19_1,ADILABAD,11,JAINAD,1904043,JAINAD,,
19_1,ADILABAD,11,JAINAD,1904050,KAMTHA,,
19_1,ADILABAD,11,JAINAD,1904016,KARANJI,,
19_1,ADILABAD,11,JAINAD,1904044,KHAPRI,,
19_1,ADILABAD,11,JAINAD,1904015,KODEKOTHA,,
19_1,ADILABAD,11,JAINAD,1904012,KOWTHA,,
19_1,ADILABAD,11,JAINAD,1904017,KURA,,
19_1,ADILABAD,11,JAINAD,1904018,KUTHOMPUR,,
19_1,ADILABAD,11,JAINAD,1904048,LAXMIPUR (ULIGAN),,
19_1,ADILABAD,11,JAINAD,1904047,MAKODA,,
19_1,ADILABAD,11,JAINAD,1904041,MUKTAPUR,,
19_1,ADILABAD,11,JAINAD,1904040,NIRALA,,
19_1,ADILABAD,11,JAINAD,1904038,NIZAMPUR,,
19_1,ADILABAD,11,JAINAD,1904049,PIPPALGAON,,
19_1,ADILABAD,11,JAINAD,1904011,SANGVI (K),,
19_1,ADILABAD,11,JAINAD,1904045,UMRI,,
19_1,ADILABAD,12,MAVALA,1903015,BATTISAWARGAON,,
19_1,ADILABAD,12,MAVALA,1903016,DASNAPUR,,
19_1,ADILABAD,12,MAVALA,1903025,MAVALA,,
19_1,ADILABAD,12,MAVALA,1903028,WAGHAPUR,,
19_1,ADILABAD,13,NARNOOR,1906031,BABJHARI,,
19_1,ADILABAD,13,NARNOOR,1906049,BALANPUR,,
19_1,ADILABAD,13,NARNOOR,1906038,BHIMPUR,,
19_1,ADILABAD,13,NARNOOR,1906029,CHORGAON,,
19_1,ADILABAD,13,NARNOOR,1906032,DHUPAPUR,,
19_1,ADILABAD,13,NARNOOR,1906033,EMPALLE,,
19_1,ADILABAD,13,NARNOOR,1906046,GANGAPUR,,
19_1,ADILABAD,13,NARNOOR,1906041,GUNDALA,,
19_1,ADILABAD,13,NARNOOR,1906047,GUNJALA,,
19_1,ADILABAD,13,NARNOOR,1906040,KHAIRDATWA,,
19_1,ADILABAD,13,NARNOOR,1906043,KHANPUR,,
19_1,ADILABAD,13,NARNOOR,1906042,MAHADAPUR,,
19_1,ADILABAD,13,NARNOOR,1906044,MAHAGAON,,
19_1,ADILABAD,13,NARNOOR,1906052,MALANGI,,
19_1,ADILABAD,13,NARNOOR,1906053,MALEPUR,,
19_1,ADILABAD,13,NARNOOR,1906030,MANJARI,,
19_1,ADILABAD,13,NARNOOR,1906045,MANKAPUR,,
19_1,ADILABAD,13,NARNOOR,1906051,NAGOLKONDA,,
19_1,ADILABAD,13,NARNOOR,1906039,NARNOOR,,
19_1,ADILABAD,13,NARNOOR,1906050,SONAPUR,,
19_1,ADILABAD,13,NARNOOR,1906028,SUNGAPUR,,
19_1,ADILABAD,13,NARNOOR,1906048,TADIHADPANUR,,
19_1,ADILABAD,13,NARNOOR,1906037,UMRI,,
19_1,ADILABAD,14,NERADIGONDA,1912043,AREPALLE,,
19_1,ADILABAD,14,NERADIGONDA,1912027,BONDADI,,
19_1,ADILABAD,14,NERADIGONDA,1912036,BONDEMREGOD,,
19_1,ADILABAD,14,NERADIGONDA,1912042,BORAGAON,,
19_1,ADILABAD,14,NERADIGONDA,1912025,BUDDIKONDA,,
19_1,ADILABAD,14,NERADIGONDA,1912020,BUGGARAM,,
19_1,ADILABAD,14,NERADIGONDA,1912017,CHINCHOLI,,
19_1,ADILABAD,14,NERADIGONDA,1912026,DARBA,,
19_1,ADILABAD,14,NERADIGONDA,1912041,DHONNORA,,
19_1,ADILABAD,14,NERADIGONDA,1912001,GAJLI,,
19_1,ADILABAD,14,NERADIGONDA,1912002,GANDHARI,,
19_1,ADILABAD,14,NERADIGONDA,1912033,ISPUR,,
19_1,ADILABAD,14,NERADIGONDA,1912010,JASNAPUR,,
19_1,ADILABAD,14,NERADIGONDA,1912031,KISHTAPUR,,
19_1,ADILABAD,14,NERADIGONDA,1912037,KORATKAL BUZURG,,
19_1,ADILABAD,14,NERADIGONDA,1912039,KORATKAL KHURD,,
19_1,ADILABAD,14,NERADIGONDA,1912013,KUMARI,,
19_1,ADILABAD,14,NERADIGONDA,1912007,KUNTALA (BUZURG),,
19_1,ADILABAD,14,NERADIGONDA,1912008,KUNTALA (KHURD),,
19_1,ADILABAD,14,NERADIGONDA,1912003,KUPTI (BUZURG),,
19_1,ADILABAD,14,NERADIGONDA,1912012,KUPTI (KHURD),,
19_1,ADILABAD,14,NERADIGONDA,1912040,LINGATLA,,
19_1,ADILABAD,14,NERADIGONDA,1912018,LOKHAMPUR,,
19_1,ADILABAD,14,NERADIGONDA,1912005,MADHAPUR,,
19_1,ADILABAD,14,NERADIGONDA,1912014,MALKALPAHAD,,
19_1,ADILABAD,14,NERADIGONDA,1912021,NAGAMALYAL,,
19_1,ADILABAD,14,NERADIGONDA,1912038,NARAYANAPUR,,
19_1,ADILABAD,14,NERADIGONDA,1912024,NERADIGONDA,,
19_1,ADILABAD,14,NERADIGONDA,1912022,PEECHRA,,
19_1,ADILABAD,14,NERADIGONDA,1912035,PURUSHOTHAMPUR,,
19_1,ADILABAD,14,NERADIGONDA,1912015,RAIPUR,,
19_1,ADILABAD,14,NERADIGONDA,1912032,RAJURA,,
19_1,ADILABAD,14,NERADIGONDA,1912023,ROLMANDA,,
19_1,ADILABAD,14,NERADIGONDA,1912030,SHANKARAPUR,,
19_1,ADILABAD,14,NERADIGONDA,1912019,SOWERGAON,,
19_1,ADILABAD,14,NERADIGONDA,1912028,SURDAPUR,,
19_1,ADILABAD,14,NERADIGONDA,1912004,TARNAM (BUZURG),,
19_1,ADILABAD,14,NERADIGONDA,1912011,TARNAM (KHURD),,
19_1,ADILABAD,14,NERADIGONDA,1912016,TEJAPUR,,
19_1,ADILABAD,14,NERADIGONDA,1912006,VENKATAPUR,,
19_1,ADILABAD,14,NERADIGONDA,1912029,WADDUR,,
19_1,ADILABAD,14,NERADIGONDA,1912009,WAGDHARI,,
19_1,ADILABAD,14,NERADIGONDA,1912034,WANKIDI,,
19_1,ADILABAD,20,SATHNALA,1905046,DOUNA,,
19_1,ADILABAD,20,SATHNALA,1903036,JAMULDHARI,,
19_1,ADILABAD,20,SATHNALA,1904054,JUNONI (JAMINI),,
19_1,ADILABAD,20,SATHNALA,1904053,KANPA (MEDIGUDA),,
19_1,ADILABAD,20,SATHNALA,1904055,MANGURLA,,
19_1,ADILABAD,20,SATHNALA,1904051,PARDI BUZURG,,
19_1,ADILABAD,20,SATHNALA,1904052,PARDI KHURD,,
19_1,ADILABAD,20,SATHNALA,1903021,RAMAI,,
19_1,ADILABAD,20,SATHNALA,1905045,SAHEJ,,
19_1,ADILABAD,20,SATHNALA,1905047,SANGVI,,
19_1,ADILABAD,20,SATHNALA,1905043,SYEDPUR,,
19_1,ADILABAD,20,SATHNALA,1905044,TOYAGUDA (KORA),,
19_1,ADILABAD,15,SIRIKONDA,1907024,KONDAPUR,,
19_1,ADILABAD,15,SIRIKONDA,1907028,LACHIMPUR (B),,
19_1,ADILABAD,15,SIRIKONDA,1907026,LACHIMPUR (K),,
19_1,ADILABAD,15,SIRIKONDA,1907022,LAKAMPUR,,
19_1,ADILABAD,15,SIRIKONDA,1909041,NARAYANAPUR,,
19_1,ADILABAD,15,SIRIKONDA,1909042,NERADIGONDA (K),,
19_1,ADILABAD,15,SIRIKONDA,1909034,NERODIGONDA,,
19_1,ADILABAD,15,SIRIKONDA,1907025,POCHAMPALLE,,
19_1,ADILABAD,15,SIRIKONDA,1909007,PONNA,,
19_1,ADILABAD,15,SIRIKONDA,1907023,RAMPUR (B),,
19_1,ADILABAD,15,SIRIKONDA,1909009,SIRIKONDA,,
19_1,ADILABAD,15,SIRIKONDA,1909011,SOANPALLE,,
19_1,ADILABAD,15,SIRIKONDA,1909008,SUNKIDI,,
19_1,ADILABAD,15,SIRIKONDA,1907027,WAIPET,,
19_1,ADILABAD,19,SONALA,1911003,CHINTALABORI,,
19_1,ADILABAD,19,SONALA,1911004,GHANPUR,,
19_1,ADILABAD,19,SONALA,1911002,GOLLAPUR,,
19_1,ADILABAD,19,SONALA,1911007,KOWTHA KHURD,,
19_1,ADILABAD,19,SONALA,1911005,PARDI BUZURG,,
19_1,ADILABAD,19,SONALA,1911017,PARDI KHURD,,
19_1,ADILABAD,19,SONALA,1911013,SAKHERA,,
19_1,ADILABAD,19,SONALA,1911006,SONALA,,
19_1,ADILABAD,19,SONALA,1911014,TEWTI,,
19_1,ADILABAD,19,SONALA,1911001,WAJAR,,
19_1,ADILABAD,16,TALAMADUGU,1901020,ARLI KHURD,,
19_1,ADILABAD,16,TALAMADUGU,1901026,BHARAMPUR,,
19_1,ADILABAD,16,TALAMADUGU,1901015,DEHEGAON,,
19_1,ADILABAD,16,TALAMADUGU,1901021,DEVAPUR,,
19_1,ADILABAD,16,TALAMADUGU,1901013,DORLI,,
19_1,ADILABAD,16,TALAMADUGU,1901018,JHARI,,
19_1,ADILABAD,16,TALAMADUGU,1901009,KAJJARLA,,
19_1,ADILABAD,16,TALAMADUGU,1901014,KAPPARDEVI,,
19_1,ADILABAD,16,TALAMADUGU,1901008,KHODAD,,
19_1,ADILABAD,16,TALAMADUGU,1901001,KOSAI,,
19_1,ADILABAD,16,TALAMADUGU,1901011,KOTHUR,,
19_1,ADILABAD,16,TALAMADUGU,1901004,KUCHALAPOOR,,
19_1,ADILABAD,16,TALAMADUGU,1901023,LACHAMPUR,,
19_1,ADILABAD,16,TALAMADUGU,1901005,LINGI,,
19_1,ADILABAD,16,TALAMADUGU,1901025,MADNAPOOR,,
19_1,ADILABAD,16,TALAMADUGU,1901027,NANDIGAON,,
19_1,ADILABAD,16,TALAMADUGU,1901002,PALASIBUZURG,,
19_1,ADILABAD,16,TALAMADUGU,1901003,PALASIKHURD,,
19_1,ADILABAD,16,TALAMADUGU,1901024,PALLE BUZURG,,
19_1,ADILABAD,16,TALAMADUGU,1901028,PALLE KHURD,,
19_1,ADILABAD,16,TALAMADUGU,1901022,PANGADPIPRI,,
19_1,ADILABAD,16,TALAMADUGU,1901017,RATNAPUR,,
19_1,ADILABAD,16,TALAMADUGU,1901010,RUYYADI,,
19_1,ADILABAD,16,TALAMADUGU,1901019,SAKNAPOOR,,
19_1,ADILABAD,16,TALAMADUGU,1901006,SUNKIDI,,
19_1,ADILABAD,16,TALAMADUGU,1901012,TALAMADUGU,,
19_1,ADILABAD,16,TALAMADUGU,1901007,UMADAM,,
19_1,ADILABAD,16,TALAMADUGU,1901016,UMREI,,
19_1,ADILABAD,17,TAMSI,1902027,AMBUGAON,,
19_1,ADILABAD,17,TAMSI,1902023,BANDALNAGAPUR,,
19_1,ADILABAD,17,TAMSI,1902021,GHOTKURI,,
19_1,ADILABAD,17,TAMSI,1902026,GIRGAON,,
19_1,ADILABAD,17,TAMSI,1902030,HASNAPUR,,
19_1,ADILABAD,17,TAMSI,1902024,JAMDI,,
19_1,ADILABAD,17,TAMSI,1902019,KHAPPERLA,,
19_1,ADILABAD,17,TAMSI,1902025,PALODI (RAMNAGAR),,
19_1,ADILABAD,17,TAMSI,1902031,PONNARI,,
19_1,ADILABAD,17,TAMSI,1902022,SANVERGAON,,
19_1,ADILABAD,17,TAMSI,1902028,TAMSI (B),,
19_1,ADILABAD,17,TAMSI,1902029,WADDADI,,
19_1,ADILABAD,18,UTNUR,1926011,ANDHOLI,,
19_1,ADILABAD,18,UTNUR,1926038,BALAMPUR,,
19_1,ADILABAD,18,UTNUR,1926037,BHUPET,,
19_1,ADILABAD,18,UTNUR,1926039,BIRSAIPET,,
19_1,ADILABAD,18,UTNUR,1926005,CHANDUR,,
19_1,ADILABAD,18,UTNUR,1926001,CHINTAKARRA,,
19_1,ADILABAD,18,UTNUR,1926034,DANTHANPALLE,,
19_1,ADILABAD,18,UTNUR,1926025,DURGAPUR,,
19_1,ADILABAD,18,UTNUR,1926028,GANGAMAPET,,
19_1,ADILABAD,18,UTNUR,1926030,GANGAPUR,,
19_1,ADILABAD,18,UTNUR,1926035,GHANPUR,,
19_1,ADILABAD,18,UTNUR,1926003,GHATTI,,
19_1,ADILABAD,18,UTNUR,1926006,HASNAPUR,,
19_1,ADILABAD,18,UTNUR,1926032,HEERAPUR,,
19_1,ADILABAD,18,UTNUR,1926023,HEERAPUR - J,,
19_1,ADILABAD,18,UTNUR,1926031,KAMNIPET,,
19_1,ADILABAD,18,UTNUR,1926017,KOPERGADH,,
19_1,ADILABAD,18,UTNUR,1926027,LAKKARAM,,
19_1,ADILABAD,18,UTNUR,1926021,LUXETTIPET,,
19_1,ADILABAD,18,UTNUR,1926022,NAGAPUR,,
19_1,ADILABAD,18,UTNUR,1926002,NARSAPUR (BUZURG),,
19_1,ADILABAD,18,UTNUR,1926009,NARSAPUR (KHURD),,
19_1,ADILABAD,18,UTNUR,1926036,NARSAPUR (NEW),,
19_1,ADILABAD,18,UTNUR,1926012,PULIMADGU,,
19_1,ADILABAD,18,UTNUR,1926024,RAMLINGAMPET,,
19_1,ADILABAD,18,UTNUR,1926026,RAMPUR (KHURD),,
19_1,ADILABAD,18,UTNUR,1926010,SAKHERA,,
19_1,ADILABAD,18,UTNUR,1926015,SALEWADA (BUZURG),,
19_1,ADILABAD,18,UTNUR,1926016,SALEWADA (KHURD),,
19_1,ADILABAD,18,UTNUR,1926014,SHAMPUR,,
19_1,ADILABAD,18,UTNUR,1926020,TANDRA,,
19_1,ADILABAD,18,UTNUR,1926033,TEJAPUR - J,,
19_1,ADILABAD,18,UTNUR,1926008,UMRI,,
19_1,ADILABAD,18,UTNUR,1926029,UTNUR,,
19_1,ADILABAD,18,UTNUR,1926019,WADGALPUR (BUZURG),,
19_1,ADILABAD,18,UTNUR,1926018,WADGALPUR (KHURD),,
19_1,ADILABAD,18,UTNUR,1926004,WADONI,,
19_1,ADILABAD,18,UTNUR,1926013,YENDA,,
19_1,ADILABAD,18,UTNUR,1926007,YENKA,,
19_2,NIRMAL,01,BASAR,1918034,BASAR,,
19_2,NIRMAL,01,BASAR,1918026,BIDRALLI,,
19_2,NIRMAL,01,BASAR,1918028,DHONDAPUR,,
19_2,NIRMAL,01,BASAR,1918023,KIRGUL (BUZURG),,
19_2,NIRMAL,01,BASAR,1918025,KIRGUL (KHURD),,
19_2,NIRMAL,01,BASAR,1918036,KOWTHA,,
19_2,NIRMAL,01,BASAR,1918029,LABDI,,
19_2,NIRMAL,01,BASAR,1918032,MAHADPUR,,
19_2,NIRMAL,01,BASAR,1918033,MAILAPUR,,
19_2,NIRMAL,01,BASAR,1918030,RATNAPUR,,
19_2,NIRMAL,01,BASAR,1918031,RAVINDAPUR,,
19_2,NIRMAL,01,BASAR,1918035,RENUKAPUR,,
19_2,NIRMAL,01,BASAR,1918038,SALAPUR,,
19_2,NIRMAL,01,BASAR,1918039,SAWARGAON,,
19_2,NIRMAL,01,BASAR,1918037,SURLI,,
19_2,NIRMAL,01,BASAR,1918027,TAKLI,,
19_2,NIRMAL,01,BASAR,1918022,VONI,,
19_2,NIRMAL,02,BHAINSA,1916017,BABALGAON,,
19_2,NIRMAL,02,BHAINSA,1916024,BADGAON,,
19_2,NIRMAL,02,BHAINSA,1916018,BHAINSA,,
19_2,NIRMAL,02,BHAINSA,1916011,BIJJUR,,
19_2,NIRMAL,02,BHAINSA,1916032,BOREGAON (BUZURG),,
19_2,NIRMAL,02,BHAINSA,1916001,CHICHOND,,
19_2,NIRMAL,02,BHAINSA,1916009,CHINTALABORI,,
19_2,NIRMAL,02,BHAINSA,1916022,DAHEGAON,,
19_2,NIRMAL,02,BHAINSA,1916015,EKGAON,,
19_2,NIRMAL,02,BHAINSA,1916023,ELEGAON,,
19_2,NIRMAL,02,BHAINSA,1916007,GUNDAGAON,,
19_2,NIRMAL,02,BHAINSA,1916031,HAMPOLI KHURD,,
19_2,NIRMAL,02,BHAINSA,1916029,HASGUL,,
19_2,NIRMAL,02,BHAINSA,1916028,KAMOL,,
19_2,NIRMAL,02,BHAINSA,1916027,KHATGAON,,
19_2,NIRMAL,02,BHAINSA,1916010,KOTALGAON,,
19_2,NIRMAL,02,BHAINSA,1916002,KUMBHI,,
19_2,NIRMAL,02,BHAINSA,1916026,KUMSARI,,
19_2,NIRMAL,02,BHAINSA,1916004,LINGA,,
19_2,NIRMAL,02,BHAINSA,1916008,MAHAGAON,,
19_2,NIRMAL,02,BHAINSA,1916020,MANJRI,,
19_2,NIRMAL,02,BHAINSA,1916030,MATEGAON,,
19_2,NIRMAL,02,BHAINSA,1916005,MIRZAPUR,,
19_2,NIRMAL,02,BHAINSA,1916019,PANGRI,,
19_2,NIRMAL,02,BHAINSA,1916034,PENDAPALLE,,
19_2,NIRMAL,02,BHAINSA,1916016,PIPRI,,
19_2,NIRMAL,02,BHAINSA,1916006,SIDDUR,,
19_2,NIRMAL,02,BHAINSA,1916021,SIRALA,,
19_2,NIRMAL,02,BHAINSA,1916012,SUNKLI,,
19_2,NIRMAL,02,BHAINSA,1916003,TAKLI,,
19_2,NIRMAL,02,BHAINSA,1916013,THIMMAPUR,,
19_2,NIRMAL,02,BHAINSA,1916025,WALEGAON,,
19_2,NIRMAL,02,BHAINSA,1916014,WANALPAHAD,,
19_2,NIRMAL,02,BHAINSA,1916033,WATOLI,,
19_2,NIRMAL,03,DASTURABAD,1925035,BHUTHKUR,,
19_2,NIRMAL,03,DASTURABAD,1925017,BHUTTAPUR,,
19_2,NIRMAL,03,DASTURABAD,1925037,CHENNUR,,
19_2,NIRMAL,03,DASTURABAD,1925019,DASTURABAD,,
19_2,NIRMAL,03,DASTURABAD,1925038,GONDSERIAL,,
19_2,NIRMAL,03,DASTURABAD,1925016,MALLAPUR,,
19_2,NIRMAL,03,DASTURABAD,1925036,MUNNIAL,,
19_2,NIRMAL,03,DASTURABAD,1925018,REVOJIPET (NEW),,
19_2,NIRMAL,04,DILAWARPUR,1920015,ARLI (BUZURG),,
19_2,NIRMAL,04,DILAWARPUR,1920019,BANASPALLE,,
19_2,NIRMAL,04,DILAWARPUR,1920017,CHINTALKUNTA,,
19_2,NIRMAL,04,DILAWARPUR,1920008,DILAWARPUR,,
19_2,NIRMAL,04,DILAWARPUR,1920018,GUNDAMPALLE,,
19_2,NIRMAL,04,DILAWARPUR,1920004,KADILI,,
19_2,NIRMAL,04,DILAWARPUR,1920006,KALVA,,
19_2,NIRMAL,04,DILAWARPUR,1920022,KANJAR,,
19_2,NIRMAL,04,DILAWARPUR,1920020,KOTHUR,,
19_2,NIRMAL,04,DILAWARPUR,1920023,LINGAMPALLE,,
19_2,NIRMAL,04,DILAWARPUR,1920005,MALEGAON,,
19_2,NIRMAL,04,DILAWARPUR,1920027,MALLAPUR,,
19_2,NIRMAL,04,DILAWARPUR,1920025,MAYAPUR,,
19_2,NIRMAL,04,DILAWARPUR,1920029,MUJGI,,
19_2,NIRMAL,04,DILAWARPUR,1920007,NEW LOLAM (R.C.),,
19_2,NIRMAL,04,DILAWARPUR,1920021,RATNAPUR (K),,
19_2,NIRMAL,04,DILAWARPUR,1920016,SAMANDERPALLE,,
19_2,NIRMAL,04,DILAWARPUR,1920026,SANGVI,,
19_2,NIRMAL,04,DILAWARPUR,1920030,SIDDANKUNTA,,
19_2,NIRMAL,04,DILAWARPUR,1920024,SIRGAPUR,,
19_2,NIRMAL,05,KADDAM,1925002,ALLAMPALLY,,
19_2,NIRMAL,05,KADDAM,1925020,AMBARIPET,,
19_2,NIRMAL,05,KADDAM,1925034,BELLAL,,
19_2,NIRMAL,05,KADDAM,1925033,CHITTIAL,,
19_2,NIRMAL,05,KADDAM,1925023,DHARMAIPET,,
19_2,NIRMAL,05,KADDAM,1925008,DHARMAJIPET,,
19_2,NIRMAL,05,KADDAM,1925032,DILDARNAGAR,,
19_2,NIRMAL,05,KADDAM,1925004,GANDIGOPALPUR,,
19_2,NIRMAL,05,KADDAM,1925001,GANGAPUR,,
19_2,NIRMAL,05,KADDAM,1925005,ISTAMPUR,,
19_2,NIRMAL,05,KADDAM,1925009,KALLEDA,,
19_2,NIRMAL,05,KADDAM,1925022,KANNAPUR,,
19_2,NIRMAL,05,KADDAM,1925021,KONDKURU,,
19_2,NIRMAL,05,KADDAM,1925010,LAXMIPUR,,
19_2,NIRMAL,05,KADDAM,1925027,LAXMISAGAR,,
19_2,NIRMAL,05,KADDAM,1925030,LINGAPUR,,
19_2,NIRMAL,05,KADDAM,1925026,MADDIPADGA,,
19_2,NIRMAL,05,KADDAM,1925007,MAISAMPET,,
19_2,NIRMAL,05,KADDAM,1925029,MASAIPET,,
19_2,NIRMAL,05,KADDAM,1925025,NACHAN YELLAPUR,,
19_2,NIRMAL,05,KADDAM,1925024,NARSAPUR,,
19_2,NIRMAL,05,KADDAM,1925015,NAWABPET,,
19_2,NIRMAL,05,KADDAM,1925014,PANDWAPUR,,
19_2,NIRMAL,05,KADDAM,1925013,PEDDUR,,
19_2,NIRMAL,05,KADDAM,1925003,RAMPUR,,
19_2,NIRMAL,05,KADDAM,1925031,SARANGAPUR,,
19_2,NIRMAL,05,KADDAM,1925006,UDUMPUR,,
19_2,NIRMAL,05,KADDAM,1925028,YELAGADAPA,,
19_2,NIRMAL,06,KHANAPUR,1924017,ADVISARANGAPUR,,
19_2,NIRMAL,06,KHANAPUR,1924029,BADANKURTHY,,
19_2,NIRMAL,06,KHANAPUR,1924027,BAVAPUR (K),,
19_2,NIRMAL,06,KHANAPUR,1924016,BEERNANDI,,
19_2,NIRMAL,06,KHANAPUR,1924011,BEVAPUR (R),,
19_2,NIRMAL,06,KHANAPUR,1924015,CHAMANPALLE,,
19_2,NIRMAL,06,KHANAPUR,1924026,DILWARPUR,,
19_2,NIRMAL,06,KHANAPUR,1924014,ERVACHINTAL,,
19_2,NIRMAL,06,KHANAPUR,1924021,GANGAIPET,,
19_2,NIRMAL,06,KHANAPUR,1924020,IQBALPUR,,
19_2,NIRMAL,06,KHANAPUR,1924028,KHANAPUR,,
19_2,NIRMAL,06,KHANAPUR,1924025,KOTHAPET,,
19_2,NIRMAL,06,KHANAPUR,1924030,MASKAPUR,,
19_2,NIRMAL,06,KHANAPUR,1924032,MEDAMPALLE,,
19_2,NIRMAL,06,KHANAPUR,1924024,PATHA YELLAPUR,,
19_2,NIRMAL,06,KHANAPUR,1924012,RAJURA,,
19_2,NIRMAL,06,KHANAPUR,1924023,SATHNAPALLE,,
19_2,NIRMAL,06,KHANAPUR,1925012,SINGAPUR,,
19_2,NIRMAL,06,KHANAPUR,1924031,SURJAPUR,,
19_2,NIRMAL,06,KHANAPUR,1924019,TARLAPAD,,
19_2,NIRMAL,06,KHANAPUR,1924022,THIMMAPUR,,
19_2,NIRMAL,07,KUBEER,1915033,ANTHARNI,,
19_2,NIRMAL,07,KUBEER,1915037,BAKOT,,
19_2,NIRMAL,07,KUBEER,1915007,BELGAON,,
19_2,NIRMAL,07,KUBEER,1915008,BRAHMESWAR,,
19_2,NIRMAL,07,KUBEER,1915014,CHATA,,
19_2,NIRMAL,07,KUBEER,1915020,CHONDI,,
19_2,NIRMAL,07,KUBEER,1915016,DARKUBEER,,
19_2,NIRMAL,07,KUBEER,1915006,DODARNA,,
19_2,NIRMAL,07,KUBEER,1915027,GODAPUR,,
19_2,NIRMAL,07,KUBEER,1915035,GODSARA,,
19_2,NIRMAL,07,KUBEER,1915012,HALDA,,
19_2,NIRMAL,07,KUBEER,1915026,HAMPLI (BUZURG),,
19_2,NIRMAL,07,KUBEER,1915003,JAMGAON,,
19_2,NIRMAL,07,KUBEER,1915021,JUMDA,,
19_2,NIRMAL,07,KUBEER,1915019,KHASRA,,
19_2,NIRMAL,07,KUBEER,1915018,KUBEER,,
19_2,NIRMAL,07,KUBEER,1915023,KUPTI,,
19_2,NIRMAL,07,KUBEER,1915030,LINGI,,
19_2,NIRMAL,07,KUBEER,1915034,MALEGAON,,
19_2,NIRMAL,07,KUBEER,1915009,MARLAGONDA,,
19_2,NIRMAL,07,KUBEER,1915029,MOLA,,
19_2,NIRMAL,07,KUBEER,1915010,NANDAPAHAD,,
19_2,NIRMAL,07,KUBEER,1915028,NIGHWA,,
19_2,NIRMAL,07,KUBEER,1915001,PALSI,,
19_2,NIRMAL,07,KUBEER,1915036,PANGRA,,
19_2,NIRMAL,07,KUBEER,1915015,PARDI (BUZURG),,
19_2,NIRMAL,07,KUBEER,1915002,PARDI KHURD,,
19_2,NIRMAL,07,KUBEER,1915017,RAJURA,,
19_2,NIRMAL,07,KUBEER,1915004,RANJANI,,
19_2,NIRMAL,07,KUBEER,1915022,SANGVI,,
19_2,NIRMAL,07,KUBEER,1915032,SANWALI,,
19_2,NIRMAL,07,KUBEER,1915038,SAONA,,
19_2,NIRMAL,07,KUBEER,1915013,SHIVANI,,
19_2,NIRMAL,07,KUBEER,1915005,SIRPALLE,,
19_2,NIRMAL,07,KUBEER,1915025,SONARI,,
19_2,NIRMAL,07,KUBEER,1915024,VARNI,,
19_2,NIRMAL,07,KUBEER,1915011,VEERAGOHAN,,
19_2,NIRMAL,07,KUBEER,1915031,WAI,,
19_2,NIRMAL,08,KUNTALA,1914003,AMBAGAON,,
19_2,NIRMAL,08,KUNTALA,1914012,AMBAKANTI,,
19_2,NIRMAL,08,KUNTALA,1914019,ANDHUR,,
19_2,NIRMAL,08,KUNTALA,1914006,DOWNELLE,,
19_2,NIRMAL,08,KUNTALA,1914023,KALLUR,,
19_2,NIRMAL,08,KUNTALA,1914013,KUNTALA,,
19_2,NIRMAL,08,KUNTALA,1914001,LIMBA (BUZURG),,
19_2,NIRMAL,08,KUNTALA,1914015,LIMBA (KHURD),,
19_2,NIRMAL,08,KUNTALA,1914002,MEDANPUR,,
19_2,NIRMAL,08,KUNTALA,1914014,OALA,,
19_2,NIRMAL,08,KUNTALA,1914018,PENCHIKALPAHAD,,
19_2,NIRMAL,08,KUNTALA,1914011,RAIPAHAD,,
19_2,NIRMAL,08,KUNTALA,1914005,RAJAPUR,,
19_2,NIRMAL,08,KUNTALA,1914004,SURYAPUR,,
19_2,NIRMAL,08,KUNTALA,1914017,VENKUR,,
19_2,NIRMAL,08,KUNTALA,1914016,VITTAPUR,,
19_2,NIRMAL,09,LAXMANCHANDA,1922005,BABAPUR,,
19_2,NIRMAL,09,LAXMANCHANDA,1922004,BOREGAON,,
19_2,NIRMAL,09,LAXMANCHANDA,1922018,CHAMANPALLE,,
19_2,NIRMAL,09,LAXMANCHANDA,1922019,CHINTALCHANDA,,
19_2,NIRMAL,09,LAXMANCHANDA,1922013,DHARMARAM,,
19_2,NIRMAL,09,LAXMANCHANDA,1922002,KANKAPUR,,
19_2,NIRMAL,09,LAXMANCHANDA,1922007,LAXMANCHANDA,,
19_2,NIRMAL,09,LAXMANCHANDA,1922016,MACHAPUR,,
19_2,NIRMAL,09,LAXMANCHANDA,1922015,MALLAPUR,,
19_2,NIRMAL,09,LAXMANCHANDA,1922017,MUNIPALLE,,
19_2,NIRMAL,09,LAXMANCHANDA,1922003,NARSAPUR (B),,
19_2,NIRMAL,09,LAXMANCHANDA,1922021,NEW KANJAR,,
19_2,NIRMAL,09,LAXMANCHANDA,1922014,PARPALLE,,
19_2,NIRMAL,09,LAXMANCHANDA,1922008,PEECHARA,,
19_2,NIRMAL,09,LAXMANCHANDA,1922020,POLPALLY (B),,
19_2,NIRMAL,09,LAXMANCHANDA,1922022,POTPALLE (KHURD),,
19_2,NIRMAL,09,LAXMANCHANDA,1922006,THIRPALLE,,
19_2,NIRMAL,09,LAXMANCHANDA,1922001,WADDYAL,,
19_2,NIRMAL,10,LOKESHWARAM,1919022,ABDULLAPUR,,
19_2,NIRMAL,10,LOKESHWARAM,1919031,BAMNI (K),,
19_2,NIRMAL,10,LOKESHWARAM,1919014,BHAGAPUR,,
19_2,NIRMAL,10,LOKESHWARAM,1919004,BILOLI,,
19_2,NIRMAL,10,LOKESHWARAM,1919023,BRAHMESWAR,,
19_2,NIRMAL,10,LOKESHWARAM,1919026,DHARMARA,,
19_2,NIRMAL,10,LOKESHWARAM,1919012,GADCHANDA,,
19_2,NIRMAL,10,LOKESHWARAM,1919029,GODESRA,,
19_2,NIRMAL,10,LOKESHWARAM,1919002,HADGAON,,
19_2,NIRMAL,10,LOKESHWARAM,1919005,HAWARGA,,
19_2,NIRMAL,10,LOKESHWARAM,1919020,JOHARPUR,,
19_2,NIRMAL,10,LOKESHWARAM,1919021,KANKAPUR,,
19_2,NIRMAL,10,LOKESHWARAM,1919015,KISTAPUR,,
19_2,NIRMAL,10,LOKESHWARAM,1919018,LOHESRA,,
19_2,NIRMAL,10,LOKESHWARAM,1919016,MALKAPUR,,
19_2,NIRMAL,10,LOKESHWARAM,1919006,MANMAD,,
19_2,NIRMAL,10,LOKESHWARAM,1919028,MOHALLA,,
19_2,NIRMAL,10,LOKESHWARAM,1919013,NAGAR,,
19_2,NIRMAL,10,LOKESHWARAM,1919033,NEW ARLI GODSERA,,
19_2,NIRMAL,10,LOKESHWARAM,1919032,NEW GODSERA,,
19_2,NIRMAL,10,LOKESHWARAM,1919019,NEW RAIPUR (K) R.C,,
19_2,NIRMAL,10,LOKESHWARAM,1919027,PANCHGUDI,,
19_2,NIRMAL,10,LOKESHWARAM,1919030,PIPRI,,
19_2,NIRMAL,10,LOKESHWARAM,1919007,POTPALLE (B),,
19_2,NIRMAL,10,LOKESHWARAM,1919001,POTPALLE (M),,
19_2,NIRMAL,10,LOKESHWARAM,1919017,PUSPUR,,
19_2,NIRMAL,10,LOKESHWARAM,1919011,RAIPUR (K),,
19_2,NIRMAL,10,LOKESHWARAM,1919010,RAJURA,,
19_2,NIRMAL,10,LOKESHWARAM,1919003,SATHGAON,,
19_2,NIRMAL,10,LOKESHWARAM,1919009,SAVARGAON,,
19_2,NIRMAL,10,LOKESHWARAM,1919024,WASTAPUR,,
19_2,NIRMAL,10,LOKESHWARAM,1919025,WATOLI,,
19_2,NIRMAL,10,LOKESHWARAM,1919008,YEDDUR,,
19_2,NIRMAL,11,MAMADA,1923028,ADARSANAGAR(R.C)KOTHUR@,,
19_2,NIRMAL,11,MAMADA,1923026,ANANTHPET,,
19_2,NIRMAL,11,MAMADA,1923010,AREPALLE,,
19_2,NIRMAL,11,MAMADA,1923024,BANDAL KHANAPUR,,
19_2,NIRMAL,11,MAMADA,1923007,BURUGUPALLE,,
19_2,NIRMAL,11,MAMADA,1923023,CHANDARAM,,
19_2,NIRMAL,11,MAMADA,1923017,DANTHAMPALLE,,
19_2,NIRMAL,11,MAMADA,1923032,DEVATHAPUR,,
19_2,NIRMAL,11,MAMADA,1923015,DIMMADURTHY,,
19_2,NIRMAL,11,MAMADA,1923006,GAYADPALLE,,
19_2,NIRMAL,11,MAMADA,1923029,KAMAL KOT,,
19_2,NIRMAL,11,MAMADA,1923014,KAPPANPALLE,,
19_2,NIRMAL,11,MAMADA,1923008,KISHANRAOPET,,
19_2,NIRMAL,11,MAMADA,1923022,KORTIKAL,,
19_2,NIRMAL,11,MAMADA,1923018,KOTHA SANGVI (R.C),,
19_2,NIRMAL,11,MAMADA,1923027,KOTHA TIMBARENI (R.C),,
19_2,NIRMAL,11,MAMADA,1923021,KOTHALINGAMPALLE (R.C),,
19_2,NIRMAL,11,MAMADA,1923016,LACHAMPUR,,
19_2,NIRMAL,11,MAMADA,1923011,LINGAPUR,,
19_2,NIRMAL,11,MAMADA,1923013,LONKAPAD,,
19_2,NIRMAL,11,MAMADA,1923019,MAMDA,,
19_2,NIRMAL,11,MAMADA,1923020,MONDEPALLE,,
19_2,NIRMAL,11,MAMADA,1923031,NALDURTHI,,
19_2,NIRMAL,11,MAMADA,1923009,PARIMANDAL,,
19_2,NIRMAL,11,MAMADA,1923030,PONKAL,,
19_2,NIRMAL,11,MAMADA,1923025,POTHARAM,,
19_2,NIRMAL,11,MAMADA,1923001,PULIMADUGU,,
19_2,NIRMAL,11,MAMADA,1923012,RAIDHARI,,
19_2,NIRMAL,11,MAMADA,1923004,RAMPUR,,
19_2,NIRMAL,11,MAMADA,1923005,RASIMATLA,,
19_2,NIRMAL,11,MAMADA,1923002,TANDRA,,
19_2,NIRMAL,11,MAMADA,1923003,VASTHAPUR,,
19_2,NIRMAL,11,MAMADA,1923033,VENKATAPUR,,
19_2,NIRMAL,12,MUDHOLE,1918021,ASHTA,,
19_2,NIRMAL,12,MUDHOLE,1918010,BOREGAON,,
19_2,NIRMAL,12,MUDHOLE,1918020,BRAHMANGAON,,
19_2,NIRMAL,12,MUDHOLE,1918015,CHANDAPUR,,
19_2,NIRMAL,12,MUDHOLE,1918005,CHINCHALA,,
19_2,NIRMAL,12,MUDHOLE,1918008,CHINTAKUNTA,,
19_2,NIRMAL,12,MUDHOLE,1918041,CHINTAKUNTA RC,,
19_2,NIRMAL,12,MUDHOLE,1918007,EDBID,,
19_2,NIRMAL,12,MUDHOLE,1918018,GANORA,,
19_2,NIRMAL,12,MUDHOLE,1918014,GOVINDAPUR,,
19_2,NIRMAL,12,MUDHOLE,1918013,GUDUR,,
19_2,NIRMAL,12,MUDHOLE,1918011,JALALPUR,,
19_2,NIRMAL,12,MUDHOLE,1918012,KAREGAON,,
19_2,NIRMAL,12,MUDHOLE,1918002,MACHKAL,,
19_2,NIRMAL,12,MUDHOLE,1918003,MUDGAL,,
19_2,NIRMAL,12,MUDHOLE,1918017,MUDHOLE,,
19_2,NIRMAL,12,MUDHOLE,1918040,PIPRI,,
19_2,NIRMAL,12,MUDHOLE,1918001,RAMTEK,,
19_2,NIRMAL,12,MUDHOLE,1918019,RIUVI,,
19_2,NIRMAL,12,MUDHOLE,1918024,SHETPALLE,,
19_2,NIRMAL,12,MUDHOLE,1918004,TARODA,,
19_2,NIRMAL,12,MUDHOLE,1918006,VENKATAPUR,,
19_2,NIRMAL,12,MUDHOLE,1918016,VITHOLI,,
19_2,NIRMAL,12,MUDHOLE,1918009,WADTHALA,,
19_2,NIRMAL,13,NARSAPUR (G),1920002,ANJANI,,
19_2,NIRMAL,13,NARSAPUR (G),1914026,ARLY (KHURD),,
19_2,NIRMAL,13,NARSAPUR (G),1914020,BAMINI (BUZURG),,
19_2,NIRMAL,13,NARSAPUR (G),1914025,BURGUPALLE,,
19_2,NIRMAL,13,NARSAPUR (G),1914008,BURUGUPALLE,,
19_2,NIRMAL,13,NARSAPUR (G),1914028,CHAKEPALLE,,
19_2,NIRMAL,13,NARSAPUR (G),1920010,CHERLAPALLE,,
19_2,NIRMAL,13,NARSAPUR (G),1920009,DARYAPUR,,
19_2,NIRMAL,13,NARSAPUR (G),1914027,DONGARGAON,,
19_2,NIRMAL,13,NARSAPUR (G),1914010,GULMADAGA,,
19_2,NIRMAL,13,NARSAPUR (G),1920003,KURLI,,
19_2,NIRMAL,13,NARSAPUR (G),1914024,MUTAKAPALLE,,
19_2,NIRMAL,13,NARSAPUR (G),1914021,NANDAN,,
19_2,NIRMAL,13,NARSAPUR (G),1920013,NARSAPUR,,
19_2,NIRMAL,13,NARSAPUR (G),1920012,NASEERABAD,,
19_2,NIRMAL,13,NARSAPUR (G),1920011,RAMPUR,,
19_2,NIRMAL,13,NARSAPUR (G),1914007,TEKULPAHAD,,
19_2,NIRMAL,13,NARSAPUR (G),1920014,TEMBORNI,,
19_2,NIRMAL,13,NARSAPUR (G),1914022,TURATI,,
19_2,NIRMAL,13,NARSAPUR (G),1914009,VELGUDHARI,,
19_2,NIRMAL,14,NIRMAL,1921020,GAJULPET,,
19_2,NIRMAL,14,NIRMAL,1921042,MANJLAPUR (MPL NIRMAL),,
19_2,NIRMAL,14,NIRMAL,1921019,NIRMAL,,
19_2,NIRMAL,14,NIRMAL,1921026,SIDDAPUR,,
19_2,NIRMAL,14,NIRMAL,1921043,VENKATAPUR (MPL NIRMAL),,
19_2,NIRMAL,14,NIRMAL,1921003,VISWANATHPET,,
19_2,NIRMAL,15,NIRMAL RURAL,1921028,AKKAPUR,,
19_2,NIRMAL,15,NIRMAL RURAL,1921011,ANANTHPET,,
19_2,NIRMAL,15,NIRMAL RURAL,1921015,BHAGYANAGAR,,
19_2,NIRMAL,15,NIRMAL RURAL,1921022,CHITYAL,,
19_2,NIRMAL,15,NIRMAL RURAL,1921004,DYANGAPUR,,
19_2,NIRMAL,15,NIRMAL RURAL,1921009,KAMLAPUR,,
19_2,NIRMAL,15,NIRMAL RURAL,1921017,KONDAPUR,,
19_2,NIRMAL,15,NIRMAL RURAL,1921032,KOUTLA (K),,
19_2,NIRMAL,15,NIRMAL RURAL,1921001,LANGDAPUR,,
19_2,NIRMAL,15,NIRMAL RURAL,1921008,MAMBAPUR,,
19_2,NIRMAL,15,NIRMAL RURAL,1921025,MANJLAPUR,,
19_2,NIRMAL,15,NIRMAL RURAL,1921006,MEDPALLE,,
19_2,NIRMAL,15,NIRMAL RURAL,1921024,MUJGI,,
19_2,NIRMAL,15,NIRMAL RURAL,1921029,MUKTAPUR,,
19_2,NIRMAL,15,NIRMAL RURAL,1921012,NAGNAIPET,,
19_2,NIRMAL,15,NIRMAL RURAL,1921007,NEELAIPET,,
19_2,NIRMAL,15,NIRMAL RURAL,1921014,NEW POCHAMPAD,,
19_2,NIRMAL,15,NIRMAL RURAL,1913028,RANAPUR,,
19_2,NIRMAL,15,NIRMAL RURAL,1921016,RATNAPUR KONDLI,,
19_2,NIRMAL,15,NIRMAL RURAL,1921021,TALWADA,,
19_2,NIRMAL,15,NIRMAL RURAL,1921023,THAMSA,,
19_2,NIRMAL,15,NIRMAL RURAL,1921018,THIMMAPUR,,
19_2,NIRMAL,15,NIRMAL RURAL,1921002,VENGVAPETA,,
19_2,NIRMAL,15,NIRMAL RURAL,1921027,VENKATAPUR,,
19_2,NIRMAL,15,NIRMAL RURAL,1921010,YEDLAPUR,,
19_2,NIRMAL,15,NIRMAL RURAL,1921013,YELLAPALLE,,
19_2,NIRMAL,15,NIRMAL RURAL,1921005,YELLAREDDIPET,,
19_2,NIRMAL,16,PEMBI,1924010,BURUGPALLE,,
19_2,NIRMAL,16,PEMBI,1924004,DHOMDARI,,
19_2,NIRMAL,16,PEMBI,1924003,GUMMANUYENGLAPUR,,
19_2,NIRMAL,16,PEMBI,1924002,ITIKYAL,,
19_2,NIRMAL,16,PEMBI,1924006,KOSAGUTTA,,
19_2,NIRMAL,16,PEMBI,1924013,MANDAPALLE,,
19_2,NIRMAL,16,PEMBI,1924018,NAGPUR,,
19_2,NIRMAL,16,PEMBI,1924001,PASPULA,,
19_2,NIRMAL,16,PEMBI,1924008,PEMBI,,
19_2,NIRMAL,16,PEMBI,1924007,SHETPALLE,,
19_2,NIRMAL,16,PEMBI,1924005,VASPALLE,,
19_2,NIRMAL,16,PEMBI,1924009,VENKAMPOCHAMPAD,,
19_2,NIRMAL,17,SARANGAPUR,1913007,ADELLI,,
19_2,NIRMAL,17,SARANGAPUR,1913024,ALUR,,
19_2,NIRMAL,17,SARANGAPUR,1913027,BAGIRATHIPUR,,
19_2,NIRMAL,17,SARANGAPUR,1913017,BEERVELLI,,
19_2,NIRMAL,17,SARANGAPUR,1913021,BOREGAON,,
19_2,NIRMAL,17,SARANGAPUR,1913026,CHINCHOLI (BUZURG),,
19_2,NIRMAL,17,SARANGAPUR,1913012,CHINCHOLI (MALAK),,
19_2,NIRMAL,17,SARANGAPUR,1913022,DHANI,,
19_2,NIRMAL,17,SARANGAPUR,1913019,GODSERA,,
19_2,NIRMAL,17,SARANGAPUR,1913023,GOPALPET,,
19_2,NIRMAL,17,SARANGAPUR,1913009,JAM,,
19_2,NIRMAL,17,SARANGAPUR,1913001,JEWLY,,
19_2,NIRMAL,17,SARANGAPUR,1913013,KAMKATI,,
19_2,NIRMAL,17,SARANGAPUR,1913006,KHARJI,,
19_2,NIRMAL,17,SARANGAPUR,1913011,KOWTLA (BUZURG),,
19_2,NIRMAL,17,SARANGAPUR,1913003,KUPTI,,
19_2,NIRMAL,17,SARANGAPUR,1913025,LAKSHMIPUR,,
19_2,NIRMAL,17,SARANGAPUR,1913008,NAGAPUR,,
19_2,NIRMAL,17,SARANGAPUR,1913005,PENDALDHARI,,
19_2,NIRMAL,17,SARANGAPUR,1913016,PIYARAMUR,,
19_2,NIRMAL,17,SARANGAPUR,1913004,PONKUR,,
19_2,NIRMAL,17,SARANGAPUR,1913002,POTIA,,
19_2,NIRMAL,17,SARANGAPUR,1913010,SARANGPUR,,
19_2,NIRMAL,17,SARANGAPUR,1913015,TANDRA,,
19_2,NIRMAL,17,SARANGAPUR,1913014,VAIKUNTAPUR,,
19_2,NIRMAL,17,SARANGAPUR,1913018,VANJAR,,
19_2,NIRMAL,17,SARANGAPUR,1913020,YAKARPALLE,,
19_2,NIRMAL,18,SOAN,1921035,GANJAL,,
19_2,NIRMAL,18,SOAN,1921034,JAFRAPUR,,
19_2,NIRMAL,18,SOAN,1921030,KADTHAL,,
19_2,NIRMAL,18,SOAN,1922012,KUCHANPALLE,,
19_2,NIRMAL,18,SOAN,1921037,MADHAPUR,,
19_2,NIRMAL,18,SOAN,1922011,NEW BOPPARAM,,
19_2,NIRMAL,18,SOAN,1922009,NEW VELMAL,,
19_2,NIRMAL,18,SOAN,1921038,PAKPATLA,,
19_2,NIRMAL,18,SOAN,1921039,POCHAMPAD,,
19_2,NIRMAL,18,SOAN,1922010,SANGAMPET,,
19_2,NIRMAL,18,SOAN,1921031,SHAKARI,,
19_2,NIRMAL,18,SOAN,1921033,SIDDANKUNTA,,
19_2,NIRMAL,18,SOAN,1921036,SOAN,,
19_2,NIRMAL,18,SOAN,1920031,VELMEL,,
19_2,NIRMAL,19,TANUR,1917007,BAMNI,,
19_2,NIRMAL,19,TANUR,1917004,BELTARODA,,
19_2,NIRMAL,19,TANUR,1917015,BEMBER,,
19_2,NIRMAL,19,TANUR,1917005,BHOSI,,
19_2,NIRMAL,19,TANUR,1917009,BOLSA,,
19_2,NIRMAL,19,TANUR,1917008,BONDRAT,,
19_2,NIRMAL,19,TANUR,1917014,BOREGAON (KHURD),,
19_2,NIRMAL,19,TANUR,1917010,DHAGAON,,
19_2,NIRMAL,19,TANUR,1917027,DOULTABAD,,
19_2,NIRMAL,19,TANUR,1917012,ELVI,,
19_2,NIRMAL,19,TANUR,1917011,HANGIRGA,,
19_2,NIRMAL,19,TANUR,1917016,HIPNALLY,,
19_2,NIRMAL,19,TANUR,1917029,JEWLA (BUZURG),,
19_2,NIRMAL,19,TANUR,1917023,JEWLA (KHURD),,
19_2,NIRMAL,19,TANUR,1917001,JHARI (BUZURG),,
19_2,NIRMAL,19,TANUR,1917002,JHARI (KHURD),,
19_2,NIRMAL,19,TANUR,1917022,KALYANI,,
19_2,NIRMAL,19,TANUR,1917031,KESARELLY,,
19_2,NIRMAL,19,TANUR,1917028,KHARBALA,,
19_2,NIRMAL,19,TANUR,1917017,KOLUR,,
19_2,NIRMAL,19,TANUR,1917020,KUPLI,,
19_2,NIRMAL,19,TANUR,1917006,MAHALINGI,,
19_2,NIRMAL,19,TANUR,1917018,MASALGA,,
19_2,NIRMAL,19,TANUR,1917019,MUGLI,,
19_2,NIRMAL,19,TANUR,1917026,NANDGAM,,
19_2,NIRMAL,19,TANUR,1917025,SINGANGAM,,
19_2,NIRMAL,19,TANUR,1917024,TANUR,,
19_2,NIRMAL,19,TANUR,1917030,TONDALA,,
19_2,NIRMAL,19,TANUR,1917013,UMRI (KHURD),,
19_2,NIRMAL,19,TANUR,1917021,WADGAON,,
19_2,NIRMAL,19,TANUR,1917032,WADHONE,,
19_2,NIRMAL,19,TANUR,1917003,WADJHARI,,
19_2,NIRMAL,19,TANUR,1917033,YELLAWAT,,
19_3,MANCHERIAL,01,BELLAMPALLE,1942010,AKENIPALLE,,
19_3,MANCHERIAL,01,BELLAMPALLE,1942002,ANKUSAM,,
19_3,MANCHERIAL,01,BELLAMPALLE,1942011,BATWANPALLE,,
19_3,MANCHERIAL,01,BELLAMPALLE,1942013,BELLAMPALLE,,
19_3,MANCHERIAL,01,BELLAMPALLE,1942005,BUDHA KALAN,,
19_3,MANCHERIAL,01,BELLAMPALLE,1942004,BUDHA KHURD,,
19_3,MANCHERIAL,01,BELLAMPALLE,1942003,CHAKEPALLE,,
19_3,MANCHERIAL,01,BELLAMPALLE,1942006,CHANDRAVELLI,,
19_3,MANCHERIAL,01,BELLAMPALLE,1942008,DUGNEPALLE,,
19_3,MANCHERIAL,01,BELLAMPALLE,1942009,GURJAL,,
19_3,MANCHERIAL,01,BELLAMPALLE,1942001,KANNAL,,
19_3,MANCHERIAL,01,BELLAMPALLE,1942012,PERKAPALLE,,
19_3,MANCHERIAL,01,BELLAMPALLE,1942007,RANGAPET,,
19_3,MANCHERIAL,02,BHEEMARAM,1952021,ANKUSHAPUR,,
19_3,MANCHERIAL,02,BHEEMARAM,1952008,ARKAPALLE,,
19_3,MANCHERIAL,02,BHEEMARAM,1952009,BHIMARAM,,
19_3,MANCHERIAL,02,BHEEMARAM,1952006,BURUGUPALLE,,
19_3,MANCHERIAL,02,BHEEMARAM,1952004,DAMPUR,,
19_3,MANCHERIAL,02,BHEEMARAM,1952031,KOTHPALLE,,
19_3,MANCHERIAL,02,BHEEMARAM,1952029,MADDIKAL,,
19_3,MANCHERIAL,02,BHEEMARAM,1952010,POLAMPALLE,,
19_3,MANCHERIAL,02,BHEEMARAM,1952007,POTHANPALLE,,
19_3,MANCHERIAL,02,BHEEMARAM,1952003,REDDIPALLE,,
19_3,MANCHERIAL,02,BHEEMARAM,1952005,VELLAPALLE,,
19_3,MANCHERIAL,02,BHEEMARAM,1952027,YAREPALLE,,
19_3,MANCHERIAL,03,BHEEMINI,1944002,AKKALAPALLE,,
19_3,MANCHERIAL,03,BHEEMINI,1944010,BHEEMINI,,
19_3,MANCHERIAL,03,BHEEMINI,1944013,BITTURPALLE,,
19_3,MANCHERIAL,03,BHEEMINI,1948013,CHINNA THIMMAPUR,,
19_3,MANCHERIAL,03,BHEEMINI,1948011,CHINNAGUDIPET,,
19_3,MANCHERIAL,03,BHEEMINI,1944011,KAMALAPUR,,
19_3,MANCHERIAL,03,BHEEMINI,1944001,KARJIBHEEMPUR,,
19_3,MANCHERIAL,03,BHEEMINI,1948004,KESLAPUR,,
19_3,MANCHERIAL,03,BHEEMINI,1944003,LAXMIPUR,,
19_3,MANCHERIAL,03,BHEEMINI,1944014,MALLIDI,,
19_3,MANCHERIAL,03,BHEEMINI,1944005,PEDDA GUDIPET,,
19_3,MANCHERIAL,03,BHEEMINI,1948014,PEDDA THIMMAPUR,,
19_3,MANCHERIAL,03,BHEEMINI,1944009,PEDDAPETA,,
19_3,MANCHERIAL,03,BHEEMINI,1944012,POTHEPALLE,,
19_3,MANCHERIAL,03,BHEEMINI,1944008,RAJARAM,,
19_3,MANCHERIAL,03,BHEEMINI,1944023,RAMPUR,,
19_3,MANCHERIAL,03,BHEEMINI,1944022,RAMRAOPETA,,
19_3,MANCHERIAL,03,BHEEMINI,1948012,THANGALLAPALLE,,
19_3,MANCHERIAL,03,BHEEMINI,1944019,VEEGAON,,
19_3,MANCHERIAL,03,BHEEMINI,1944015,VENKATAPUR,,
19_3,MANCHERIAL,03,BHEEMINI,1944004,WADAL,,
19_3,MANCHERIAL,04,CHENNUR,1951005,ADIWARPET,,
19_3,MANCHERIAL,04,CHENNUR,1951008,AKKAPALLE,,
19_3,MANCHERIAL,04,CHENNUR,1951019,AMUDALPALLE,,
19_3,MANCHERIAL,04,CHENNUR,1951022,ANGARAJPALLE,,
19_3,MANCHERIAL,04,CHENNUR,1951025,ASNAD,,
19_3,MANCHERIAL,04,CHENNUR,1951034,BEERVELLI,,
19_3,MANCHERIAL,04,CHENNUR,1951015,BHAMRAOPET,,
19_3,MANCHERIAL,04,CHENNUR,1951002,BUDDARAM,,
19_3,MANCHERIAL,04,CHENNUR,1951030,CHAKEPALLE,,
19_3,MANCHERIAL,04,CHENNUR,1951010,CHENNUR,,
19_3,MANCHERIAL,04,CHENNUR,1951009,CHINTAPALLE,,
19_3,MANCHERIAL,04,CHENNUR,1951020,DUGNEPALLE,,
19_3,MANCHERIAL,04,CHENNUR,1951024,GANGARAM,,
19_3,MANCHERIAL,04,CHENNUR,1951007,GUDDIRAMPUR,,
19_3,MANCHERIAL,04,CHENNUR,1951023,KACHANPALLE,,
19_3,MANCHERIAL,04,CHENNUR,1951004,KANNEPALLE,,
19_3,MANCHERIAL,04,CHENNUR,1951016,KATHERSALA,,
19_3,MANCHERIAL,04,CHENNUR,1951001,KHAMBOJIPET,,
19_3,MANCHERIAL,04,CHENNUR,1951012,KISTAMPET,,
19_3,MANCHERIAL,04,CHENNUR,1951026,KOMMERA,,
19_3,MANCHERIAL,04,CHENNUR,1951017,KONAMPET,,
19_3,MANCHERIAL,04,CHENNUR,1951013,LINGAMPALLE,,
19_3,MANCHERIAL,04,CHENNUR,1951033,NAGAPUR,,
19_3,MANCHERIAL,04,CHENNUR,1951028,NARASAKKAPET,,
19_3,MANCHERIAL,04,CHENNUR,1951018,NARAYANPUR,,
19_3,MANCHERIAL,04,CHENNUR,1951029,POKKUR,,
19_3,MANCHERIAL,04,CHENNUR,1951031,PONNARAM,,
19_3,MANCHERIAL,04,CHENNUR,1951021,RAIPET,,
19_3,MANCHERIAL,04,CHENNUR,1951003,SANKARAM,,
19_3,MANCHERIAL,04,CHENNUR,1951006,SHIVALINGAPUR,,
19_3,MANCHERIAL,04,CHENNUR,1951032,SOMANPALLE,,
19_3,MANCHERIAL,04,CHENNUR,1951014,SUDDAL,,
19_3,MANCHERIAL,04,CHENNUR,1951027,SUNDERSALA,,
19_3,MANCHERIAL,04,CHENNUR,1951011,YELLAKKAPET,,
19_3,MANCHERIAL,05,DANDEPALLE,1931002,ALLIPUR,,
19_3,MANCHERIAL,05,DANDEPALLE,1931024,ANDUGULPET,,
19_3,MANCHERIAL,05,DANDEPALLE,1931013,BIKKANGUDA,,
19_3,MANCHERIAL,05,DANDEPALLE,1931020,CHINTAPALLE,,
19_3,MANCHERIAL,05,DANDEPALLE,1931010,DANDEPALLE,,
19_3,MANCHERIAL,05,DANDEPALLE,1931017,DHARMARAOPET,,
19_3,MANCHERIAL,05,DANDEPALLE,1931015,DWARAKA,,
19_3,MANCHERIAL,05,DANDEPALLE,1931030,GUDAM,,
19_3,MANCHERIAL,05,DANDEPALLE,1931001,GURREVU,,
19_3,MANCHERIAL,05,DANDEPALLE,1931028,JAIDAPET,,
19_3,MANCHERIAL,05,DANDEPALLE,1931031,KAMEPALLE,,
19_3,MANCHERIAL,05,DANDEPALLE,1931026,KASIPET,,
19_3,MANCHERIAL,05,DANDEPALLE,1931021,KAVVICHELMA,,
19_3,MANCHERIAL,05,DANDEPALLE,1931025,KONDAPUR,,
19_3,MANCHERIAL,05,DANDEPALLE,1931008,KUNDELAPAHAD,,
19_3,MANCHERIAL,05,DANDEPALLE,1931014,LAXMIKANTAPUR,,
19_3,MANCHERIAL,05,DANDEPALLE,1931012,LINGAPUR,,
19_3,MANCHERIAL,05,DANDEPALLE,1931005,MAKULPET,,
19_3,MANCHERIAL,05,DANDEPALLE,1931006,MAMIDIPALLE,,
19_3,MANCHERIAL,05,DANDEPALLE,1931011,MEDARIPET,,
19_3,MANCHERIAL,05,DANDEPALLE,1931022,MUTYAMPET,,
19_3,MANCHERIAL,05,DANDEPALLE,1931003,NAGASAMUDRAM,,
19_3,MANCHERIAL,05,DANDEPALLE,1931029,NAMBAL,,
19_3,MANCHERIAL,05,DANDEPALLE,1931018,NARSAPUR,,
19_3,MANCHERIAL,05,DANDEPALLE,1931016,PEDDAPET,,
19_3,MANCHERIAL,05,DANDEPALLE,1931023,REBBENPALLE,,
19_3,MANCHERIAL,05,DANDEPALLE,1931007,ROLLPAHAD,,
19_3,MANCHERIAL,05,DANDEPALLE,1931004,TALLAPET,,
19_3,MANCHERIAL,05,DANDEPALLE,1931009,TANIMADUGU,,
19_3,MANCHERIAL,05,DANDEPALLE,1931027,VELGANOOR,,
19_3,MANCHERIAL,05,DANDEPALLE,1931019,VENKATAPUR,,
19_3,MANCHERIAL,06,HAJIPUR,1933018,CHANDANAPUR,,
19_3,MANCHERIAL,06,HAJIPUR,1933008,DONABANDA,,
19_3,MANCHERIAL,06,HAJIPUR,1933004,GADHPUR,,
19_3,MANCHERIAL,06,HAJIPUR,1933016,GUDIPET,,
19_3,MANCHERIAL,06,HAJIPUR,1933014,HAJIPUR,,
19_3,MANCHERIAL,06,HAJIPUR,1933006,HUSSAINSAGAR,,
19_3,MANCHERIAL,06,HAJIPUR,1933011,KARNAMAMIDI,,
19_3,MANCHERIAL,06,HAJIPUR,1933007,KONDAPUR,,
19_3,MANCHERIAL,06,HAJIPUR,1933012,KONDEPALLE,,
19_3,MANCHERIAL,06,HAJIPUR,1933020,KOTHAPALLE,,
19_3,MANCHERIAL,06,HAJIPUR,1933019,MULKALLA,,
19_3,MANCHERIAL,06,HAJIPUR,1933003,NAGARAM,,
19_3,MANCHERIAL,06,HAJIPUR,1933017,NAMNUR,,
19_3,MANCHERIAL,06,HAJIPUR,1933015,NARSINGAPUR,,
19_3,MANCHERIAL,06,HAJIPUR,1933010,PADTHENPALLE,,
19_3,MANCHERIAL,06,HAJIPUR,1933001,PEDDAMPET,,
19_3,MANCHERIAL,06,HAJIPUR,1933005,POCHAMMAPAD,,
19_3,MANCHERIAL,06,HAJIPUR,1933013,RAPALLE,,
19_3,MANCHERIAL,06,HAJIPUR,1933002,RYALI,,
19_3,MANCHERIAL,06,HAJIPUR,1933009,SUBBAPALLE,,
19_3,MANCHERIAL,06,HAJIPUR,1933021,VEMPALLE,,
19_3,MANCHERIAL,07,JAIPUR,1952025,BEJJAL,,
19_3,MANCHERIAL,07,JAIPUR,1952020,GANGIPALLE,,
19_3,MANCHERIAL,07,JAIPUR,1952033,GOPALPUR,,
19_3,MANCHERIAL,07,JAIPUR,1952016,INDARAM,,
19_3,MANCHERIAL,07,JAIPUR,1952011,JAIPUR,,
19_3,MANCHERIAL,07,JAIPUR,1952015,KACHANPALLE,,
19_3,MANCHERIAL,07,JAIPUR,1952001,KANKUR,,
19_3,MANCHERIAL,07,JAIPUR,1952030,KISTAPUR,,
19_3,MANCHERIAL,07,JAIPUR,1952026,KUNDARAM,,
19_3,MANCHERIAL,07,JAIPUR,1952013,MADDIKUNTA,,
19_3,MANCHERIAL,07,JAIPUR,1952022,MADDULAPALLE,,
19_3,MANCHERIAL,07,JAIPUR,1952002,MITTAPALLE,,
19_3,MANCHERIAL,07,JAIPUR,1952023,NARASINGAPURAM,,
19_3,MANCHERIAL,07,JAIPUR,1952012,NARVA,,
19_3,MANCHERIAL,07,JAIPUR,1952019,PEGDAPALLE,,
19_3,MANCHERIAL,07,JAIPUR,1952034,POWNUR,,
19_3,MANCHERIAL,07,JAIPUR,1952014,RAMARAOPET,,
19_3,MANCHERIAL,07,JAIPUR,1952028,ROMMIPUR,,
19_3,MANCHERIAL,07,JAIPUR,1952024,SHETPALLE,,
19_3,MANCHERIAL,07,JAIPUR,1952035,SIVVARAM,,
19_3,MANCHERIAL,07,JAIPUR,1952017,TEKMATLA,,
19_3,MANCHERIAL,07,JAIPUR,1952032,VELAL,,
19_3,MANCHERIAL,07,JAIPUR,1952018,YELKANTI,,
19_3,MANCHERIAL,08,JANNARAM,1930018,BADAMPALLE,,
19_3,MANCHERIAL,08,JANNARAM,1930020,BOMMENA,,
19_3,MANCHERIAL,08,JANNARAM,1930023,CHINTAGUDA,,
19_3,MANCHERIAL,08,JANNARAM,1930016,DHARMARAM,,
19_3,MANCHERIAL,08,JANNARAM,1930013,DONGAPALLE,,
19_3,MANCHERIAL,08,JANNARAM,1930001,INDHANPALLE,,
19_3,MANCHERIAL,08,JANNARAM,1930011,JANNARAM,,
19_3,MANCHERIAL,08,JANNARAM,1930012,JUVIGUDA,,
19_3,MANCHERIAL,08,JANNARAM,1930017,KALMADAGU,,
19_3,MANCHERIAL,08,JANNARAM,1930005,KAMANPALLE,,
19_3,MANCHERIAL,08,JANNARAM,1930003,KAWAL,,
19_3,MANCHERIAL,08,JANNARAM,1930004,KISHTAPUR,,
19_3,MANCHERIAL,08,JANNARAM,1930002,KOTHAPET,,
19_3,MANCHERIAL,08,JANNARAM,1930021,MALYAL,,
19_3,MANCHERIAL,08,JANNARAM,1930009,MARRIGUDA,,
19_3,MANCHERIAL,08,JANNARAM,1930006,MURIMADUGU,,
19_3,MANCHERIAL,08,JANNARAM,1930008,NARSINGAPUR,,
19_3,MANCHERIAL,08,JANNARAM,1930014,PAIDPALLE,,
19_3,MANCHERIAL,08,JANNARAM,1930022,PAPAMMAGUDA,,
19_3,MANCHERIAL,08,JANNARAM,1930015,PONAKAL,,
19_3,MANCHERIAL,08,JANNARAM,1930019,PUTTIGUDA,,
19_3,MANCHERIAL,08,JANNARAM,1930010,RAINDLAGUDA,,
19_3,MANCHERIAL,08,JANNARAM,1930026,RAMPUR,,
19_3,MANCHERIAL,08,JANNARAM,1930024,SINGARAIPET,,
19_3,MANCHERIAL,08,JANNARAM,1930025,THIMMAPUR,,
19_3,MANCHERIAL,08,JANNARAM,1930007,VENKATAPURUM,,
19_3,MANCHERIAL,09,KANNEPALLI,1944032,ANKANNAPETA,,
19_3,MANCHERIAL,09,KANNEPALLI,1944007,BABAPUR,,
19_3,MANCHERIAL,09,KANNEPALLI,1949006,CHINTAPUDI,,
19_3,MANCHERIAL,09,KANNEPALLI,1944027,DAMPUR,,
19_3,MANCHERIAL,09,KANNEPALLI,1944018,GOLLAGHAT,,
19_3,MANCHERIAL,09,KANNEPALLI,1944028,JAJJARVELLY,,
19_3,MANCHERIAL,09,KANNEPALLI,1944025,JANKAPUR,,
19_3,MANCHERIAL,09,KANNEPALLI,1944034,KANNEPALLE,,
19_3,MANCHERIAL,09,KANNEPALLI,1944029,KOTHAPALLE,,
19_3,MANCHERIAL,09,KANNEPALLI,1949005,LINGALA,,
19_3,MANCHERIAL,09,KANNEPALLI,1944016,LINGAPUR,,
19_3,MANCHERIAL,09,KANNEPALLI,1948016,MADAVELLI,,
19_3,MANCHERIAL,09,KANNEPALLI,1944035,METPALLE,,
19_3,MANCHERIAL,09,KANNEPALLI,1944017,MOTKUPALLE,,
19_3,MANCHERIAL,09,KANNEPALLI,1944033,MUTHAPUR,,
19_3,MANCHERIAL,09,KANNEPALLI,1949004,NAGEPALLE,,
19_3,MANCHERIAL,09,KANNEPALLI,1944020,POLAMPALLE,,
19_3,MANCHERIAL,09,KANNEPALLI,1944030,REBBENA,,
19_3,MANCHERIAL,09,KANNEPALLI,1948017,SALIGAON,,
19_3,MANCHERIAL,09,KANNEPALLI,1944021,SHIKNAM,,
19_3,MANCHERIAL,09,KANNEPALLI,1944006,SURJAPUR,,
19_3,MANCHERIAL,09,KANNEPALLI,1944024,TEKULAPALLE,,
19_3,MANCHERIAL,09,KANNEPALLI,1944031,VEERAPUR,,
19_3,MANCHERIAL,09,KANNEPALLI,1944026,YELLARAM,,
19_3,MANCHERIAL,10,KASIPET,1935011,CHINTAGUDA,,
19_3,MANCHERIAL,10,KASIPET,1935010,DEVAPUR,,
19_3,MANCHERIAL,10,KASIPET,1935005,DHARMARAOPET,,
19_3,MANCHERIAL,10,KASIPET,1935009,GATRAPALLE,,
19_3,MANCHERIAL,10,KASIPET,1935017,GURVAPUR,,
19_3,MANCHERIAL,10,KASIPET,1935015,KANKALAPUR,,
19_3,MANCHERIAL,10,KASIPET,1935021,KASIPET,,
19_3,MANCHERIAL,10,KASIPET,1935016,KOMETICHENU,,
19_3,MANCHERIAL,10,KASIPET,1935012,KONDAPUR,,
19_3,MANCHERIAL,10,KASIPET,1935013,KONUR,,
19_3,MANCHERIAL,10,KASIPET,1935001,KURREGHAD,,
19_3,MANCHERIAL,10,KASIPET,1935006,MALKEPALLE,,
19_3,MANCHERIAL,10,KASIPET,1935018,MUTHEMPALLE,,
19_3,MANCHERIAL,10,KASIPET,1935014,PALLAMGUDA,,
19_3,MANCHERIAL,10,KASIPET,1935020,PEDDAMPALLE,,
19_3,MANCHERIAL,10,KASIPET,1935008,PEDDAPUR,,
19_3,MANCHERIAL,10,KASIPET,1935007,ROTTEPALLE,,
19_3,MANCHERIAL,10,KASIPET,1935002,SONAPUR,,
19_3,MANCHERIAL,10,KASIPET,1935004,TIRMALAPUR,,
19_3,MANCHERIAL,10,KASIPET,1935019,VARIPET,,
19_3,MANCHERIAL,10,KASIPET,1935003,VENKATAPUR,,
19_3,MANCHERIAL,11,KOTAPALLE,1950004,ADKAPALLE,,
19_3,MANCHERIAL,11,KOTAPALLE,1950017,ALGAON,,
19_3,MANCHERIAL,11,KOTAPALLE,1950030,ANNARAM,,
19_3,MANCHERIAL,11,KOTAPALLE,1950031,ARJUNGUTTA,,
19_3,MANCHERIAL,11,KOTAPALLE,1950018,AYEPALLE,,
19_3,MANCHERIAL,11,KOTAPALLE,1950013,BOPPARAM,,
19_3,MANCHERIAL,11,KOTAPALLE,1950028,BORAMPALLE,,
19_3,MANCHERIAL,11,KOTAPALLE,1950003,BRAHMANPALLE,,
19_3,MANCHERIAL,11,KOTAPALLE,1950023,CHINTAKUNTA,,
19_3,MANCHERIAL,11,KOTAPALLE,1950036,DEWALWADA,,
19_3,MANCHERIAL,11,KOTAPALLE,1950021,EDULA BANDAM,,
19_3,MANCHERIAL,11,KOTAPALLE,1950024,ERRAGATTA,,
19_3,MANCHERIAL,11,KOTAPALLE,1950016,JANGAON,,
19_3,MANCHERIAL,11,KOTAPALLE,1950029,KAWARKOTHAPALLE,,
19_3,MANCHERIAL,11,KOTAPALLE,1950034,KOLLUR,,
19_3,MANCHERIAL,11,KOTAPALLE,1950006,KONDAMPET,,
19_3,MANCHERIAL,11,KOTAPALLE,1950009,KOTAPALLE,,
19_3,MANCHERIAL,11,KOTAPALLE,1950022,LINGANNAPET,,
19_3,MANCHERIAL,11,KOTAPALLE,1950005,MALLAMPET,,
19_3,MANCHERIAL,11,KOTAPALLE,1950012,NAGAMPET,,
19_3,MANCHERIAL,11,KOTAPALLE,1950002,NAKKALPALLE,,
19_3,MANCHERIAL,11,KOTAPALLE,1950001,PANGADISOMARAM,,
19_3,MANCHERIAL,11,KOTAPALLE,1950026,PARPALLE,,
19_3,MANCHERIAL,11,KOTAPALLE,1950025,PINNARAM,,
19_3,MANCHERIAL,11,KOTAPALLE,1950019,PULLAGAON,,
19_3,MANCHERIAL,11,KOTAPALLE,1950032,RAJARAM,,
19_3,MANCHERIAL,11,KOTAPALLE,1950033,RAMPUR,,
19_3,MANCHERIAL,11,KOTAPALLE,1950037,RAPANPALLE,,
19_3,MANCHERIAL,11,KOTAPALLE,1950035,RAWALPALLE,,
19_3,MANCHERIAL,11,KOTAPALLE,1950010,SARVAIPET,,
19_3,MANCHERIAL,11,KOTAPALLE,1950007,SHANKARPUR,,
19_3,MANCHERIAL,11,KOTAPALLE,1950008,SHETPALLE,,
19_3,MANCHERIAL,11,KOTAPALLE,1950020,SIRSA,,
19_3,MANCHERIAL,11,KOTAPALLE,1950015,SUPAK,,
19_3,MANCHERIAL,11,KOTAPALLE,1950014,VENCHAPALLE,,
19_3,MANCHERIAL,11,KOTAPALLE,1950011,VESONVAI,,
19_3,MANCHERIAL,11,KOTAPALLE,1950027,YERRIPET,,
19_3,MANCHERIAL,12,LUXETTIPET,1932004,BALRAOPET,,
19_3,MANCHERIAL,12,LUXETTIPET,1932003,CHALLAMPET,,
19_3,MANCHERIAL,12,LUXETTIPET,1932007,CHANDRAM,,
19_3,MANCHERIAL,12,LUXETTIPET,1932001,DOWDEPALLE,,
19_3,MANCHERIAL,12,LUXETTIPET,1932009,ELLARAM,,
19_3,MANCHERIAL,12,LUXETTIPET,1932019,GULLAKOTA,,
19_3,MANCHERIAL,12,LUXETTIPET,1932014,ITKYAL,,
19_3,MANCHERIAL,12,LUXETTIPET,1932005,JENDAVENKATAPUR,,
19_3,MANCHERIAL,12,LUXETTIPET,1932010,KOTHUR,,
19_3,MANCHERIAL,12,LUXETTIPET,1932017,LAXMIPUR,,
19_3,MANCHERIAL,12,LUXETTIPET,1932015,LINGAPUR,,
19_3,MANCHERIAL,12,LUXETTIPET,1932013,LUXETTIPET,,
19_3,MANCHERIAL,12,LUXETTIPET,1932020,MITTAPALLY,,
19_3,MANCHERIAL,12,LUXETTIPET,1932012,MODELA,,
19_3,MANCHERIAL,12,LUXETTIPET,1932018,POTHEPALLE,,
19_3,MANCHERIAL,12,LUXETTIPET,1932006,RANGAPET,,
19_3,MANCHERIAL,12,LUXETTIPET,1932002,TALAMALLA,,
19_3,MANCHERIAL,12,LUXETTIPET,1932016,THIMMAPUR,,
19_3,MANCHERIAL,12,LUXETTIPET,1932011,UTUKUR,,
19_3,MANCHERIAL,12,LUXETTIPET,1932008,VENKATARAOPET,,
19_3,MANCHERIAL,13,MANCHERIAL,1933023,GARMILLA,,
19_3,MANCHERIAL,13,MANCHERIAL,1933022,MANCHERIYAL,,
19_3,MANCHERIAL,14,MANDAMARRI,1934007,AMERWADI,,
19_3,MANCHERIAL,14,MANDAMARRI,1934001,ANDGULAPET,,
19_3,MANCHERIAL,14,MANDAMARRI,1934003,CHIRRAKUNTA,,
19_3,MANCHERIAL,14,MANDAMARRI,1934005,KYETHENPALLE,,
19_3,MANCHERIAL,14,MANDAMARRI,1934011,LEMUR,,
19_3,MANCHERIAL,14,MANDAMARRI,1934010,MAMIDIGHAT,,
19_3,MANCHERIAL,14,MANDAMARRI,1934002,MANDAMARRI,,
19_3,MANCHERIAL,14,MANDAMARRI,1934009,PONNARAM,,
19_3,MANCHERIAL,14,MANDAMARRI,1934004,SARANGAPALLE,,
19_3,MANCHERIAL,14,MANDAMARRI,1934006,THIMMAPUR,,
19_3,MANCHERIAL,14,MANDAMARRI,1934008,VENKATAPUR,,
19_3,MANCHERIAL,15,NASPUR,1933024,NASPUR,,
19_3,MANCHERIAL,15,NASPUR,1933025,SEETARAMAPALLE,,
19_3,MANCHERIAL,15,NASPUR,1933028,SINGAPUR,,
19_3,MANCHERIAL,15,NASPUR,1933026,TEEGALPAHAD,,
19_3,MANCHERIAL,15,NASPUR,1933027,THALLAPALLE,,
19_3,MANCHERIAL,16,NENNEL,1943021,AVADAM,,
19_3,MANCHERIAL,16,NENNEL,1943018,BHADRAPUR,,
19_3,MANCHERIAL,16,NENNEL,1943023,BHAGIRATHIPET,,
19_3,MANCHERIAL,16,NENNEL,1943020,BODHAPUR,,
19_3,MANCHERIAL,16,NENNEL,1943027,CHINAVENKATAPUR,,
19_3,MANCHERIAL,16,NENNEL,1943022,CHITTAPUR,,
19_3,MANCHERIAL,16,NENNEL,1943007,DAMMIREDDIPET,,
19_3,MANCHERIAL,16,NENNEL,1943011,GHANPUR,,
19_3,MANCHERIAL,16,NENNEL,1943009,GOLLAPALLE,,
19_3,MANCHERIAL,16,NENNEL,1943024,GUDIPET,,
19_3,MANCHERIAL,16,NENNEL,1943014,GUNDLASOMARAM,,
19_3,MANCHERIAL,16,NENNEL,1943006,JANGALPET,,
19_3,MANCHERIAL,16,NENNEL,1943025,JHANDAVENKATAPUR,,
19_3,MANCHERIAL,16,NENNEL,1943013,JOGAPUR,,
19_3,MANCHERIAL,16,NENNEL,1943016,KHAMMAMPALLE,,
19_3,MANCHERIAL,16,NENNEL,1943008,KHARJI,,
19_3,MANCHERIAL,16,NENNEL,1943004,KONAMPET,,
19_3,MANCHERIAL,16,NENNEL,1943029,KOTTUR,,
19_3,MANCHERIAL,16,NENNEL,1943005,KUSHENAPALLE,,
19_3,MANCHERIAL,16,NENNEL,1943017,MAILARAM,,
19_3,MANCHERIAL,16,NENNEL,1943019,MANKAPUR,,
19_3,MANCHERIAL,16,NENNEL,1943002,MANNEGUDA,,
19_3,MANCHERIAL,16,NENNEL,1943015,METPALLE,,
19_3,MANCHERIAL,16,NENNEL,1943010,NANDULAPALLE,,
19_3,MANCHERIAL,16,NENNEL,1943001,NENNAL,,
19_3,MANCHERIAL,16,NENNEL,1943028,POTTIYAL,,
19_3,MANCHERIAL,16,NENNEL,1943003,PUPPULAWANIPET,,
19_3,MANCHERIAL,16,NENNEL,1943026,SINGAPUR,,
19_3,MANCHERIAL,16,NENNEL,1943012,SITANAGAR,,
19_3,MANCHERIAL,17,TANDUR,1941003,ABBAPUR,,
19_3,MANCHERIAL,17,TANDUR,1941010,ACHALAPUR,,
19_3,MANCHERIAL,17,TANDUR,1941019,ANKEPALLE,,
19_3,MANCHERIAL,17,TANDUR,1941009,ANNARAM,,
19_3,MANCHERIAL,17,TANDUR,1941007,BALHANPUR,,
19_3,MANCHERIAL,17,TANDUR,1941022,BOYAPALLE,,
19_3,MANCHERIAL,17,TANDUR,1941012,CHANDRAPALLE,,
19_3,MANCHERIAL,17,TANDUR,1941020,CHOUTPALLE,,
19_3,MANCHERIAL,17,TANDUR,1941016,DWARAKAPUR,,
19_3,MANCHERIAL,17,TANDUR,1941011,GAMPALPALLE,,
19_3,MANCHERIAL,17,TANDUR,1941013,GOPALNAGAR,,
19_3,MANCHERIAL,17,TANDUR,1941014,KASIPET,,
19_3,MANCHERIAL,17,TANDUR,1941024,KATHERLA,,
19_3,MANCHERIAL,17,TANDUR,1941017,KISTAMPET,,
19_3,MANCHERIAL,17,TANDUR,1941006,KOTHAPALLE,,
19_3,MANCHERIAL,17,TANDUR,1941001,MADARAM,,
19_3,MANCHERIAL,17,TANDUR,1941021,MADNAPUR,,
19_3,MANCHERIAL,17,TANDUR,1941002,NARSAPUR,,
19_3,MANCHERIAL,17,TANDUR,1941004,PEGADAPALLE,,
19_3,MANCHERIAL,17,TANDUR,1941023,RAMPUR,,
19_3,MANCHERIAL,17,TANDUR,1941008,RECHINI,,
19_3,MANCHERIAL,17,TANDUR,1941005,REPALLEWADA,,
19_3,MANCHERIAL,17,TANDUR,1941015,TANDUR,,
19_3,MANCHERIAL,17,TANDUR,1941018,VENKAIPALLE,,
19_3,MANCHERIAL,18,VEMANPALLE,1949013,BADDAMPALLE,,
19_3,MANCHERIAL,18,VEMANPALLE,1949031,BADDEVELLI,,
19_3,MANCHERIAL,18,VEMANPALLE,1949001,BAYYARAM,,
19_3,MANCHERIAL,18,VEMANPALLE,1949011,BOMMENA,,
19_3,MANCHERIAL,18,VEMANPALLE,1949012,CHAMANPALLE,,
19_3,MANCHERIAL,18,VEMANPALLE,1949015,DASNAPUR,,
19_3,MANCHERIAL,18,VEMANPALLE,1949019,GODAMPET,,
19_3,MANCHERIAL,18,VEMANPALLE,1949026,GORLAPALLE,,
19_3,MANCHERIAL,18,VEMANPALLE,1949014,GUDEPALLE,,
19_3,MANCHERIAL,18,VEMANPALLE,1949022,JAJULPET,,
19_3,MANCHERIAL,18,VEMANPALLE,1949002,JILLEDA,,
19_3,MANCHERIAL,18,VEMANPALLE,1949024,KALLAMPALLE,,
19_3,MANCHERIAL,18,VEMANPALLE,1949025,KALMALPET,,
19_3,MANCHERIAL,18,VEMANPALLE,1949027,KATEPALLE,,
19_3,MANCHERIAL,18,VEMANPALLE,1949016,KOTHAPALLE,,
19_3,MANCHERIAL,18,VEMANPALLE,1949030,KYATHANPALLE,,
19_3,MANCHERIAL,18,VEMANPALLE,1949007,MADDUPALLE,,
19_3,MANCHERIAL,18,VEMANPALLE,1949028,MAMIDA,,
19_3,MANCHERIAL,18,VEMANPALLE,1949023,MUKKIDIGUDEM,,
19_3,MANCHERIAL,18,VEMANPALLE,1949032,MULKALPET,,
19_3,MANCHERIAL,18,VEMANPALLE,1949009,NAGARAM,,
19_3,MANCHERIAL,18,VEMANPALLE,1949029,NEELWAI,,
19_3,MANCHERIAL,18,VEMANPALLE,1949020,ODDUGUDEM,,
19_3,MANCHERIAL,18,VEMANPALLE,1949033,RACHERLA,,
19_3,MANCHERIAL,18,VEMANPALLE,1949018,RAJARAM,,
19_3,MANCHERIAL,18,VEMANPALLE,1949021,SUMPUTUM,,
19_3,MANCHERIAL,18,VEMANPALLE,1949010,SURARAM,,
19_3,MANCHERIAL,18,VEMANPALLE,1949003,TAKKEPALLE,,
19_3,MANCHERIAL,18,VEMANPALLE,1949008,UPPARLAPAHAD,,
19_3,MANCHERIAL,18,VEMANPALLE,1949017,VEMANPALLE,,
19_4,KOMARAM BHEEM ASIFABAD,01,ASIFABAD,1937002,ADA,,
19_4,KOMARAM BHEEM ASIFABAD,01,ASIFABAD,1937048,ADA - DASNAPUR,,
19_4,KOMARAM BHEEM ASIFABAD,01,ASIFABAD,1937064,ADDAGHAT,,
19_4,KOMARAM BHEEM ASIFABAD,01,ASIFABAD,1937026,ANKUSAPUR,,
19_4,KOMARAM BHEEM ASIFABAD,01,ASIFABAD,1937031,APPEPALLE,,
19_4,KOMARAM BHEEM ASIFABAD,01,ASIFABAD,1937027,ASIFABAD,,
19_4,KOMARAM BHEEM ASIFABAD,01,ASIFABAD,1937025,BABAPUR,,
19_4,KOMARAM BHEEM ASIFABAD,01,ASIFABAD,1937041,BALEGAON,,
19_4,KOMARAM BHEEM ASIFABAD,01,ASIFABAD,1937053,BALHANPUR,,
19_4,KOMARAM BHEEM ASIFABAD,01,ASIFABAD,1937029,BURUGUDA,,
19_4,KOMARAM BHEEM ASIFABAD,01,ASIFABAD,1937010,CHERPALLE,,
19_4,KOMARAM BHEEM ASIFABAD,01,ASIFABAD,1937035,CHILATIGUDA,,
19_4,KOMARAM BHEEM ASIFABAD,01,ASIFABAD,1937058,CHIRRAKUNTA,,
19_4,KOMARAM BHEEM ASIFABAD,01,ASIFABAD,1937022,DADPAPUR,,
19_4,KOMARAM BHEEM ASIFABAD,01,ASIFABAD,1937038,DAGLESHWAR,,
19_4,KOMARAM BHEEM ASIFABAD,01,ASIFABAD,1937060,DANABOINAPETA,,
19_4,KOMARAM BHEEM ASIFABAD,01,ASIFABAD,1937004,DANAPUR,,
19_4,KOMARAM BHEEM ASIFABAD,01,ASIFABAD,1937042,DEMMIDIGUDA,,
19_4,KOMARAM BHEEM ASIFABAD,01,ASIFABAD,1937057,DEVADURGAM,,
19_4,KOMARAM BHEEM ASIFABAD,01,ASIFABAD,1937003,EDAS GUNDI,,
19_4,KOMARAM BHEEM ASIFABAD,01,ASIFABAD,1937033,EDULWADA,,
19_4,KOMARAM BHEEM ASIFABAD,01,ASIFABAD,1937028,GODVELLI,,
19_4,KOMARAM BHEEM ASIFABAD,01,ASIFABAD,1937008,GOVINDAPUR,,
19_4,KOMARAM BHEEM ASIFABAD,01,ASIFABAD,1937007,GUDI GUDI,,
19_4,KOMARAM BHEEM ASIFABAD,01,ASIFABAD,1937009,GUNDI,,
19_4,KOMARAM BHEEM ASIFABAD,01,ASIFABAD,1937005,IPPALNAVEGAON,,
19_4,KOMARAM BHEEM ASIFABAD,01,ASIFABAD,1937040,ITUKYAL,,
19_4,KOMARAM BHEEM ASIFABAD,01,ASIFABAD,1937018,JANKAPUR,,
19_4,KOMARAM BHEEM ASIFABAD,01,ASIFABAD,1937016,KESLAPUR,,
19_4,KOMARAM BHEEM ASIFABAD,01,ASIFABAD,1937023,KHAPRI,,
19_4,KOMARAM BHEEM ASIFABAD,01,ASIFABAD,1937021,KOMMUGUDA (A),,
19_4,KOMARAM BHEEM ASIFABAD,01,ASIFABAD,1937032,KOMMUGUDA (E),,
19_4,KOMARAM BHEEM ASIFABAD,01,ASIFABAD,1937039,KOSARA,,
19_4,KOMARAM BHEEM ASIFABAD,01,ASIFABAD,1937055,KOWDIAN MOWAD,,
19_4,KOMARAM BHEEM ASIFABAD,01,ASIFABAD,1937045,KUTODA,,
19_4,KOMARAM BHEEM ASIFABAD,01,ASIFABAD,1937046,MALAN GONDI,,
19_4,KOMARAM BHEEM ASIFABAD,01,ASIFABAD,1937044,MANKAPUR,,
19_4,KOMARAM BHEEM ASIFABAD,01,ASIFABAD,1937015,MEKALWADA,,
19_4,KOMARAM BHEEM ASIFABAD,01,ASIFABAD,1937061,MONDEPALLI,,
19_4,KOMARAM BHEEM ASIFABAD,01,ASIFABAD,1937030,MOTUGUDA,,
19_4,KOMARAM BHEEM ASIFABAD,01,ASIFABAD,1937051,MOWAD,,
19_4,KOMARAM BHEEM ASIFABAD,01,ASIFABAD,1937012,NANDUPA,,
19_4,KOMARAM BHEEM ASIFABAD,01,ASIFABAD,1937024,NIMBADA,,
19_4,KOMARAM BHEEM ASIFABAD,01,ASIFABAD,1937059,PADI BONDA,,
19_4,KOMARAM BHEEM ASIFABAD,01,ASIFABAD,1937063,PARASNAMBAL,,
19_4,KOMARAM BHEEM ASIFABAD,01,ASIFABAD,1937019,PIPPALGAON,,
19_4,KOMARAM BHEEM ASIFABAD,01,ASIFABAD,1937013,RAHAPALLE,,
19_4,KOMARAM BHEEM ASIFABAD,01,ASIFABAD,1937017,RAJAMPET,,
19_4,KOMARAM BHEEM ASIFABAD,01,ASIFABAD,1937014,RAJURA,,
19_4,KOMARAM BHEEM ASIFABAD,01,ASIFABAD,1937062,ROUTSANKEPALLE,,
19_4,KOMARAM BHEEM ASIFABAD,01,ASIFABAD,1937006,SALEGUDA,,
19_4,KOMARAM BHEEM ASIFABAD,01,ASIFABAD,1937036,SAMELA,,
19_4,KOMARAM BHEEM ASIFABAD,01,ASIFABAD,1937011,SANKEPALLE,,
19_4,KOMARAM BHEEM ASIFABAD,01,ASIFABAD,1937047,SHAKANGONDI,,
19_4,KOMARAM BHEEM ASIFABAD,01,ASIFABAD,1937034,SINGARAOPET,,
19_4,KOMARAM BHEEM ASIFABAD,01,ASIFABAD,1937049,SIRASGAON,,
19_4,KOMARAM BHEEM ASIFABAD,01,ASIFABAD,1937052,SIRYAN MOWAD,,
19_4,KOMARAM BHEEM ASIFABAD,01,ASIFABAD,1937056,SUDDA GHAT,,
19_4,KOMARAM BHEEM ASIFABAD,01,ASIFABAD,1937054,TEMRIAN MOVAD,,
19_4,KOMARAM BHEEM ASIFABAD,01,ASIFABAD,1937037,TUMPALLE,,
19_4,KOMARAM BHEEM ASIFABAD,01,ASIFABAD,1937050,WADIGONDI,,
19_4,KOMARAM BHEEM ASIFABAD,01,ASIFABAD,1937001,WADIGUDA,,
19_4,KOMARAM BHEEM ASIFABAD,01,ASIFABAD,1937043,WAVUDHAM,,
19_4,KOMARAM BHEEM ASIFABAD,01,ASIFABAD,1937020,YELLARAM,,
19_4,KOMARAM BHEEM ASIFABAD,02,BEJJUR,1947010,AMBHAGHAT,,
19_4,KOMARAM BHEEM ASIFABAD,02,BEJJUR,1947020,BEJJUR,,
19_4,KOMARAM BHEEM ASIFABAD,02,BEJJUR,1947033,BHATPALLE,,
19_4,KOMARAM BHEEM ASIFABAD,02,BEJJUR,1947022,CHINNASIDDAPUR,,
19_4,KOMARAM BHEEM ASIFABAD,02,BEJJUR,1947032,GABBAI,,
19_4,KOMARAM BHEEM ASIFABAD,02,BEJJUR,1947011,KATEPALLE,,
19_4,KOMARAM BHEEM ASIFABAD,02,BEJJUR,1947023,KUKUDA,,
19_4,KOMARAM BHEEM ASIFABAD,02,BEJJUR,1947031,KUSHNEPALLE,,
19_4,KOMARAM BHEEM ASIFABAD,02,BEJJUR,1947013,MARTHADI,,
19_4,KOMARAM BHEEM ASIFABAD,02,BEJJUR,1947025,MOGAVELLY,,
19_4,KOMARAM BHEEM ASIFABAD,02,BEJJUR,1947003,MUNJAMPALLE,,
19_4,KOMARAM BHEEM ASIFABAD,02,BEJJUR,1947028,NAGEPALLE,,
19_4,KOMARAM BHEEM ASIFABAD,02,BEJJUR,1947014,OUTSARANGIPALLE,,
19_4,KOMARAM BHEEM ASIFABAD,02,BEJJUR,1947038,PAPANPET,,
19_4,KOMARAM BHEEM ASIFABAD,02,BEJJUR,1947021,PEDDASIDDAPUR,,
19_4,KOMARAM BHEEM ASIFABAD,02,BEJJUR,1947012,POTHEPALLE,,
19_4,KOMARAM BHEEM ASIFABAD,02,BEJJUR,1947001,REBBENA,,
19_4,KOMARAM BHEEM ASIFABAD,02,BEJJUR,1947024,RECHINI,,
19_4,KOMARAM BHEEM ASIFABAD,02,BEJJUR,1947029,SOMINI,,
19_4,KOMARAM BHEEM ASIFABAD,02,BEJJUR,1947030,SUSHMEER,,
19_4,KOMARAM BHEEM ASIFABAD,02,BEJJUR,1947040,TALAI,,
19_4,KOMARAM BHEEM ASIFABAD,02,BEJJUR,1947039,TIKKAPALLE,,
19_4,KOMARAM BHEEM ASIFABAD,03,CHINTALA MANEPALLY,1945026,ADEPALLE,,
19_4,KOMARAM BHEEM ASIFABAD,03,CHINTALA MANEPALLY,1946021,BABAPUR,,
19_4,KOMARAM BHEEM ASIFABAD,03,CHINTALA MANEPALLY,1946025,BABASAGAR,,
19_4,KOMARAM BHEEM ASIFABAD,03,CHINTALA MANEPALLY,1946023,BALAJI ANKODA,,
19_4,KOMARAM BHEEM ASIFABAD,03,CHINTALA MANEPALLY,1946030,BANDEPALLE,,
19_4,KOMARAM BHEEM ASIFABAD,03,CHINTALA MANEPALLY,1946028,BUREPALLE,,
19_4,KOMARAM BHEEM ASIFABAD,03,CHINTALA MANEPALLY,1947026,BURUGUDA,,
19_4,KOMARAM BHEEM ASIFABAD,03,CHINTALA MANEPALLY,1946026,CHINTALA MANEPALLE,,
19_4,KOMARAM BHEEM ASIFABAD,03,CHINTALA MANEPALLY,1947007,CHITTAM,,
19_4,KOMARAM BHEEM ASIFABAD,03,CHINTALA MANEPALLY,1945025,DABBA,,
19_4,KOMARAM BHEEM ASIFABAD,03,CHINTALA MANEPALLY,1947006,DIMDA,,
19_4,KOMARAM BHEEM ASIFABAD,03,CHINTALA MANEPALLY,1946027,GANGAPUR,,
19_4,KOMARAM BHEEM ASIFABAD,03,CHINTALA MANEPALLY,1947008,GUDEM,,
19_4,KOMARAM BHEEM ASIFABAD,03,CHINTALA MANEPALLY,1947004,KARJAVELLI,,
19_4,KOMARAM BHEEM ASIFABAD,03,CHINTALA MANEPALLY,1947005,KETHINI,,
19_4,KOMARAM BHEEM ASIFABAD,03,CHINTALA MANEPALLY,1946029,KORISINI,,
19_4,KOMARAM BHEEM ASIFABAD,03,CHINTALA MANEPALLY,1947027,KOYAPALLE,,
19_4,KOMARAM BHEEM ASIFABAD,03,CHINTALA MANEPALLY,1946011,RANVALLI,,
19_4,KOMARAM BHEEM ASIFABAD,03,CHINTALA MANEPALLY,1946022,RAVINDRANAGAR,,
19_4,KOMARAM BHEEM ASIFABAD,03,CHINTALA MANEPALLY,1947002,RUDRAPUR,,
19_4,KOMARAM BHEEM ASIFABAD,03,CHINTALA MANEPALLY,1947009,SHIVAPALLE,,
19_4,KOMARAM BHEEM ASIFABAD,04,DAHEGAON,1948009,AINAM,,
19_4,KOMARAM BHEEM ASIFABAD,04,DAHEGAON,1948028,AMARGONDA,,
19_4,KOMARAM BHEEM ASIFABAD,04,DAHEGAON,1948006,BEEBRA,,
19_4,KOMARAM BHEEM ASIFABAD,04,DAHEGAON,1948029,BHAMANAGAR,,
19_4,KOMARAM BHEEM ASIFABAD,04,DAHEGAON,1948023,BHOGARAM,,
19_4,KOMARAM BHEEM ASIFABAD,04,DAHEGAON,1948003,BORLA KUNTA,,
19_4,KOMARAM BHEEM ASIFABAD,04,DAHEGAON,1948025,BRAHMANCHICHAL,,
19_4,KOMARAM BHEEM ASIFABAD,04,DAHEGAON,1948031,CHANDRAPALLE,,
19_4,KOMARAM BHEEM ASIFABAD,04,DAHEGAON,1948027,CHINNARASPALLE,,
19_4,KOMARAM BHEEM ASIFABAD,04,DAHEGAON,1948019,DAHEGAON,,
19_4,KOMARAM BHEEM ASIFABAD,04,DAHEGAON,1948034,DIGIDA,,
19_4,KOMARAM BHEEM ASIFABAD,04,DAHEGAON,1948038,DUBBAGUDA,,
19_4,KOMARAM BHEEM ASIFABAD,04,DAHEGAON,1948032,ETAPALLE,,
19_4,KOMARAM BHEEM ASIFABAD,04,DAHEGAON,1948030,GIRVELLI,,
19_4,KOMARAM BHEEM ASIFABAD,04,DAHEGAON,1948001,GORRIGUTTA,,
19_4,KOMARAM BHEEM ASIFABAD,04,DAHEGAON,1948015,HATHNI,,
19_4,KOMARAM BHEEM ASIFABAD,04,DAHEGAON,1948002,ITIAL,,
19_4,KOMARAM BHEEM ASIFABAD,04,DAHEGAON,1948018,KALWADA,,
19_4,KOMARAM BHEEM ASIFABAD,04,DAHEGAON,1948020,KAMMARPALLE,,
19_4,KOMARAM BHEEM ASIFABAD,04,DAHEGAON,1948005,KOTHMIR,,
19_4,KOMARAM BHEEM ASIFABAD,04,DAHEGAON,1948024,KUNCHAVELLI,,
19_4,KOMARAM BHEEM ASIFABAD,04,DAHEGAON,1948022,LAGGAON,,
19_4,KOMARAM BHEEM ASIFABAD,04,DAHEGAON,1948033,LOHA,,
19_4,KOMARAM BHEEM ASIFABAD,04,DAHEGAON,1948037,MOTLAGUDA,,
19_4,KOMARAM BHEEM ASIFABAD,04,DAHEGAON,1948021,PAMBAPUR,,
19_4,KOMARAM BHEEM ASIFABAD,04,DAHEGAON,1948007,PESARKUNTA,,
19_4,KOMARAM BHEEM ASIFABAD,04,DAHEGAON,1948010,POLAMPALLE,,
19_4,KOMARAM BHEEM ASIFABAD,04,DAHEGAON,1948036,RAMPUR,,
19_4,KOMARAM BHEEM ASIFABAD,04,DAHEGAON,1948039,RAVALPALLE,,
19_4,KOMARAM BHEEM ASIFABAD,04,DAHEGAON,1948035,TEEPERGAON,,
19_4,KOMARAM BHEEM ASIFABAD,04,DAHEGAON,1948026,VODDUGUDA,,
19_4,KOMARAM BHEEM ASIFABAD,05,JAINOOR,1927004,ADDESAR,,
19_4,KOMARAM BHEEM ASIFABAD,05,JAINOOR,1927001,ASHAPALLE,,
19_4,KOMARAM BHEEM ASIFABAD,05,JAINOOR,1927005,BHUSIMATTA,,
19_4,KOMARAM BHEEM ASIFABAD,05,JAINOOR,1927007,DABDLI,,
19_4,KOMARAM BHEEM ASIFABAD,05,JAINOOR,1927012,DUBBAGUDA,,
19_4,KOMARAM BHEEM ASIFABAD,05,JAINOOR,1927003,GUDAMAMDA,,
19_4,KOMARAM BHEEM ASIFABAD,05,JAINOOR,1927013,JAINOOR,,
19_4,KOMARAM BHEEM ASIFABAD,05,JAINOOR,1927017,JAMGAOM,,
19_4,KOMARAM BHEEM ASIFABAD,05,JAINOOR,1927015,JAMNI,,
19_4,KOMARAM BHEEM ASIFABAD,05,JAINOOR,1927018,JANDAGUDA,,
19_4,KOMARAM BHEEM ASIFABAD,05,JAINOOR,1927008,LENDIGUDA,,
19_4,KOMARAM BHEEM ASIFABAD,05,JAINOOR,1927011,MARLAWAI,,
19_4,KOMARAM BHEEM ASIFABAD,05,JAINOOR,1927002,PATNAPUR,,
19_4,KOMARAM BHEEM ASIFABAD,05,JAINOOR,1927016,POLASA,,
19_4,KOMARAM BHEEM ASIFABAD,05,JAINOOR,1927014,POWERGUDA,,
19_4,KOMARAM BHEEM ASIFABAD,05,JAINOOR,1927006,RASIMATTA,,
19_4,KOMARAM BHEEM ASIFABAD,05,JAINOOR,1927010,SHIVANUR,,
19_4,KOMARAM BHEEM ASIFABAD,05,JAINOOR,1927009,USHEGAON,,
19_4,KOMARAM BHEEM ASIFABAD,06,KAGAZ NAGAR,1939024,ANDAVELLI,,
19_4,KOMARAM BHEEM ASIFABAD,06,KAGAZ NAGAR,1939020,ANKHODA,,
19_4,KOMARAM BHEEM ASIFABAD,06,KAGAZ NAGAR,1939011,ANKUSAPUR,,
19_4,KOMARAM BHEEM ASIFABAD,06,KAGAZ NAGAR,1939015,BAREGUDA,,
19_4,KOMARAM BHEEM ASIFABAD,06,KAGAZ NAGAR,1939025,BHAT PALLE,,
19_4,KOMARAM BHEEM ASIFABAD,06,KAGAZ NAGAR,1939027,BODEPALLE,,
19_4,KOMARAM BHEEM ASIFABAD,06,KAGAZ NAGAR,1939006,BOREGAON (169),,
19_4,KOMARAM BHEEM ASIFABAD,06,KAGAZ NAGAR,1939028,BOREGAON (192),,
19_4,KOMARAM BHEEM ASIFABAD,06,KAGAZ NAGAR,1939017,CHINTHAGUDA,,
19_4,KOMARAM BHEEM ASIFABAD,06,KAGAZ NAGAR,1939010,DUBBAGUDA,,
19_4,KOMARAM BHEEM ASIFABAD,06,KAGAZ NAGAR,1939018,EASGAON,,
19_4,KOMARAM BHEEM ASIFABAD,06,KAGAZ NAGAR,1939022,GANNARAM,,
19_4,KOMARAM BHEEM ASIFABAD,06,KAGAZ NAGAR,1939007,GONDI,,
19_4,KOMARAM BHEEM ASIFABAD,06,KAGAZ NAGAR,1939026,JAGANNATHPUR,,
19_4,KOMARAM BHEEM ASIFABAD,06,KAGAZ NAGAR,1939030,JAMBUGA,,
19_4,KOMARAM BHEEM ASIFABAD,06,KAGAZ NAGAR,1939035,KADAMBA,,
19_4,KOMARAM BHEEM ASIFABAD,06,KAGAZ NAGAR,1939039,KAGAZ NAGAR,,
19_4,KOMARAM BHEEM ASIFABAD,06,KAGAZ NAGAR,1939005,KOSNI,,
19_4,KOMARAM BHEEM ASIFABAD,06,KAGAZ NAGAR,1939016,KOTHAPET,,
19_4,KOMARAM BHEEM ASIFABAD,06,KAGAZ NAGAR,1939013,LANJAGUDA,,
19_4,KOMARAM BHEEM ASIFABAD,06,KAGAZ NAGAR,1939012,MAHAJANGUDA,,
19_4,KOMARAM BHEEM ASIFABAD,06,KAGAZ NAGAR,1939001,MALNI,,
19_4,KOMARAM BHEEM ASIFABAD,06,KAGAZ NAGAR,1939021,MANDVA,,
19_4,KOMARAM BHEEM ASIFABAD,06,KAGAZ NAGAR,1939003,MAREPALLE,,
19_4,KOMARAM BHEEM ASIFABAD,06,KAGAZ NAGAR,1939002,METINDHANI,,
19_4,KOMARAM BHEEM ASIFABAD,06,KAGAZ NAGAR,1939009,METPALLE,,
19_4,KOMARAM BHEEM ASIFABAD,06,KAGAZ NAGAR,1939032,MOSAM,,
19_4,KOMARAM BHEEM ASIFABAD,06,KAGAZ NAGAR,1939031,NAGAMPET,,
19_4,KOMARAM BHEEM ASIFABAD,06,KAGAZ NAGAR,1939008,NARAPUR,,
19_4,KOMARAM BHEEM ASIFABAD,06,KAGAZ NAGAR,1939019,NAZRULNAGAR,,
19_4,KOMARAM BHEEM ASIFABAD,06,KAGAZ NAGAR,1939033,RASPALLI,,
19_4,KOMARAM BHEEM ASIFABAD,06,KAGAZ NAGAR,1939004,REGULGUDA,,
19_4,KOMARAM BHEEM ASIFABAD,06,KAGAZ NAGAR,1939034,SARSALA,,
19_4,KOMARAM BHEEM ASIFABAD,06,KAGAZ NAGAR,1939029,SEETANAGAR,,
19_4,KOMARAM BHEEM ASIFABAD,06,KAGAZ NAGAR,1939023,VALLAKONDA,,
19_4,KOMARAM BHEEM ASIFABAD,06,KAGAZ NAGAR,1939014,VANJIRI,,
19_4,KOMARAM BHEEM ASIFABAD,07,KERAMERI,1928011,AGARWADA,,
19_4,KOMARAM BHEEM ASIFABAD,07,KERAMERI,1928049,ANNARPALLE,,
19_4,KOMARAM BHEEM ASIFABAD,07,KERAMERI,1928005,ANTHAPUR,,
19_4,KOMARAM BHEEM ASIFABAD,07,KERAMERI,1928009,AREPALLE,,
19_4,KOMARAM BHEEM ASIFABAD,07,KERAMERI,1928008,ARKEPALLE,,
19_4,KOMARAM BHEEM ASIFABAD,07,KERAMERI,1928042,BABEJHERI,,
19_4,KOMARAM BHEEM ASIFABAD,07,KERAMERI,1928031,BHEEMANGONDI,,
19_4,KOMARAM BHEEM ASIFABAD,07,KERAMERI,1928015,BHOLEPATHUR,,
19_4,KOMARAM BHEEM ASIFABAD,07,KERAMERI,1928040,CHALBORDI,,
19_4,KOMARAM BHEEM ASIFABAD,07,KERAMERI,1928038,CHINTAKARRA,,
19_4,KOMARAM BHEEM ASIFABAD,07,KERAMERI,1928010,DEVADPALLE,,
19_4,KOMARAM BHEEM ASIFABAD,07,KERAMERI,1928019,DEVAPUR,,
19_4,KOMARAM BHEEM ASIFABAD,07,KERAMERI,1928032,DHANORA,,
19_4,KOMARAM BHEEM ASIFABAD,07,KERAMERI,1928007,GOWRI,,
19_4,KOMARAM BHEEM ASIFABAD,07,KERAMERI,1928030,GOYAGAON,,
19_4,KOMARAM BHEEM ASIFABAD,07,KERAMERI,1928036,HATTI,,
19_4,KOMARAM BHEEM ASIFABAD,07,KERAMERI,1928026,INDAPUR,,
19_4,KOMARAM BHEEM ASIFABAD,07,KERAMERI,1928006,ISAPUR,,
19_4,KOMARAM BHEEM ASIFABAD,07,KERAMERI,1928035,JHARI,,
19_4,KOMARAM BHEEM ASIFABAD,07,KERAMERI,1928046,JODAGHAT,,
19_4,KOMARAM BHEEM ASIFABAD,07,KERAMERI,1928012,KALI BUZURG,,
19_4,KOMARAM BHEEM ASIFABAD,07,KERAMERI,1928014,KALI KHURD,,
19_4,KOMARAM BHEEM ASIFABAD,07,KERAMERI,1928045,KALLEGAON,,
19_4,KOMARAM BHEEM ASIFABAD,07,KERAMERI,1928004,KARANJIWADA,,
19_4,KOMARAM BHEEM ASIFABAD,07,KERAMERI,1928020,KERAMERI,,
19_4,KOMARAM BHEEM ASIFABAD,07,KERAMERI,1928023,KHAIRI,,
19_4,KOMARAM BHEEM ASIFABAD,07,KERAMERI,1928002,KOTA,,
19_4,KOMARAM BHEEM ASIFABAD,07,KERAMERI,1928028,KOTHARI,,
19_4,KOMARAM BHEEM ASIFABAD,07,KERAMERI,1928001,LAKHMAPUR,,
19_4,KOMARAM BHEEM ASIFABAD,07,KERAMERI,1928037,METTAPIPRI,,
19_4,KOMARAM BHEEM ASIFABAD,07,KERAMERI,1928022,MODI,,
19_4,KOMARAM BHEEM ASIFABAD,07,KERAMERI,1928043,MURIKILANKA,,
19_4,KOMARAM BHEEM ASIFABAD,07,KERAMERI,1928044,NAGAPUR,,
19_4,KOMARAM BHEEM ASIFABAD,07,KERAMERI,1928033,NARSAPUR,,
19_4,KOMARAM BHEEM ASIFABAD,07,KERAMERI,1928027,NISHANI,,
19_4,KOMARAM BHEEM ASIFABAD,07,KERAMERI,1928003,PARANDOLI,,
19_4,KOMARAM BHEEM ASIFABAD,07,KERAMERI,1928034,PARDA,,
19_4,KOMARAM BHEEM ASIFABAD,07,KERAMERI,1928017,PARSWADA,,
19_4,KOMARAM BHEEM ASIFABAD,07,KERAMERI,1928041,PATNAPUR,,
19_4,KOMARAM BHEEM ASIFABAD,07,KERAMERI,1928029,PIPRI,,
19_4,KOMARAM BHEEM ASIFABAD,07,KERAMERI,1928021,SAKADA,,
19_4,KOMARAM BHEEM ASIFABAD,07,KERAMERI,1928013,SANGVI,,
19_4,KOMARAM BHEEM ASIFABAD,07,KERAMERI,1928016,SANKARAGUDA,,
19_4,KOMARAM BHEEM ASIFABAD,07,KERAMERI,1928025,SAWARKHEDA,,
19_4,KOMARAM BHEEM ASIFABAD,07,KERAMERI,1928024,SURDAPUR,,
19_4,KOMARAM BHEEM ASIFABAD,07,KERAMERI,1928039,TUKYAN MOVAD,,
19_4,KOMARAM BHEEM ASIFABAD,08,KOUTHALA,1946007,BHALEPALLE,,
19_4,KOMARAM BHEEM ASIFABAD,08,KOUTHALA,1946014,CHANDARAM,,
19_4,KOMARAM BHEEM ASIFABAD,08,KOUTHALA,1946024,CHIPURUDUBBA,,
19_4,KOMARAM BHEEM ASIFABAD,08,KOUTHALA,1946012,GUDLABORI,,
19_4,KOMARAM BHEEM ASIFABAD,08,KOUTHALA,1946009,GUNDAIPETA,,
19_4,KOMARAM BHEEM ASIFABAD,08,KOUTHALA,1946018,GURUDPETA,,
19_4,KOMARAM BHEEM ASIFABAD,08,KOUTHALA,1946016,KANKI,,
19_4,KOMARAM BHEEM ASIFABAD,08,KOUTHALA,1946017,KANNEPALLE,,
19_4,KOMARAM BHEEM ASIFABAD,08,KOUTHALA,1946013,KOUTHALA,,
19_4,KOMARAM BHEEM ASIFABAD,08,KOUTHALA,1946001,KUMBARI,,
19_4,KOMARAM BHEEM ASIFABAD,08,KOUTHALA,1946006,MOGADAGAD,,
19_4,KOMARAM BHEEM ASIFABAD,08,KOUTHALA,1946015,MUTHAMPET,,
19_4,KOMARAM BHEEM ASIFABAD,08,KOUTHALA,1946020,NAGEPALLE,,
19_4,KOMARAM BHEEM ASIFABAD,08,KOUTHALA,1946003,SANDGAON,,
19_4,KOMARAM BHEEM ASIFABAD,08,KOUTHALA,1946019,TALODI,,
19_4,KOMARAM BHEEM ASIFABAD,08,KOUTHALA,1946005,TATIPALLE,,
19_4,KOMARAM BHEEM ASIFABAD,08,KOUTHALA,1946010,THUMBADIHATTI,,
19_4,KOMARAM BHEEM ASIFABAD,08,KOUTHALA,1946008,VEERDANDI,,
19_4,KOMARAM BHEEM ASIFABAD,08,KOUTHALA,1946002,VEERVALLI,,
19_4,KOMARAM BHEEM ASIFABAD,08,KOUTHALA,1946004,WARDI,,
19_4,KOMARAM BHEEM ASIFABAD,09,LINGAPUR,1929008,CHORPALLE,,
19_4,KOMARAM BHEEM ASIFABAD,09,LINGAPUR,1929020,GHUMNUR BUZURG,,
19_4,KOMARAM BHEEM ASIFABAD,09,LINGAPUR,1929019,GHUMNUR KHURD,,
19_4,KOMARAM BHEEM ASIFABAD,09,LINGAPUR,1929026,JAMULDHARA,,
19_4,KOMARAM BHEEM ASIFABAD,09,LINGAPUR,1929021,KANCHANPALLE,,
19_4,KOMARAM BHEEM ASIFABAD,09,LINGAPUR,1929022,KOTHAPALLE,,
19_4,KOMARAM BHEEM ASIFABAD,09,LINGAPUR,1929024,LINGAPUR,,
19_4,KOMARAM BHEEM ASIFABAD,09,LINGAPUR,1936001,LODDIGUDA,,
19_4,KOMARAM BHEEM ASIFABAD,09,LINGAPUR,1929023,MAMIDIPALLE,,
19_4,KOMARAM BHEEM ASIFABAD,09,LINGAPUR,1929009,VANKAMADDI,,
19_4,KOMARAM BHEEM ASIFABAD,09,LINGAPUR,1929025,YELLAPATAR,,
19_4,KOMARAM BHEEM ASIFABAD,10,PENCHIKALPET,1947037,AGARGUDA,,
19_4,KOMARAM BHEEM ASIFABAD,10,PENCHIKALPET,1947016,BOMBAIGUDA,,
19_4,KOMARAM BHEEM ASIFABAD,10,PENCHIKALPET,1948008,CHEDVAI,,
19_4,KOMARAM BHEEM ASIFABAD,10,PENCHIKALPET,1947036,GANNARAM,,
19_4,KOMARAM BHEEM ASIFABAD,10,PENCHIKALPET,1947043,GUNDEPALLE,,
19_4,KOMARAM BHEEM ASIFABAD,10,PENCHIKALPET,1939038,GUNTLAPET,,
19_4,KOMARAM BHEEM ASIFABAD,10,PENCHIKALPET,1939036,JANKAPUR,,
19_4,KOMARAM BHEEM ASIFABAD,10,PENCHIKALPET,1947046,JILLEDA,,
19_4,KOMARAM BHEEM ASIFABAD,10,PENCHIKALPET,1947044,KAMMERGAON,,
19_4,KOMARAM BHEEM ASIFABAD,10,PENCHIKALPET,1947015,KONDAPALLE,,
19_4,KOMARAM BHEEM ASIFABAD,10,PENCHIKALPET,1947034,KOYACHICHAL,,
19_4,KOMARAM BHEEM ASIFABAD,10,PENCHIKALPET,1947018,LODPALLE,,
19_4,KOMARAM BHEEM ASIFABAD,10,PENCHIKALPET,1947042,MURALIGUDA,,
19_4,KOMARAM BHEEM ASIFABAD,10,PENCHIKALPET,1947045,NANDIGAON,,
19_4,KOMARAM BHEEM ASIFABAD,10,PENCHIKALPET,1947035,PENCHIKALPET,,
19_4,KOMARAM BHEEM ASIFABAD,10,PENCHIKALPET,1939037,POTHEPALLE,,
19_4,KOMARAM BHEEM ASIFABAD,10,PENCHIKALPET,1947041,TELAPALLE,,
19_4,KOMARAM BHEEM ASIFABAD,10,PENCHIKALPET,1947017,YELKAPALLE,,
19_4,KOMARAM BHEEM ASIFABAD,10,PENCHIKALPET,1947019,YELLUR,,
19_4,KOMARAM BHEEM ASIFABAD,11,REBBANA,1940012,DHARMARAM,,
19_4,KOMARAM BHEEM ASIFABAD,11,REBBANA,1940001,EDVALLI,,
19_4,KOMARAM BHEEM ASIFABAD,11,REBBANA,1940020,FAKEERPALLE,,
19_4,KOMARAM BHEEM ASIFABAD,11,REBBANA,1940013,GANGAPUR,,
19_4,KOMARAM BHEEM ASIFABAD,11,REBBANA,1940017,GOLLET,,
19_4,KOMARAM BHEEM ASIFABAD,11,REBBANA,1940031,GOVINDAPUR,,
19_4,KOMARAM BHEEM ASIFABAD,11,REBBANA,1940024,GUDEPALLE,,
19_4,KOMARAM BHEEM ASIFABAD,11,REBBANA,1940023,JAKKALPALLE,,
19_4,KOMARAM BHEEM ASIFABAD,11,REBBANA,1940002,KHAIRGAON,,
19_4,KOMARAM BHEEM ASIFABAD,11,REBBANA,1940022,KISTAPUR,,
19_4,KOMARAM BHEEM ASIFABAD,11,REBBANA,1940026,KOMARVALLI,,
19_4,KOMARAM BHEEM ASIFABAD,11,REBBANA,1940006,KONDAPALLE,,
19_4,KOMARAM BHEEM ASIFABAD,11,REBBANA,1940003,MEDIGUDA,,
19_4,KOMARAM BHEEM ASIFABAD,11,REBBANA,1940019,NAMBAL,,
19_4,KOMARAM BHEEM ASIFABAD,11,REBBANA,1940021,NARAYANPUR,,
19_4,KOMARAM BHEEM ASIFABAD,11,REBBANA,1940004,NAVEGAON,,
19_4,KOMARAM BHEEM ASIFABAD,11,REBBANA,1940015,NERPALLE,,
19_4,KOMARAM BHEEM ASIFABAD,11,REBBANA,1940009,PASSIGAON,,
19_4,KOMARAM BHEEM ASIFABAD,11,REBBANA,1940011,POTHPALLE,,
19_4,KOMARAM BHEEM ASIFABAD,11,REBBANA,1940018,PULTIKUNTA,,
19_4,KOMARAM BHEEM ASIFABAD,11,REBBANA,1940027,RAJARAM,,
19_4,KOMARAM BHEEM ASIFABAD,11,REBBANA,1940007,RAMPUR,,
19_4,KOMARAM BHEEM ASIFABAD,11,REBBANA,1940025,RANGAPUR,,
19_4,KOMARAM BHEEM ASIFABAD,11,REBBANA,1940014,REBBANA,,
19_4,KOMARAM BHEEM ASIFABAD,11,REBBANA,1940029,ROLLAPAHAD,,
19_4,KOMARAM BHEEM ASIFABAD,11,REBBANA,1940008,ROLLAPET,,
19_4,KOMARAM BHEEM ASIFABAD,11,REBBANA,1940030,SEETHANAGAR,,
19_4,KOMARAM BHEEM ASIFABAD,11,REBBANA,1940016,SONAPUR,,
19_4,KOMARAM BHEEM ASIFABAD,11,REBBANA,1940028,TAKKALLAPALLE,,
19_4,KOMARAM BHEEM ASIFABAD,11,REBBANA,1940010,TUNGEDA,,
19_4,KOMARAM BHEEM ASIFABAD,11,REBBANA,1940005,VENKULAM,,
19_4,KOMARAM BHEEM ASIFABAD,12,SIRPUR (T),1945016,ACHALLI,,
19_4,KOMARAM BHEEM ASIFABAD,12,SIRPUR (T),1945018,AREPALLE,,
19_4,KOMARAM BHEEM ASIFABAD,12,SIRPUR (T),1945022,BHUPALAPATNAM,,
19_4,KOMARAM BHEEM ASIFABAD,12,SIRPUR (T),1945021,BONKI,,
19_4,KOMARAM BHEEM ASIFABAD,12,SIRPUR (T),1945014,CHEELAPALLE,,
19_4,KOMARAM BHEEM ASIFABAD,12,SIRPUR (T),1945019,CHINTAKUNTA,,
19_4,KOMARAM BHEEM ASIFABAD,12,SIRPUR (T),1945017,CHUNCHUPALLE,,
19_4,KOMARAM BHEEM ASIFABAD,12,SIRPUR (T),1945024,DHORPALLE,,
19_4,KOMARAM BHEEM ASIFABAD,12,SIRPUR (T),1945001,GARLAPET,,
19_4,KOMARAM BHEEM ASIFABAD,12,SIRPUR (T),1945020,HEERAPUR,,
19_4,KOMARAM BHEEM ASIFABAD,12,SIRPUR (T),1945003,HUDKILI,,
19_4,KOMARAM BHEEM ASIFABAD,12,SIRPUR (T),1945005,JAKKAPUR,,
19_4,KOMARAM BHEEM ASIFABAD,12,SIRPUR (T),1945009,LAXMIPUR,,
19_4,KOMARAM BHEEM ASIFABAD,12,SIRPUR (T),1945006,LOANVELLI,,
19_4,KOMARAM BHEEM ASIFABAD,12,SIRPUR (T),1945004,MAKIDI,,
19_4,KOMARAM BHEEM ASIFABAD,12,SIRPUR (T),1945002,MEDPALLE,,
19_4,KOMARAM BHEEM ASIFABAD,12,SIRPUR (T),1945011,NAVEGAON,,
19_4,KOMARAM BHEEM ASIFABAD,12,SIRPUR (T),1945007,PARIGAON,,
19_4,KOMARAM BHEEM ASIFABAD,12,SIRPUR (T),1945023,RAJARAM,,
19_4,KOMARAM BHEEM ASIFABAD,12,SIRPUR (T),1945013,RUDRARAM,,
19_4,KOMARAM BHEEM ASIFABAD,12,SIRPUR (T),1945012,SIRPUR,,
19_4,KOMARAM BHEEM ASIFABAD,12,SIRPUR (T),1945008,TONKINI,,
19_4,KOMARAM BHEEM ASIFABAD,12,SIRPUR (T),1945015,VEMPALLE,,
19_4,KOMARAM BHEEM ASIFABAD,12,SIRPUR (T),1945010,VENKATRAOPET,,
19_4,KOMARAM BHEEM ASIFABAD,13,SIRPUR (U),1929007,BABJIPET,,
19_4,KOMARAM BHEEM ASIFABAD,13,SIRPUR (U),1929002,BHURNUR,,
19_4,KOMARAM BHEEM ASIFABAD,13,SIRPUR (U),1929016,CHAPRI,,
19_4,KOMARAM BHEEM ASIFABAD,13,SIRPUR (U),1929004,DEVADPALLE,,
19_4,KOMARAM BHEEM ASIFABAD,13,SIRPUR (U),1929017,DHANORA,,
19_4,KOMARAM BHEEM ASIFABAD,13,SIRPUR (U),1929013,KOHENUR BUZURG,,
19_4,KOMARAM BHEEM ASIFABAD,13,SIRPUR (U),1929014,KOHENUR KHURD,,
19_4,KOMARAM BHEEM ASIFABAD,13,SIRPUR (U),1929018,MAHAGAON,,
19_4,KOMARAM BHEEM ASIFABAD,13,SIRPUR (U),1929010,NETNUR,,
19_4,KOMARAM BHEEM ASIFABAD,13,SIRPUR (U),1929011,PAMULAWADA,,
19_4,KOMARAM BHEEM ASIFABAD,13,SIRPUR (U),1929006,PANGDI,,
19_4,KOMARAM BHEEM ASIFABAD,13,SIRPUR (U),1929003,PHULLARA,,
19_4,KOMARAM BHEEM ASIFABAD,13,SIRPUR (U),1929001,RAGHAPUR,,
19_4,KOMARAM BHEEM ASIFABAD,13,SIRPUR (U),1929005,SEETAGONDI,,
19_4,KOMARAM BHEEM ASIFABAD,13,SIRPUR (U),1929015,SHETTIHADAPNUR,,
19_4,KOMARAM BHEEM ASIFABAD,13,SIRPUR (U),1929012,SIRPUR,,
19_4,KOMARAM BHEEM ASIFABAD,14,TIRYANI,1936012,AREGUDA,,
19_4,KOMARAM BHEEM ASIFABAD,14,TIRYANI,1936038,BHEEMAPUR,,
19_4,KOMARAM BHEEM ASIFABAD,14,TIRYANI,1936010,BOARDHAM,,
19_4,KOMARAM BHEEM ASIFABAD,14,TIRYANI,1936034,CHINTAPALLE,,
19_4,KOMARAM BHEEM ASIFABAD,14,TIRYANI,1936013,CHOPIDI,,
19_4,KOMARAM BHEEM ASIFABAD,14,TIRYANI,1936003,DANTANPALLE,,
19_4,KOMARAM BHEEM ASIFABAD,14,TIRYANI,1936009,DEVAIGUDA,,
19_4,KOMARAM BHEEM ASIFABAD,14,TIRYANI,1936031,DONDLA,,
19_4,KOMARAM BHEEM ASIFABAD,14,TIRYANI,1936016,DONGARGAON,,
19_4,KOMARAM BHEEM ASIFABAD,14,TIRYANI,1936027,DUGGAPUR,,
19_4,KOMARAM BHEEM ASIFABAD,14,TIRYANI,1936030,EDULPAD,,
19_4,KOMARAM BHEEM ASIFABAD,14,TIRYANI,1936026,GAMBHIRAOPET,,
19_4,KOMARAM BHEEM ASIFABAD,14,TIRYANI,1936025,GANGAPUR,,
19_4,KOMARAM BHEEM ASIFABAD,14,TIRYANI,1936021,GINNEDARI,,
19_4,KOMARAM BHEEM ASIFABAD,14,TIRYANI,1936020,GODELPALLE,,
19_4,KOMARAM BHEEM ASIFABAD,14,TIRYANI,1936002,GOENA,,
19_4,KOMARAM BHEEM ASIFABAD,14,TIRYANI,1936015,GOYAGAON,,
19_4,KOMARAM BHEEM ASIFABAD,14,TIRYANI,1936039,GUNDALA,,
19_4,KOMARAM BHEEM ASIFABAD,14,TIRYANI,1936033,IRKAPALLE,,
19_4,KOMARAM BHEEM ASIFABAD,14,TIRYANI,1936032,ISLAMPUR,,
19_4,KOMARAM BHEEM ASIFABAD,14,TIRYANI,1936014,JEWNI,,
19_4,KOMARAM BHEEM ASIFABAD,14,TIRYANI,1936028,KANNEPALLE,,
19_4,KOMARAM BHEEM ASIFABAD,14,TIRYANI,1936035,KORLANKA,,
19_4,KOMARAM BHEEM ASIFABAD,14,TIRYANI,1936017,KOYA TALANDI,,
19_4,KOMARAM BHEEM ASIFABAD,14,TIRYANI,1936006,LINGIGUDA,,
19_4,KOMARAM BHEEM ASIFABAD,14,TIRYANI,1936023,MAINDAGUDIPET,,
19_4,KOMARAM BHEEM ASIFABAD,14,TIRYANI,1936008,MANDRUMEDA,,
19_4,KOMARAM BHEEM ASIFABAD,14,TIRYANI,1936036,MANGI,,
19_4,KOMARAM BHEEM ASIFABAD,14,TIRYANI,1936040,MANKAPUR,,
19_4,KOMARAM BHEEM ASIFABAD,14,TIRYANI,1936004,PANGIDI MADRA,,
19_4,KOMARAM BHEEM ASIFABAD,14,TIRYANI,1936011,PEDAKUNTA,,
19_4,KOMARAM BHEEM ASIFABAD,14,TIRYANI,1936019,RALLAKAMEPALLE,,
19_4,KOMARAM BHEEM ASIFABAD,14,TIRYANI,1936037,ROMPALLE,,
19_4,KOMARAM BHEEM ASIFABAD,14,TIRYANI,1936007,RUDRAPUR,,
19_4,KOMARAM BHEEM ASIFABAD,14,TIRYANI,1936022,SANGAPUR,,
19_4,KOMARAM BHEEM ASIFABAD,14,TIRYANI,1936029,SONAPUR,,
19_4,KOMARAM BHEEM ASIFABAD,14,TIRYANI,1936018,TALANDI,,
19_4,KOMARAM BHEEM ASIFABAD,14,TIRYANI,1936024,TIRYANI,,
19_4,KOMARAM BHEEM ASIFABAD,14,TIRYANI,1936005,ULLIPITADORLI,,
19_4,KOMARAM BHEEM ASIFABAD,15,WANKDI,1938017,AKINI,,
19_4,KOMARAM BHEEM ASIFABAD,15,WANKDI,1938007,ARLI,,
19_4,KOMARAM BHEEM ASIFABAD,15,WANKDI,1938008,BAMBARA,,
19_4,KOMARAM BHEEM ASIFABAD,15,WANKDI,1938031,BENDERA,,
19_4,KOMARAM BHEEM ASIFABAD,15,WANKDI,1938024,BORANJIGUDA,,
19_4,KOMARAM BHEEM ASIFABAD,15,WANKDI,1938036,BORDA,,
19_4,KOMARAM BHEEM ASIFABAD,15,WANKDI,1938005,CHAVPANGUDA,,
19_4,KOMARAM BHEEM ASIFABAD,15,WANKDI,1938004,CHICHPALLE,,
19_4,KOMARAM BHEEM ASIFABAD,15,WANKDI,1938034,CHINCHOLI,,
19_4,KOMARAM BHEEM ASIFABAD,15,WANKDI,1938011,DEVADPALLE,,
19_4,KOMARAM BHEEM ASIFABAD,15,WANKDI,1938001,DHABA,,
19_4,KOMARAM BHEEM ASIFABAD,15,WANKDI,1938033,GHAT JANGAON,,
19_4,KOMARAM BHEEM ASIFABAD,15,WANKDI,1938003,GOAGAON,,
19_4,KOMARAM BHEEM ASIFABAD,15,WANKDI,1938006,GUNJADA,,
19_4,KOMARAM BHEEM ASIFABAD,15,WANKDI,1938021,INDHANI,,
19_4,KOMARAM BHEEM ASIFABAD,15,WANKDI,1938035,JAITHPUR,,
19_4,KOMARAM BHEEM ASIFABAD,15,WANKDI,1938012,JAMBULDHARI,,
19_4,KOMARAM BHEEM ASIFABAD,15,WANKDI,1938037,KANNERAGAON,,
19_4,KOMARAM BHEEM ASIFABAD,15,WANKDI,1938025,KHAMANA,,
19_4,KOMARAM BHEEM ASIFABAD,15,WANKDI,1938028,KHEDEGAON,,
19_4,KOMARAM BHEEM ASIFABAD,15,WANKDI,1938022,KHIRDI,,
19_4,KOMARAM BHEEM ASIFABAD,15,WANKDI,1938029,KOMATIGUDA,,
19_4,KOMARAM BHEEM ASIFABAD,15,WANKDI,1938013,LANJANVEERA,,
19_4,KOMARAM BHEEM ASIFABAD,15,WANKDI,1938010,MAHAGAON,,
19_4,KOMARAM BHEEM ASIFABAD,15,WANKDI,1938018,NARLAPUR,,
19_4,KOMARAM BHEEM ASIFABAD,15,WANKDI,1938020,NAVEGAON,,
19_4,KOMARAM BHEEM ASIFABAD,15,WANKDI,1938016,NEEMGAON,,
19_4,KOMARAM BHEEM ASIFABAD,15,WANKDI,1938019,NUKEWADA,,
19_4,KOMARAM BHEEM ASIFABAD,15,WANKDI,1938030,SAMELA,,
19_4,KOMARAM BHEEM ASIFABAD,15,WANKDI,1938023,SARANDI,,
19_4,KOMARAM BHEEM ASIFABAD,15,WANKDI,1938027,SARKEPALLE,,
19_4,KOMARAM BHEEM ASIFABAD,15,WANKDI,1938002,SAWATHI,,
19_4,KOMARAM BHEEM ASIFABAD,15,WANKDI,1938009,SONAPUR,,
19_4,KOMARAM BHEEM ASIFABAD,15,WANKDI,1938032,TEJAPUR,,
19_4,KOMARAM BHEEM ASIFABAD,15,WANKDI,1938026,VELGI,,
19_4,KOMARAM BHEEM ASIFABAD,15,WANKDI,1938015,WANKDI KALAN,,
19_4,KOMARAM BHEEM ASIFABAD,15,WANKDI,1938014,WANKDIKHURD,,
20_1,KARIMNAGAR,01,CHIGURUMAMIDI,2053006,BOMMANAPALLE,,
20_1,KARIMNAGAR,01,CHIGURUMAMIDI,2053004,CHIGURUMAMIDI,,
20_1,KARIMNAGAR,01,CHIGURUMAMIDI,2053008,INDURTHI,,
20_1,KARIMNAGAR,01,CHIGURUMAMIDI,2053010,KONDAPUR,,
20_1,KARIMNAGAR,01,CHIGURUMAMIDI,2053001,MUDIMANIKYAM,,
20_1,KARIMNAGAR,01,CHIGURUMAMIDI,2053003,MULKANOOR,,
20_1,KARIMNAGAR,01,CHIGURUMAMIDI,2053009,NAWABPETA,,
20_1,KARIMNAGAR,01,CHIGURUMAMIDI,2053002,RAMANCHA,,
20_1,KARIMNAGAR,01,CHIGURUMAMIDI,2053005,REKENDA,,
20_1,KARIMNAGAR,01,CHIGURUMAMIDI,2053007,SUNDARAGIRI,,
20_1,KARIMNAGAR,01,CHIGURUMAMIDI,2053011,VALAMPALLE,,
20_1,KARIMNAGAR,02,CHOPPADANDI,2030003,ARNAKONDA,,
20_1,KARIMNAGAR,02,CHOPPADANDI,2030004,BHUPALAPATNAM,,
20_1,KARIMNAGAR,02,CHOPPADANDI,2030011,CHAKUNTA,,
20_1,KARIMNAGAR,02,CHOPPADANDI,2030002,CHITYALPALLE,,
20_1,KARIMNAGAR,02,CHOPPADANDI,2030005,CHOPPADANDI,,
20_1,KARIMNAGAR,02,CHOPPADANDI,2030006,GUMLAPUR,,
20_1,KARIMNAGAR,02,CHOPPADANDI,2030007,KATNEPALLE,,
20_1,KARIMNAGAR,02,CHOPPADANDI,2030010,KOLIMIKUNTA,,
20_1,KARIMNAGAR,02,CHOPPADANDI,2030008,KONERUPALLE,,
20_1,KARIMNAGAR,02,CHOPPADANDI,2030001,RAGAMPETA,,
20_1,KARIMNAGAR,02,CHOPPADANDI,2030009,RUKMAPUR,,
20_1,KARIMNAGAR,02,CHOPPADANDI,2030012,VEDURUGHATTA,,
20_1,KARIMNAGAR,03,ELLANDAKUNTA,2033005,BUJUNOOR,,
20_1,KARIMNAGAR,03,ELLANDAKUNTA,2033013,CHINNAKOMATIPALLI,,
20_1,KARIMNAGAR,03,ELLANDAKUNTA,2033012,ELLANTHAKUNTA,,
20_1,KARIMNAGAR,03,ELLANDAKUNTA,2033018,KANAGARTHI,,
20_1,KARIMNAGAR,03,ELLANDAKUNTA,2033017,MALLIAL,,
20_1,KARIMNAGAR,03,ELLANDAKUNTA,2033016,PATHARLAPALLI,,
20_1,KARIMNAGAR,03,ELLANDAKUNTA,2033006,RACHAPALLI,,
20_1,KARIMNAGAR,03,ELLANDAKUNTA,2033015,SIRSEDU,,
20_1,KARIMNAGAR,03,ELLANDAKUNTA,2033014,TEKURTHI,,
20_1,KARIMNAGAR,03,ELLANDAKUNTA,2033004,VANTHADUPULA,,
20_1,KARIMNAGAR,04,GANGADHARA,2027018,ACHAMPALLE,,
20_1,KARIMNAGAR,04,GANGADHARA,2027005,BURGUPALLE,,
20_1,KARIMNAGAR,04,GANGADHARA,2027009,GANGADHARA,,
20_1,KARIMNAGAR,04,GANGADHARA,2027017,GARSEKURTHI,,
20_1,KARIMNAGAR,04,GANGADHARA,2027016,GATTUBOOTHKUR,,
20_1,KARIMNAGAR,04,GANGADHARA,2027011,ISLAMPUR,,
20_1,KARIMNAGAR,04,GANGADHARA,2027003,KACHIREDDIPALLE,,
20_1,KARIMNAGAR,04,GANGADHARA,2027004,KONDAIPALLE,,
20_1,KARIMNAGAR,04,GANGADHARA,2027014,KURIKIAL,,
20_1,KARIMNAGAR,04,GANGADHARA,2027012,MALLAPUR,,
20_1,KARIMNAGAR,04,GANGADHARA,2027008,NAGIREDDIPUR,,
20_1,KARIMNAGAR,04,GANGADHARA,2027006,NARASIMHULAPALLE,,
20_1,KARIMNAGAR,04,GANGADHARA,2027010,NARAYANPUR,,
20_1,KARIMNAGAR,04,GANGADHARA,2027015,NAYALAKONDA PALLE,,
20_1,KARIMNAGAR,04,GANGADHARA,2027002,RYALAPALLE,,
20_1,KARIMNAGAR,04,GANGADHARA,2027007,SARVAREDDIPALLE,,
20_1,KARIMNAGAR,04,GANGADHARA,2027013,UPPARA MALLIAL,,
20_1,KARIMNAGAR,04,GANGADHARA,2027019,VADDYARAM,,
20_1,KARIMNAGAR,04,GANGADHARA,2027001,VENKATAIPALLE,,
20_1,KARIMNAGAR,05,GANNERUVARAM,2046004,CHERLAPUR,,
20_1,KARIMNAGAR,05,GANNERUVARAM,2046001,GANNERVARAM,,
20_1,KARIMNAGAR,05,GANNERUVARAM,2046005,GOPALPUR,,
20_1,KARIMNAGAR,05,GANNERUVARAM,2046013,GUNKULKONDAPUR,,
20_1,KARIMNAGAR,05,GANNERUVARAM,2046012,JANGAPALLE,,
20_1,KARIMNAGAR,05,GANNERUVARAM,2046009,KHASIMPET,,
20_1,KARIMNAGAR,05,GANNERUVARAM,2046008,MADHAPUR,,
20_1,KARIMNAGAR,05,GANNERUVARAM,2046007,MYLARAM,,
20_1,KARIMNAGAR,05,GANNERUVARAM,2046003,PANTHULUKONDAPUR,,
20_1,KARIMNAGAR,05,GANNERUVARAM,2046010,PARVELLA,,
20_1,KARIMNAGAR,05,GANNERUVARAM,2046006,SANGAM (HANMAJIPALLE),,
20_1,KARIMNAGAR,05,GANNERUVARAM,2046002,YASWADA,,
20_1,KARIMNAGAR,06,HUZURABAD,2049011,BORNAPALLE,,
20_1,KARIMNAGAR,06,HUZURABAD,2049005,CHELPUR,,
20_1,KARIMNAGAR,06,HUZURABAD,2049007,DHARMARAJU PALLE,,
20_1,KARIMNAGAR,06,HUZURABAD,2049010,HUZURABAD,,
20_1,KARIMNAGAR,06,HUZURABAD,2049006,JUPAK,,
20_1,KARIMNAGAR,06,HUZURABAD,2049008,KANDUGULA,,
20_1,KARIMNAGAR,06,HUZURABAD,2049009,KANUKULAGIDDA,,
20_1,KARIMNAGAR,06,HUZURABAD,2049012,KATREPALLE,,
20_1,KARIMNAGAR,06,HUZURABAD,2049004,POTHAREDDIPETA,,
20_1,KARIMNAGAR,06,HUZURABAD,2049001,SINGAPUR,,
20_1,KARIMNAGAR,06,HUZURABAD,2049003,SIRSAPALLE,,
20_1,KARIMNAGAR,06,HUZURABAD,2049002,THUMMANAPALLE,,
20_1,KARIMNAGAR,07,JAMMIKUNTA,2033007,BIJGIRISHAREEF,,
20_1,KARIMNAGAR,07,JAMMIKUNTA,2033011,DHARMARAM (P.B),,
20_1,KARIMNAGAR,07,JAMMIKUNTA,2033010,JAMMIKUNTA,,
20_1,KARIMNAGAR,07,JAMMIKUNTA,2033008,KORAPALLI,,
20_1,KARIMNAGAR,07,JAMMIKUNTA,2033019,MADIPALLI,,
20_1,KARIMNAGAR,07,JAMMIKUNTA,2033009,SAIDABAD,,
20_1,KARIMNAGAR,07,JAMMIKUNTA,2033002,THANGULA,,
20_1,KARIMNAGAR,07,JAMMIKUNTA,2033003,VAVILALA,,
20_1,KARIMNAGAR,07,JAMMIKUNTA,2033001,VILASAGAR,,
20_1,KARIMNAGAR,08,KARIMNAGAR,2036024,HASNAPUR,,
20_1,KARIMNAGAR,08,KARIMNAGAR,2036026,KARIMNAGAR (U),,
20_1,KARIMNAGAR,08,KARIMNAGAR,2036025,POTHGAL,,
20_1,KARIMNAGAR,09,KARIMNAGAR RURAL,2036021,AREPALLE,,
20_1,KARIMNAGAR,09,KARIMNAGAR RURAL,2036027,BOMMAKAL,,
20_1,KARIMNAGAR,09,KARIMNAGAR RURAL,2036014,CHAMANPALLE,,
20_1,KARIMNAGAR,09,KARIMNAGAR RURAL,2036029,CHEGURTI,,
20_1,KARIMNAGAR,09,KARIMNAGAR RURAL,2036016,CHERLABUTHKUR,,
20_1,KARIMNAGAR,09,KARIMNAGAR RURAL,2036028,DURSHED,,
20_1,KARIMNAGAR,09,KARIMNAGAR RURAL,2036019,ELBOTHARAM,,
20_1,KARIMNAGAR,09,KARIMNAGAR RURAL,2036013,FAKIRPET,,
20_1,KARIMNAGAR,09,KARIMNAGAR RURAL,2036018,IRUKULLA,,
20_1,KARIMNAGAR,09,KARIMNAGAR RURAL,2036012,JUBLINAGAR,,
20_1,KARIMNAGAR,09,KARIMNAGAR RURAL,2036017,MAQDUMPUR,,
20_1,KARIMNAGAR,09,KARIMNAGAR RURAL,2036011,NAGUNUR,,
20_1,KARIMNAGAR,09,KARIMNAGAR RURAL,2036015,TAHARAKONDAPUR,,
20_1,KARIMNAGAR,09,KARIMNAGAR RURAL,2036020,WALLAMPAHAD,,
20_1,KARIMNAGAR,10,KOTHAPALLI,2036003,ASIFNAGAR @BAHUPET,,
20_1,KARIMNAGAR,10,KOTHAPALLI,2036001,BADDIPALLE,,
20_1,KARIMNAGAR,10,KOTHAPALLI,2036023,CHINTAKUNTA,,
20_1,KARIMNAGAR,10,KOTHAPALLI,2036005,ELGANDAL,,
20_1,KARIMNAGAR,10,KOTHAPALLI,2036006,KAMANPUR,,
20_1,KARIMNAGAR,10,KOTHAPALLI,2036004,KHAJIPUR,,
20_1,KARIMNAGAR,10,KOTHAPALLI,2036010,KOTHAPALLE(HAVELI)(URB),,
20_1,KARIMNAGAR,10,KOTHAPALLI,2036008,LAKSHMIPUR,,
20_1,KARIMNAGAR,10,KOTHAPALLI,2036007,MALKAPUR,,
20_1,KARIMNAGAR,10,KOTHAPALLI,2036002,NAGULAMALIAL,,
20_1,KARIMNAGAR,10,KOTHAPALLI,2036009,REKURTHI,,
20_1,KARIMNAGAR,10,KOTHAPALLI,2036022,SEETHARAMPUR,,
20_1,KARIMNAGAR,11,MANAKONDUR,2035010,ANNARAM,,
20_1,KARIMNAGAR,11,MANAKONDUR,2035014,CHENGERLA,,
20_1,KARIMNAGAR,11,MANAKONDUR,2035008,DEVAMPALLE,,
20_1,KARIMNAGAR,11,MANAKONDUR,2035013,EDULAGATEPALLE,,
20_1,KARIMNAGAR,11,MANAKONDUR,2035017,GANGIPALLE,,
20_1,KARIMNAGAR,11,MANAKONDUR,2035015,GATTUDUDDENAPALLE,,
20_1,KARIMNAGAR,11,MANAKONDUR,2035007,KALLEDA,,
20_1,KARIMNAGAR,11,MANAKONDUR,2035018,KONDAPALKALA,,
20_1,KARIMNAGAR,11,MANAKONDUR,2035009,LALITHAPUR,,
20_1,KARIMNAGAR,11,MANAKONDUR,2035001,LINGAPUR,,
20_1,KARIMNAGAR,11,MANAKONDUR,2035006,MADDIKUNTA,,
20_1,KARIMNAGAR,11,MANAKONDUR,2035011,MANAKONDUR,,
20_1,KARIMNAGAR,11,MANAKONDUR,2035012,MUNJAMPALLE,,
20_1,KARIMNAGAR,11,MANAKONDUR,2035005,PACHCHUNUR,,
20_1,KARIMNAGAR,11,MANAKONDUR,2035004,UTOOR,,
20_1,KARIMNAGAR,11,MANAKONDUR,2035016,VANNARAM,,
20_1,KARIMNAGAR,11,MANAKONDUR,2035003,VEGURUPALLE,,
20_1,KARIMNAGAR,11,MANAKONDUR,2035002,VELDI,,
20_1,KARIMNAGAR,12,RAMADUGU,2037003,CHIPPAKURTHI,,
20_1,KARIMNAGAR,12,RAMADUGU,2037006,DATHOJIPET,,
20_1,KARIMNAGAR,12,RAMADUGU,2037017,DESHRAJPALLE,,
20_1,KARIMNAGAR,12,RAMADUGU,2037009,FAKEERPET,,
20_1,KARIMNAGAR,12,RAMADUGU,2037010,GOPALRAOPETA,,
20_1,KARIMNAGAR,12,RAMADUGU,2037004,GUNDI,,
20_1,KARIMNAGAR,12,RAMADUGU,2037018,KAKKERAKUNTA,,
20_1,KARIMNAGAR,12,RAMADUGU,2037014,KISTAPUR,,
20_1,KARIMNAGAR,12,RAMADUGU,2037011,KORATPALLE,,
20_1,KARIMNAGAR,12,RAMADUGU,2037005,LAKSHMIPUR,,
20_1,KARIMNAGAR,12,RAMADUGU,2037013,MOTHE,,
20_1,KARIMNAGAR,12,RAMADUGU,2037007,RAMADUGU,,
20_1,KARIMNAGAR,12,RAMADUGU,2037012,RUDRARAM,,
20_1,KARIMNAGAR,12,RAMADUGU,2037008,SHANAGAR,,
20_1,KARIMNAGAR,12,RAMADUGU,2037002,SRIRAMULAPALLE,,
20_1,KARIMNAGAR,12,RAMADUGU,2037001,THIRMALAPUR,,
20_1,KARIMNAGAR,12,RAMADUGU,2037019,VANNARAM,,
20_1,KARIMNAGAR,12,RAMADUGU,2037015,VEDIRA,,
20_1,KARIMNAGAR,12,RAMADUGU,2037016,VELICHAL,,
20_1,KARIMNAGAR,13,SHANKARAPATNAM,2048016,AMBALPUR,,
20_1,KARIMNAGAR,13,SHANKARAPATNAM,2048012,AMUDALAPALLE,,
20_1,KARIMNAGAR,13,SHANKARAPATNAM,2048002,ARKANDLA,,
20_1,KARIMNAGAR,13,SHANKARAPATNAM,2048007,DHARMARAM,,
20_1,KARIMNAGAR,13,SHANKARAPATNAM,2048003,GADDAPAKA,,
20_1,KARIMNAGAR,13,SHANKARAPATNAM,2048005,KACHAPUR,,
20_1,KARIMNAGAR,13,SHANKARAPATNAM,2048004,KALAVALA,,
20_1,KARIMNAGAR,13,SHANKARAPATNAM,2048008,KANNAPUR,,
20_1,KARIMNAGAR,13,SHANKARAPATNAM,2048017,KAREEMPETA,,
20_1,KARIMNAGAR,13,SHANKARAPATNAM,2048015,KESAVAPATNAM,,
20_1,KARIMNAGAR,13,SHANKARAPATNAM,2048014,KOTHAGHAT,,
20_1,KARIMNAGAR,13,SHANKARAPATNAM,2048013,METPALLE,,
20_1,KARIMNAGAR,13,SHANKARAPATNAM,2048011,MOLANGUR,,
20_1,KARIMNAGAR,13,SHANKARAPATNAM,2048009,MUTHARAM,,
20_1,KARIMNAGAR,13,SHANKARAPATNAM,2048006,RAJAPUR,,
20_1,KARIMNAGAR,13,SHANKARAPATNAM,2048010,THADIKAL,,
20_1,KARIMNAGAR,13,SHANKARAPATNAM,2048001,YERADPALLE,,
20_1,KARIMNAGAR,14,THIMMAPUR,2047001,ALUGUNUR,,
20_1,KARIMNAGAR,14,THIMMAPUR,2047009,KOTHAPALLE (P.N),,
20_1,KARIMNAGAR,14,THIMMAPUR,2047011,MALLAPUR,,
20_1,KARIMNAGAR,14,THIMMAPUR,2047004,MANNENPALLE,,
20_1,KARIMNAGAR,14,THIMMAPUR,2047014,MOGILIPALEM,,
20_1,KARIMNAGAR,14,THIMMAPUR,2047010,NALLAGONDA,,
20_1,KARIMNAGAR,14,THIMMAPUR,2047007,NEDUNUR,,
20_1,KARIMNAGAR,14,THIMMAPUR,2047005,NUSTULAPUR,,
20_1,KARIMNAGAR,14,THIMMAPUR,2047013,PARLAPALLE,,
20_1,KARIMNAGAR,14,THIMMAPUR,2047012,POLAMPALLE,,
20_1,KARIMNAGAR,14,THIMMAPUR,2047003,PORANDLA,,
20_1,KARIMNAGAR,14,THIMMAPUR,2047008,RENIKUNTA,,
20_1,KARIMNAGAR,14,THIMMAPUR,2047002,THIMMAPUR,,
20_1,KARIMNAGAR,14,THIMMAPUR,2047006,VACHUNUR,,
20_1,KARIMNAGAR,15,V.SAIDAPUR,2052010,AKUNUR,,
20_1,KARIMNAGAR,15,V.SAIDAPUR,2052014,AMMANAGURTHI,,
20_1,KARIMNAGAR,15,V.SAIDAPUR,2052013,BOMMAKAL,,
20_1,KARIMNAGAR,15,V.SAIDAPUR,2052009,DUDDENAPALLE,,
20_1,KARIMNAGAR,15,V.SAIDAPUR,2052001,EKLASPUR,,
20_1,KARIMNAGAR,15,V.SAIDAPUR,2052005,ELABOTHARAM,,
20_1,KARIMNAGAR,15,V.SAIDAPUR,2052011,GHANPUR,,
20_1,KARIMNAGAR,15,V.SAIDAPUR,2052006,GODISALA,,
20_1,KARIMNAGAR,15,V.SAIDAPUR,2052012,RAIKAL,,
20_1,KARIMNAGAR,15,V.SAIDAPUR,2052004,RAMCHANDRAPUR,,
20_1,KARIMNAGAR,15,V.SAIDAPUR,2052007,SAIDAPUR,,
20_1,KARIMNAGAR,15,V.SAIDAPUR,2052002,SOMARAM,,
20_1,KARIMNAGAR,15,V.SAIDAPUR,2052008,VENKEPALLE,,
20_1,KARIMNAGAR,15,V.SAIDAPUR,2052003,VENNAMPALLE,,
20_1,KARIMNAGAR,16,VEENAVANKA,2034014,BETHGAL,,
20_1,KARIMNAGAR,16,VEENAVANKA,2034004,BONTHUPALLE,,
20_1,KARIMNAGAR,16,VEENAVANKA,2034010,BRAHMANPALLE,,
20_1,KARIMNAGAR,16,VEENAVANKA,2034001,CHALLOOR,,
20_1,KARIMNAGAR,16,VEENAVANKA,2034003,ELBAK,,
20_1,KARIMNAGAR,16,VEENAVANKA,2034005,GHANMUKLA,,
20_1,KARIMNAGAR,16,VEENAVANKA,2034013,KANPARTHI,,
20_1,KARIMNAGAR,16,VEENAVANKA,2034007,KONDAPAKA,,
20_1,KARIMNAGAR,16,VEENAVANKA,2034006,KORKAL(JANGAMPALLE),,
20_1,KARIMNAGAR,16,VEENAVANKA,2034002,MAMIDALOPALLE,,
20_1,KARIMNAGAR,16,VEENAVANKA,2034008,POTHIREDDIPALLE,,
20_1,KARIMNAGAR,16,VEENAVANKA,2034009,REDDIPALLE,,
20_1,KARIMNAGAR,16,VEENAVANKA,2034012,VALBAPUR,,
20_1,KARIMNAGAR,16,VEENAVANKA,2034011,VEENAVANKA,,
20_2,JAGTIAL,01,BEERPUR,2004024,ANNARAM,,
20_2,JAGTIAL,01,BEERPUR,2004012,BEERPUR,,
20_2,JAGTIAL,01,BEERPUR,2004009,CHERLAPALLE,,
20_2,JAGTIAL,01,BEERPUR,2004025,DONKESHWARAM H/O KOMANPALLI,,
20_2,JAGTIAL,01,BEERPUR,2004003,KAMMUNUR,,
20_2,JAGTIAL,01,BEERPUR,2004008,KANDLAPALLE,,
20_2,JAGTIAL,01,BEERPUR,2004006,KOLVAI,,
20_2,JAGTIAL,01,BEERPUR,2004026,KOMANPALLI,,
20_2,JAGTIAL,01,BEERPUR,2004002,MANGELA,,
20_2,JAGTIAL,01,BEERPUR,2004027,MOTHINAGAR(GANGASAMUDRAM AND NOOTHPALLI),,
20_2,JAGTIAL,01,BEERPUR,2004030,MOTHINAGAR(SIRIPURAM),,
20_2,JAGTIAL,01,BEERPUR,2004011,NARSIMLAPALLE,,
20_2,JAGTIAL,01,BEERPUR,2004028,NEDUNUR H/O KOMANPALLI,,
20_2,JAGTIAL,01,BEERPUR,2004001,RANGASAGAR,,
20_2,JAGTIAL,01,BEERPUR,2004005,REKULAPALLE,,
20_2,JAGTIAL,01,BEERPUR,2004004,THALLADHARMARAM,,
20_2,JAGTIAL,01,BEERPUR,2004007,THUNGUR,,
20_2,JAGTIAL,01,BEERPUR,2004029,VACHUNUR H/O KOMANPALLI,,
20_2,JAGTIAL,19,BHEEMARAM,2021014,BHEEMARAM,,
20_2,JAGTIAL,19,BHEEMARAM,2021017,GOVINDARAM,,
20_2,JAGTIAL,19,BHEEMARAM,2021016,LINGAMPETA,,
20_2,JAGTIAL,19,BHEEMARAM,2021015,MANNNEGUDEM,,
20_2,JAGTIAL,19,BHEEMARAM,2021019,PASNOOR,,
20_2,JAGTIAL,19,BHEEMARAM,2021013,RAGHOJIPETA,,
20_2,JAGTIAL,19,BHEEMARAM,2021010,RANGAPUR,,
20_2,JAGTIAL,19,BHEEMARAM,2021012,VENKATARAOPETA,,
20_2,JAGTIAL,19,BHEEMARAM,2021018,VODDEDU,,
20_2,JAGTIAL,02,BUGGARAM,2005015,BUGGARAM,,
20_2,JAGTIAL,02,BUGGARAM,2005014,CHINNAPURAM,,
20_2,JAGTIAL,02,BUGGARAM,2019001,GANGAPURAM,,
20_2,JAGTIAL,02,BUGGARAM,2005016,GOPULAPUR,,
20_2,JAGTIAL,02,BUGGARAM,2005018,MADDUNOOR,,
20_2,JAGTIAL,02,BUGGARAM,2019004,SHAKALLA,,
20_2,JAGTIAL,02,BUGGARAM,2005022,SIRIKONDA,,
20_2,JAGTIAL,02,BUGGARAM,2005017,SIRIVANCHAKOTA,,
20_2,JAGTIAL,02,BUGGARAM,2005013,VELGONDA,,
20_2,JAGTIAL,02,BUGGARAM,2019002,YESHWANTHRAOPET,,
20_2,JAGTIAL,03,DHARMAPURI,2005001,AREPALLE,,
20_2,JAGTIAL,03,DHARMAPURI,2005009,DHARMAPURI,,
20_2,JAGTIAL,03,DHARMAPURI,2005006,DONOOR,,
20_2,JAGTIAL,03,DHARMAPURI,2005002,DONTHAPUR,,
20_2,JAGTIAL,03,DHARMAPURI,2005023,GADEPALLI,,
20_2,JAGTIAL,03,DHARMAPURI,2005004,JAINA,,
20_2,JAGTIAL,03,DHARMAPURI,2005011,KAMALAPUR,,
20_2,JAGTIAL,03,DHARMAPURI,2005024,MAGGIDI,,
20_2,JAGTIAL,03,DHARMAPURI,2005012,NAGARAM,,
20_2,JAGTIAL,03,DHARMAPURI,2005007,NERELLA,,
20_2,JAGTIAL,03,DHARMAPURI,2005019,RAIPATNAM,,
20_2,JAGTIAL,03,DHARMAPURI,2005005,RAJARAM,,
20_2,JAGTIAL,03,DHARMAPURI,2005003,THEEGALA DHARMARAM,,
20_2,JAGTIAL,03,DHARMAPURI,2005010,THIMMAPUR,,
20_2,JAGTIAL,03,DHARMAPURI,2005008,THUMMENALA,,
20_2,JAGTIAL,20,ENDAPALLI,2006011,AMBARIPETA,,
20_2,JAGTIAL,20,ENDAPALLI,2006021,ENDAPALLE,,
20_2,JAGTIAL,20,ENDAPALLI,2006018,GODISELAPET,,
20_2,JAGTIAL,20,ENDAPALLI,2006010,GULLAKOTA,,
20_2,JAGTIAL,20,ENDAPALLI,2006009,KONDAPUR,,
20_2,JAGTIAL,20,ENDAPALLI,2006020,KOTHAPET,,
20_2,JAGTIAL,20,ENDAPALLI,2006024,MAREDUPALLE,,
20_2,JAGTIAL,20,ENDAPALLI,2006016,MUNJAMPALLE,,
20_2,JAGTIAL,20,ENDAPALLI,2006019,PADKAL,,
20_2,JAGTIAL,20,ENDAPALLI,2006022,PATHAGUDUR,,
20_2,JAGTIAL,20,ENDAPALLI,2006017,SANABANDA,,
20_2,JAGTIAL,20,ENDAPALLI,2006023,SURARAM,,
20_2,JAGTIAL,20,ENDAPALLI,2006015,UNDEDA,,
20_2,JAGTIAL,04,GOLLAPALLE,2019009,ABBAPURAM,,
20_2,JAGTIAL,04,GOLLAPALLE,2019018,AGGIMALLA,,
20_2,JAGTIAL,04,GOLLAPALLE,2019022,ATHMAKUR,,
20_2,JAGTIAL,04,GOLLAPALLE,2019016,BHATTUBUTAMRAJAPALLE,,
20_2,JAGTIAL,04,GOLLAPALLE,2019020,BHEEMRAJ PALLE,,
20_2,JAGTIAL,04,GOLLAPALLE,2019006,BONKUR,,
20_2,JAGTIAL,04,GOLLAPALLE,2019021,CHENDOLI,,
20_2,JAGTIAL,04,GOLLAPALLE,2019010,CHILVAKODUR,,
20_2,JAGTIAL,04,GOLLAPALLE,2019008,DATNUR,,
20_2,JAGTIAL,04,GOLLAPALLE,2019011,GOLLAPALLE,,
20_2,JAGTIAL,04,GOLLAPALLE,2019019,GUNJAPADUGU,,
20_2,JAGTIAL,04,GOLLAPALLE,2019015,IBRAHIM NAGAR,,
20_2,JAGTIAL,04,GOLLAPALLE,2019003,ISRAJPALLE,,
20_2,JAGTIAL,04,GOLLAPALLE,2029003,LAXMIPUR,,
20_2,JAGTIAL,04,GOLLAPALLE,2019007,LOTHUNUR,,
20_2,JAGTIAL,04,GOLLAPALLE,2019017,RAGHAVA PATNAM,,
20_2,JAGTIAL,04,GOLLAPALLE,2019012,RAPALLE,,
20_2,JAGTIAL,04,GOLLAPALLE,2019014,THIRMALAPURAM,,
20_2,JAGTIAL,04,GOLLAPALLE,2029002,THIRMALAPURAM,,
20_2,JAGTIAL,04,GOLLAPALLE,2019013,VENGALAPURAM,,
20_2,JAGTIAL,04,GOLLAPALLE,2019005,VENGUMATLA,,
20_2,JAGTIAL,05,IBRAHIMPATNAM,2001014,AMMAKKAPET,,
20_2,JAGTIAL,05,IBRAHIMPATNAM,2001003,BARTHIPUR,,
20_2,JAGTIAL,05,IBRAHIMPATNAM,2001013,DABBA,,
20_2,JAGTIAL,05,IBRAHIMPATNAM,2001002,ERDANDI,,
20_2,JAGTIAL,05,IBRAHIMPATNAM,2001015,ERRAPUR,,
20_2,JAGTIAL,05,IBRAHIMPATNAM,2001008,FAKIR KONDAPUR,,
20_2,JAGTIAL,05,IBRAHIMPATNAM,2001010,GODUR,,
20_2,JAGTIAL,05,IBRAHIMPATNAM,2001011,IBRAHIMPATNAM,,
20_2,JAGTIAL,05,IBRAHIMPATNAM,2001006,KAMALA NAGAR,,
20_2,JAGTIAL,05,IBRAHIMPATNAM,2001019,KESHAPUR,,
20_2,JAGTIAL,05,IBRAHIMPATNAM,2001001,KOMATIKONDAPUR,,
20_2,JAGTIAL,05,IBRAHIMPATNAM,2001004,MULARAMPUR,,
20_2,JAGTIAL,05,IBRAHIMPATNAM,2001009,TIMMAPUR,,
20_2,JAGTIAL,05,IBRAHIMPATNAM,2001012,VARSHAKONDA,,
20_2,JAGTIAL,05,IBRAHIMPATNAM,2001005,VEMULAKURTHI,,
20_2,JAGTIAL,05,IBRAHIMPATNAM,2001007,YAMAPUR,,
20_2,JAGTIAL,06,JAGTIAL,2020019,DHARUR,,
20_2,JAGTIAL,06,JAGTIAL,2020013,JAGTIAL(RURAL),,
20_2,JAGTIAL,06,JAGTIAL,2020025,JAGTIAL(URBAN),,
20_2,JAGTIAL,06,JAGTIAL,2020022,MOTHE,,
20_2,JAGTIAL,06,JAGTIAL,2020003,THIPPANNAPETA,,
20_2,JAGTIAL,07,JAGTIAL RURAL,2020010,ANANTHARAM,,
20_2,JAGTIAL,07,JAGTIAL RURAL,2020018,ANTHARGOAM,,
20_2,JAGTIAL,07,JAGTIAL RURAL,2020015,CHELGAL,,
20_2,JAGTIAL,07,JAGTIAL RURAL,2020024,DHARMARAM,,
20_2,JAGTIAL,07,JAGTIAL RURAL,2020005,GULLAPETA,,
20_2,JAGTIAL,07,JAGTIAL RURAL,2020007,HABSIPUR,,
20_2,JAGTIAL,07,JAGTIAL RURAL,2020023,JABITHAPUR,,
20_2,JAGTIAL,07,JAGTIAL RURAL,2020009,KALLEDA,,
20_2,JAGTIAL,07,JAGTIAL RURAL,2020014,KANDLAPALLE,,
20_2,JAGTIAL,07,JAGTIAL RURAL,2020001,KANNAPUR,,
20_2,JAGTIAL,07,JAGTIAL RURAL,2020011,LAKSHMIPUR,,
20_2,JAGTIAL,07,JAGTIAL RURAL,2020016,MORAPALLE,,
20_2,JAGTIAL,07,JAGTIAL RURAL,2020020,NARSINGAPUR,,
20_2,JAGTIAL,07,JAGTIAL RURAL,2020004,POLASA,,
20_2,JAGTIAL,07,JAGTIAL RURAL,2020002,PORANDLA,,
20_2,JAGTIAL,07,JAGTIAL RURAL,2020008,SOMANPALLE,,
20_2,JAGTIAL,07,JAGTIAL RURAL,2020017,TATIPALLE,,
20_2,JAGTIAL,07,JAGTIAL RURAL,2020006,THAKKALLAPALLE,,
20_2,JAGTIAL,07,JAGTIAL RURAL,2020012,THIMMAPUR,,
20_2,JAGTIAL,07,JAGTIAL RURAL,2020021,VELDURTHY,,
20_2,JAGTIAL,08,KODIMIAL,2026011,CHEPPIAL,,
20_2,JAGTIAL,08,KODIMIAL,2026009,GOURAPUR,,
20_2,JAGTIAL,08,KODIMIAL,2026012,KODIMIAL,,
20_2,JAGTIAL,08,KODIMIAL,2026003,KONAPUR,,
20_2,JAGTIAL,08,KODIMIAL,2026013,KONDAPUR,,
20_2,JAGTIAL,08,KODIMIAL,2026007,NACHUPALLE,,
20_2,JAGTIAL,08,KODIMIAL,2026014,NALLAGONDA,,
20_2,JAGTIAL,08,KODIMIAL,2026010,NAMILIKONDA,,
20_2,JAGTIAL,08,KODIMIAL,2026002,POTHARAM,,
20_2,JAGTIAL,08,KODIMIAL,2026008,PUDUR,,
20_2,JAGTIAL,08,KODIMIAL,2026006,RAMSAGAR,,
20_2,JAGTIAL,08,KODIMIAL,2026001,SANIVARAMPETA,,
20_2,JAGTIAL,08,KODIMIAL,2026004,SURAMPETA,,
20_2,JAGTIAL,08,KODIMIAL,2026015,THIPPAIPALLE,,
20_2,JAGTIAL,08,KODIMIAL,2026005,THIRAMALAPUR,,
20_2,JAGTIAL,09,KORATLA,2022002,AILAPUR,,
20_2,JAGTIAL,09,KORATLA,2022006,CHINNAMETPALLE,,
20_2,JAGTIAL,09,KORATLA,2002021,DHARMARAM,,
20_2,JAGTIAL,09,KORATLA,2022013,GUMLAPUR,,
20_2,JAGTIAL,09,KORATLA,2022005,JOGANPALLE,,
20_2,JAGTIAL,09,KORATLA,2022003,KALLUR,,
20_2,JAGTIAL,09,KORATLA,2022008,KORATLA (URBAN),,
20_2,JAGTIAL,09,KORATLA,2022007,MADHAPUR,,
20_2,JAGTIAL,09,KORATLA,2022015,MOHANRAO PETA,,
20_2,JAGTIAL,09,KORATLA,2022011,NAGULPETA,,
20_2,JAGTIAL,09,KORATLA,2022004,PAIDIMADUGU,,
20_2,JAGTIAL,09,KORATLA,2022012,SANGEM,,
20_2,JAGTIAL,09,KORATLA,2022014,VENKATAPUR,,
20_2,JAGTIAL,09,KORATLA,2022010,YAKEENPUR,,
20_2,JAGTIAL,09,KORATLA,2022001,YOUSUFNAGAR,,
20_2,JAGTIAL,10,KOTHLAPUR,2024018,AMBARIPET,,
20_2,JAGTIAL,10,KOTHLAPUR,2024003,BHUSHANRAO PETA,,
20_2,JAGTIAL,10,KOTHLAPUR,2024008,BOMMENA,,
20_2,JAGTIAL,10,KOTHLAPUR,2024011,CHINTHAKUNTA,,
20_2,JAGTIAL,10,KOTHLAPUR,2024009,DULUR,,
20_2,JAGTIAL,10,KOTHLAPUR,2024010,DUMPETA,,
20_2,JAGTIAL,10,KOTHLAPUR,2024013,GAMBHIRPUR,,
20_2,JAGTIAL,10,KOTHLAPUR,2024015,IPPAPALLE,,
20_2,JAGTIAL,10,KOTHLAPUR,2024017,KALIKOTA,,
20_2,JAGTIAL,10,KOTHLAPUR,2024004,KATHLAPUR,,
20_2,JAGTIAL,10,KOTHLAPUR,2024005,NAGAMALLAPPA KUNTA,,
20_2,JAGTIAL,10,KOTHLAPUR,2024002,OOTPALLE,,
20_2,JAGTIAL,10,KOTHLAPUR,2024001,PEGGERLA,,
20_2,JAGTIAL,10,KOTHLAPUR,2024012,POSANIPETA,,
20_2,JAGTIAL,10,KOTHLAPUR,2024016,POTHARAM,,
20_2,JAGTIAL,10,KOTHLAPUR,2024006,SIRKONDA,,
20_2,JAGTIAL,10,KOTHLAPUR,2024007,THAKKALLAPALLE,,
20_2,JAGTIAL,10,KOTHLAPUR,2024014,THANDRIYAL,,
20_2,JAGTIAL,10,KOTHLAPUR,2024019,THURTHI,,
20_2,JAGTIAL,11,MALLAPUR,2002013,ADAVIMADHAPUR,,
20_2,JAGTIAL,11,MALLAPUR,2002020,CHITTAPUR,,
20_2,JAGTIAL,11,MALLAPUR,2002004,DAMARAJAPALLE,,
20_2,JAGTIAL,11,MALLAPUR,2002007,GORREPALLE,,
20_2,JAGTIAL,11,MALLAPUR,2002015,GUNDAMPALLE,,
20_2,JAGTIAL,11,MALLAPUR,2002012,INDIRA NAGAR,,
20_2,JAGTIAL,11,MALLAPUR,2002017,LAXMIPUR,,
20_2,JAGTIAL,11,MALLAPUR,2002008,MALLAPUR,,
20_2,JAGTIAL,11,MALLAPUR,2002009,MOGALPET,,
20_2,JAGTIAL,11,MALLAPUR,2002019,MUTHAMPET,,
20_2,JAGTIAL,11,MALLAPUR,2002010,NADUKUDA,,
20_2,JAGTIAL,11,MALLAPUR,2002001,OBBLAPUR,,
20_2,JAGTIAL,11,MALLAPUR,2002018,RAGHAVAPETA,,
20_2,JAGTIAL,11,MALLAPUR,2002016,RAMDASPETA,,
20_2,JAGTIAL,11,MALLAPUR,2002023,RATHNAPOOR,,
20_2,JAGTIAL,11,MALLAPUR,2002014,REGUNTA,,
20_2,JAGTIAL,11,MALLAPUR,2002002,SANGEM,,
20_2,JAGTIAL,11,MALLAPUR,2002022,SATARAM,,
20_2,JAGTIAL,11,MALLAPUR,2002011,SIRPUR,,
20_2,JAGTIAL,11,MALLAPUR,2002003,SRI RAMPUR,,
20_2,JAGTIAL,11,MALLAPUR,2002005,VALGONDA,,
20_2,JAGTIAL,11,MALLAPUR,2002006,VEMPALLI VENKATA RAOPET,,
20_2,JAGTIAL,12,MALLIAL,2028015,BALWANTHAPUR,,
20_2,JAGTIAL,12,MALLIAL,2028003,GORREGUNDAM,,
20_2,JAGTIAL,12,MALLIAL,2028004,MADDUTLA,,
20_2,JAGTIAL,12,MALLIAL,2028008,MALLIAL,,
20_2,JAGTIAL,12,MALLIAL,2028009,MANALA,,
20_2,JAGTIAL,12,MALLIAL,2028014,MUTHYAMPETA,,
20_2,JAGTIAL,12,MALLIAL,2028010,MYADAMPALLE,,
20_2,JAGTIAL,12,MALLIAL,2028007,NOOKAPALLE,,
20_2,JAGTIAL,12,MALLIAL,2028002,OBULAPUR,,
20_2,JAGTIAL,12,MALLIAL,2028005,POTHARAM,,
20_2,JAGTIAL,12,MALLIAL,2028006,RAJARAM,,
20_2,JAGTIAL,12,MALLIAL,2028001,RAMPUR,,
20_2,JAGTIAL,12,MALLIAL,2028013,SARVAPUR,,
20_2,JAGTIAL,12,MALLIAL,2028011,THAKKALLAPALLE,,
20_2,JAGTIAL,12,MALLIAL,2028012,THATIPALLE,,
20_2,JAGTIAL,13,MEDIPALLE,2021008,DAMMANNAPETA,,
20_2,JAGTIAL,13,MEDIPALLE,2021011,KACHARAM,,
20_2,JAGTIAL,13,MEDIPALLE,2021009,KALVAKOTA,,
20_2,JAGTIAL,13,MEDIPALLE,2021002,KATLAKUNTA,,
20_2,JAGTIAL,13,MEDIPALLE,2021005,KONDAPUR,,
20_2,JAGTIAL,13,MEDIPALLE,2021007,MACHAPUR,,
20_2,JAGTIAL,13,MEDIPALLE,2021004,MEDIPALLE,,
20_2,JAGTIAL,13,MEDIPALLE,2021001,PORMALLA,,
20_2,JAGTIAL,13,MEDIPALLE,2021003,THOMBARAO PETA,,
20_2,JAGTIAL,13,MEDIPALLE,2021006,VALLAMPALLE,,
20_2,JAGTIAL,14,METPALLE,2023014,ATHMAKUR,,
20_2,JAGTIAL,14,METPALLE,2001018,BANDALINGAPUR,,
20_2,JAGTIAL,14,METPALLE,2023006,CHOULAMADDI,,
20_2,JAGTIAL,14,METPALLE,2023011,JAGGASAGAR,,
20_2,JAGTIAL,14,METPALLE,2023015,KONDRIKARLA,,
20_2,JAGTIAL,14,METPALLE,2001017,MAIDPALLE (W),,
20_2,JAGTIAL,14,METPALLE,2023007,MASAIPETA,,
20_2,JAGTIAL,14,METPALLE,2023010,METLACHITTAPUR,,
20_2,JAGTIAL,14,METPALLE,2023003,METPALLE (URBAN),,
20_2,JAGTIAL,14,METPALLE,2022009,PEDDAPUR,,
20_2,JAGTIAL,14,METPALLE,2001016,RAJESWARA RAO PET,,
20_2,JAGTIAL,14,METPALLE,2023008,RAMCHANDRAMPETA,,
20_2,JAGTIAL,14,METPALLE,2023012,RAMLACHAKKAPETA,,
20_2,JAGTIAL,14,METPALLE,2023013,RANGARAO PETA,,
20_2,JAGTIAL,14,METPALLE,2023001,REGUNTA,,
20_2,JAGTIAL,14,METPALLE,2023005,VELLULLA,,
20_2,JAGTIAL,14,METPALLE,2023002,VEMPET,,
20_2,JAGTIAL,14,METPALLE,2023004,VENKATRAOPETA(R),,
20_2,JAGTIAL,14,METPALLE,2023009,VITTAMPETA,,
20_2,JAGTIAL,15,PEGADAPALLE,2029011,AITHUPALLE,,
20_2,JAGTIAL,15,PEGADAPALLE,2029010,ARAVELLI,,
20_2,JAGTIAL,15,PEGADAPALLE,2029009,BATHKEPALLE,,
20_2,JAGTIAL,15,PEGADAPALLE,2029004,DEVIKONDA,,
20_2,JAGTIAL,15,PEGADAPALLE,2029014,KEESULATAPALLE,,
20_2,JAGTIAL,15,PEGADAPALLE,2029005,LEGALAMARRI,,
20_2,JAGTIAL,15,PEGADAPALLE,2029001,LINGAPUR,,
20_2,JAGTIAL,15,PEGADAPALLE,2029015,NAMAPUR,,
20_2,JAGTIAL,15,PEGADAPALLE,2029007,NANCHERLA,,
20_2,JAGTIAL,15,PEGADAPALLE,2029012,NANDAGIRI,,
20_2,JAGTIAL,15,PEGADAPALLE,2029016,NARSIMHUNIPETA,,
20_2,JAGTIAL,15,PEGADAPALLE,2029013,PEGADAPALLE,,
20_2,JAGTIAL,15,PEGADAPALLE,2029008,VENGALAIPET,,
20_2,JAGTIAL,15,PEGADAPALLE,2029006,YELLAPUR,,
20_2,JAGTIAL,16,RAIKAL,2003019,ALLIPUR,,
20_2,JAGTIAL,16,RAIKAL,2003016,ALUR,,
20_2,JAGTIAL,16,RAIKAL,2003013,BHOOPATHIPUR,,
20_2,JAGTIAL,16,RAIKAL,2003001,BORNAPALLE,,
20_2,JAGTIAL,16,RAIKAL,2003006,CHINTALUR,,
20_2,JAGTIAL,16,RAIKAL,2003002,DEVANPALLE,,
20_2,JAGTIAL,16,RAIKAL,2003015,DHARMAJIPET,,
20_2,JAGTIAL,16,RAIKAL,2003008,ITKYAL,,
20_2,JAGTIAL,16,RAIKAL,2003003,KATKAPUR,,
20_2,JAGTIAL,16,RAIKAL,2003020,KISTAMPET,,
20_2,JAGTIAL,16,RAIKAL,2003011,KUMMARIPALLE,,
20_2,JAGTIAL,16,RAIKAL,2003010,MAHITAPUR,,
20_2,JAGTIAL,16,RAIKAL,2003007,MOOTAPALLE,,
20_2,JAGTIAL,16,RAIKAL,2003014,ODDELINGAPUR,,
20_2,JAGTIAL,16,RAIKAL,2003009,RAIKAL,,
20_2,JAGTIAL,16,RAIKAL,2003012,RAMAJIPET,,
20_2,JAGTIAL,16,RAIKAL,2003004,TATLAVAI,,
20_2,JAGTIAL,16,RAIKAL,2003018,UPPUMADIGE,,
20_2,JAGTIAL,16,RAIKAL,2003005,VASTHAPUR,,
20_2,JAGTIAL,16,RAIKAL,2003017,VEERAPUR,,
20_2,JAGTIAL,17,SARANGAPUR,2004017,ARPAPALLE,,
20_2,JAGTIAL,17,SARANGAPUR,2004013,BATTAPALLE,,
20_2,JAGTIAL,17,SARANGAPUR,2004010,GANESHPALLE,,
20_2,JAGTIAL,17,SARANGAPUR,2004023,KONAPUR,,
20_2,JAGTIAL,17,SARANGAPUR,2004022,LATCHAKKAPET,,
20_2,JAGTIAL,17,SARANGAPUR,2004018,LAXMIDEVIPALLE,,
20_2,JAGTIAL,17,SARANGAPUR,2004021,NAGUNUR,,
20_2,JAGTIAL,17,SARANGAPUR,2004019,PEMBETLA,,
20_2,JAGTIAL,17,SARANGAPUR,2004014,POTHARAM,,
20_2,JAGTIAL,17,SARANGAPUR,2004020,RANGAPET,,
20_2,JAGTIAL,17,SARANGAPUR,2004015,RECHAPALLE,,
20_2,JAGTIAL,17,SARANGAPUR,2004016,SARANGAPUR,,
20_2,JAGTIAL,18,VELGATOOR,2005021,BEERSANI,,
20_2,JAGTIAL,18,VELGATOOR,2006014,CHEGGAON,,
20_2,JAGTIAL,18,VELGATOOR,2006001,JAGDEVPETA,,
20_2,JAGTIAL,18,VELGATOOR,2006003,KAPPARAOPETA,,
20_2,JAGTIAL,18,VELGATOOR,2006007,KISHANRAOPETA,,
20_2,JAGTIAL,18,VELGATOOR,2006004,MUKKTRAOPET,,
20_2,JAGTIAL,18,VELGATOOR,2006005,MUTHUNUR,,
20_2,JAGTIAL,18,VELGATOOR,2006013,PAIDIPALLE,,
20_2,JAGTIAL,18,VELGATOOR,2006006,RAMNOOR,,
20_2,JAGTIAL,18,VELGATOOR,2006008,SAKAPURAM,,
20_2,JAGTIAL,18,VELGATOOR,2006012,SANKENAPALLE,,
20_2,JAGTIAL,18,VELGATOOR,2005020,STAMBAMPALLE,,
20_2,JAGTIAL,18,VELGATOOR,2006002,VELGATOOR,,
20_3,RAJANNA SIRCILLA,01,BOINPALLE,2038002,ANANTHAPALLE (P.R),,
20_3,RAJANNA SIRCILLA,01,BOINPALLE,2038008,BOINPALLE,,
20_3,RAJANNA SIRCILLA,01,BOINPALLE,2038006,BURGUPALLE,,
20_3,RAJANNA SIRCILLA,01,BOINPALLE,2038003,DUNDRAPALLE,,
20_3,RAJANNA SIRCILLA,01,BOINPALLE,2038012,KODURUPAKA,,
20_3,RAJANNA SIRCILLA,01,BOINPALLE,2038004,KOREM,,
20_3,RAJANNA SIRCILLA,01,BOINPALLE,2038014,KOTHAPETA,,
20_3,RAJANNA SIRCILLA,01,BOINPALLE,2038001,MALKAPUR,,
20_3,RAJANNA SIRCILLA,01,BOINPALLE,2038016,MALLAPUR,,
20_3,RAJANNA SIRCILLA,01,BOINPALLE,2038015,MANWADA,,
20_3,RAJANNA SIRCILLA,01,BOINPALLE,2038013,NARSINGAPUR,,
20_3,RAJANNA SIRCILLA,01,BOINPALLE,2038011,SHABASHPALLE,,
20_3,RAJANNA SIRCILLA,01,BOINPALLE,2038007,STHAMBHAMPALLE,,
20_3,RAJANNA SIRCILLA,01,BOINPALLE,2038005,THADAGONDA,,
20_3,RAJANNA SIRCILLA,01,BOINPALLE,2038010,VARDAVELLI,,
20_3,RAJANNA SIRCILLA,01,BOINPALLE,2038009,VILASAGAR,,
20_3,RAJANNA SIRCILLA,02,CHANDURTHI,2025005,ANANTHAPALLE(PK),,
20_3,RAJANNA SIRCILLA,02,CHANDURTHI,2025011,BANDAPALLE,,
20_3,RAJANNA SIRCILLA,02,CHANDURTHI,2025003,CHANDURTHI,,
20_3,RAJANNA SIRCILLA,02,CHANDURTHI,2025008,JOGAPURAM,,
20_3,RAJANNA SIRCILLA,02,CHANDURTHI,2025009,LINGAMPETA,,
20_3,RAJANNA SIRCILLA,02,CHANDURTHI,2025002,MALLIAL,,
20_3,RAJANNA SIRCILLA,02,CHANDURTHI,2025007,MARRIGADDA,,
20_3,RAJANNA SIRCILLA,02,CHANDURTHI,2025006,MOODEPALLE,,
20_3,RAJANNA SIRCILLA,02,CHANDURTHI,2025010,SANGULA,,
20_3,RAJANNA SIRCILLA,02,CHANDURTHI,2025004,THIMMAPURAM(PN),,
20_3,RAJANNA SIRCILLA,02,CHANDURTHI,2025012,YANGAL,,
20_3,RAJANNA SIRCILLA,03,GAMBHIRAOPET,2042004,DAMMANNAPETA,,
20_3,RAJANNA SIRCILLA,03,GAMBHIRAOPET,2042013,DESAIPETA,,
20_3,RAJANNA SIRCILLA,03,GAMBHIRAOPET,2042001,GAJASINGARAM,,
20_3,RAJANNA SIRCILLA,03,GAMBHIRAOPET,2042010,GAMBHIRAOPET,,
20_3,RAJANNA SIRCILLA,03,GAMBHIRAOPET,2042002,GORANTIAL,,
20_3,RAJANNA SIRCILLA,03,GAMBHIRAOPET,2042005,KHURDU LINGAMPALLY,,
20_3,RAJANNA SIRCILLA,03,GAMBHIRAOPET,2042014,KOLLAMADDI,,
20_3,RAJANNA SIRCILLA,03,GAMBHIRAOPET,2042016,KOTHAPALLE,,
20_3,RAJANNA SIRCILLA,03,GAMBHIRAOPET,2042006,LAXMIPURAM,,
20_3,RAJANNA SIRCILLA,03,GAMBHIRAOPET,2042017,LINGANNAPETA,,
20_3,RAJANNA SIRCILLA,03,GAMBHIRAOPET,2042008,MALLAREDDIPETA,,
20_3,RAJANNA SIRCILLA,03,GAMBHIRAOPET,2042018,MUCHERLA,,
20_3,RAJANNA SIRCILLA,03,GAMBHIRAOPET,2042011,MUSTAFANAGAR,,
20_3,RAJANNA SIRCILLA,03,GAMBHIRAOPET,2042012,NARMALA,,
20_3,RAJANNA SIRCILLA,03,GAMBHIRAOPET,2042007,RAMANUJAPURAM,,
20_3,RAJANNA SIRCILLA,03,GAMBHIRAOPET,2042003,SAMUDRALINGAPURAM,,
20_3,RAJANNA SIRCILLA,03,GAMBHIRAOPET,2042015,SRIGADHA,,
20_3,RAJANNA SIRCILLA,03,GAMBHIRAOPET,2042009,SRINIVASAPURAM,,
20_3,RAJANNA SIRCILLA,04,ILLANTHAKUNTA,2045019,ANANTHAGIRI,,
20_3,RAJANNA SIRCILLA,04,ILLANTHAKUNTA,2045014,ANANTHARAM,,
20_3,RAJANNA SIRCILLA,04,ILLANTHAKUNTA,2045017,DACHARAM,,
20_3,RAJANNA SIRCILLA,04,ILLANTHAKUNTA,2045012,ELLANTHAKUNTA,,
20_3,RAJANNA SIRCILLA,04,ILLANTHAKUNTA,2045004,GALIPALLE,,
20_3,RAJANNA SIRCILLA,04,ILLANTHAKUNTA,2045013,JANGAMREDDIPALLE,,
20_3,RAJANNA SIRCILLA,04,ILLANTHAKUNTA,2045003,JAWAHARPET,,
20_3,RAJANNA SIRCILLA,04,ILLANTHAKUNTA,2045001,KANDIKATKOOR,,
20_3,RAJANNA SIRCILLA,04,ILLANTHAKUNTA,2045011,MUSKANIPET,,
20_3,RAJANNA SIRCILLA,04,ILLANTHAKUNTA,2045007,OBULAPURAM(P.A),,
20_3,RAJANNA SIRCILLA,04,ILLANTHAKUNTA,2045016,PEDDALINGAPURAM,,
20_3,RAJANNA SIRCILLA,04,ILLANTHAKUNTA,2045002,POTTUR,,
20_3,RAJANNA SIRCILLA,04,ILLANTHAKUNTA,2045009,RAHIMKHANPET,,
20_3,RAJANNA SIRCILLA,04,ILLANTHAKUNTA,2045015,RAMAJIPETA,,
20_3,RAJANNA SIRCILLA,04,ILLANTHAKUNTA,2045021,REPAKA,,
20_3,RAJANNA SIRCILLA,04,ILLANTHAKUNTA,2045018,SIRIKONDA,,
20_3,RAJANNA SIRCILLA,04,ILLANTHAKUNTA,2045010,THALLAPALLE,,
20_3,RAJANNA SIRCILLA,04,ILLANTHAKUNTA,2045020,THIPPAPURAM(P.A),,
20_3,RAJANNA SIRCILLA,04,ILLANTHAKUNTA,2045006,VALLAMPATLA,,
20_3,RAJANNA SIRCILLA,04,ILLANTHAKUNTA,2045005,VANTHADUPULA,,
20_3,RAJANNA SIRCILLA,04,ILLANTHAKUNTA,2045008,VELJIPURAM,,
20_3,RAJANNA SIRCILLA,05,KONARAOPETA,2040006,BAUSAIPETA,,
20_3,RAJANNA SIRCILLA,05,KONARAOPETA,2040018,DHARMARAM,,
20_3,RAJANNA SIRCILLA,05,KONARAOPETA,2040012,KANAGARTHI,,
20_3,RAJANNA SIRCILLA,05,KONARAOPETA,2040020,KOLANUR,,
20_3,RAJANNA SIRCILLA,05,KONARAOPETA,2040009,KONARAOPETA,,
20_3,RAJANNA SIRCILLA,05,KONARAOPETA,2040005,KONDAPURAM,,
20_3,RAJANNA SIRCILLA,05,KONARAOPETA,2040004,LACHCHAPETA,,
20_3,RAJANNA SIRCILLA,05,KONARAOPETA,2040017,MALKAPETA,,
20_3,RAJANNA SIRCILLA,05,KONARAOPETA,2040007,MAMIDIPALLE,,
20_3,RAJANNA SIRCILLA,05,KONARAOPETA,2040001,MARRIMADLA,,
20_3,RAJANNA SIRCILLA,05,KONARAOPETA,2040019,MARTHANPETA,,
20_3,RAJANNA SIRCILLA,05,KONARAOPETA,2040016,NAGARAM,,
20_3,RAJANNA SIRCILLA,05,KONARAOPETA,2040003,NIMMAPALLE,,
20_3,RAJANNA SIRCILLA,05,KONARAOPETA,2040011,NIZAMABAD,,
20_3,RAJANNA SIRCILLA,05,KONARAOPETA,2040013,PALLE(MAKTA),,
20_3,RAJANNA SIRCILLA,05,KONARAOPETA,2040015,RAMANNAPETA,,
20_3,RAJANNA SIRCILLA,05,KONARAOPETA,2040010,SIVANGALAPALLE,,
20_3,RAJANNA SIRCILLA,05,KONARAOPETA,2040014,SUDDALA,,
20_3,RAJANNA SIRCILLA,05,KONARAOPETA,2040002,VATTIMALLA,,
20_3,RAJANNA SIRCILLA,05,KONARAOPETA,2040008,VENKATRAOPETA,,
20_3,RAJANNA SIRCILLA,06,MUSTABAD,2043002,AUNOOR,,
20_3,RAJANNA SIRCILLA,06,MUSTABAD,2043015,BANDANKAL,,
20_3,RAJANNA SIRCILLA,06,MUSTABAD,2043012,CHEEKOD,,
20_3,RAJANNA SIRCILLA,06,MUSTABAD,2043011,CHIPPALAPALLE,,
20_3,RAJANNA SIRCILLA,06,MUSTABAD,2043004,GUDEM,,
20_3,RAJANNA SIRCILLA,06,MUSTABAD,2043006,GUDUR,,
20_3,RAJANNA SIRCILLA,06,MUSTABAD,2043001,KONDAPUR,,
20_3,RAJANNA SIRCILLA,06,MUSTABAD,2043013,MADDIKUNTA,,
20_3,RAJANNA SIRCILLA,06,MUSTABAD,2043014,MOINKUNTA,,
20_3,RAJANNA SIRCILLA,06,MUSTABAD,2043010,MORAIPALLE,,
20_3,RAJANNA SIRCILLA,06,MUSTABAD,2043016,MORRAPUR,,
20_3,RAJANNA SIRCILLA,06,MUSTABAD,2043009,MUSTABAD,,
20_3,RAJANNA SIRCILLA,06,MUSTABAD,2043005,NAMAPUR,,
20_3,RAJANNA SIRCILLA,06,MUSTABAD,2043007,POTHUGAL,,
20_3,RAJANNA SIRCILLA,06,MUSTABAD,2043008,TERLUMADDI,,
20_3,RAJANNA SIRCILLA,06,MUSTABAD,2043003,TURKAPALLE,,
20_3,RAJANNA SIRCILLA,07,RUDRANGI,1807014,MANAL,,
20_3,RAJANNA SIRCILLA,07,RUDRANGI,2025001,RUDRANGI,,
20_3,RAJANNA SIRCILLA,08,SIRSILLA,2044003,BONALA,,
20_3,RAJANNA SIRCILLA,08,SIRSILLA,2044004,MUSHTIPALLE,,
20_3,RAJANNA SIRCILLA,08,SIRSILLA,2044002,PEDDUR,,
20_3,RAJANNA SIRCILLA,08,SIRSILLA,2044001,SARDAPUR,,
20_3,RAJANNA SIRCILLA,08,SIRSILLA,2044005,SIRSILLA (R),,
20_3,RAJANNA SIRCILLA,09,THANGALLAPALLI,2044016,BADNEPALLE,,
20_3,RAJANNA SIRCILLA,09,THANGALLAPALLI,2044017,BASWAPURAM,,
20_3,RAJANNA SIRCILLA,09,THANGALLAPALLI,2044007,CHEERLAVANCHA,,
20_3,RAJANNA SIRCILLA,09,THANGALLAPALLI,2044006,CHINTALTHANA,,
20_3,RAJANNA SIRCILLA,09,THANGALLAPALLI,2044013,GANDILACHAPET,,
20_3,RAJANNA SIRCILLA,09,THANGALLAPALLI,2044020,JILLELLA,,
20_3,RAJANNA SIRCILLA,09,THANGALLAPALLI,2044011,KASBEKATKUR,,
20_3,RAJANNA SIRCILLA,09,THANGALLAPALLI,2044010,MANDEPALLE,,
20_3,RAJANNA SIRCILLA,09,THANGALLAPALLI,2044018,NARSIMHULAPALLE,,
20_3,RAJANNA SIRCILLA,09,THANGALLAPALLI,2044019,NERELLA,,
20_3,RAJANNA SIRCILLA,09,THANGALLAPALLI,2044014,OBLAPUR(PK),,
20_3,RAJANNA SIRCILLA,09,THANGALLAPALLI,2044021,RAMCHANDRAPUR,,
20_3,RAJANNA SIRCILLA,09,THANGALLAPALLI,2044015,SARAMPALLE,,
20_3,RAJANNA SIRCILLA,09,THANGALLAPALLI,2044008,THADUR,,
20_3,RAJANNA SIRCILLA,09,THANGALLAPALLI,2044009,THANGALLAPALLE,,
20_3,RAJANNA SIRCILLA,09,THANGALLAPALLI,2044012,VENUGOPALPUR,,
20_3,RAJANNA SIRCILLA,10,VEERNAPALLI,2041003,ADIVIPADIRA,,
20_3,RAJANNA SIRCILLA,10,VEERNAPALLI,2041002,GARJANPALLE,,
20_3,RAJANNA SIRCILLA,10,VEERNAPALLI,2041004,KANCHERLA,,
20_3,RAJANNA SIRCILLA,10,VEERNAPALLI,2041006,MADDIMALLA,,
20_3,RAJANNA SIRCILLA,10,VEERNAPALLI,2041001,VANAPALLE,,
20_3,RAJANNA SIRCILLA,10,VEERNAPALLI,2041005,VEERNAPALLE,,
20_3,RAJANNA SIRCILLA,11,VEMULAWADA,2039019,CHANDRAGIRI,,
20_3,RAJANNA SIRCILLA,11,VEMULAWADA,2039018,MARUPAKA,,
20_3,RAJANNA SIRCILLA,11,VEMULAWADA,2039016,NAMPALLE,,
20_3,RAJANNA SIRCILLA,11,VEMULAWADA,2039015,SANKEPALLE,,
20_3,RAJANNA SIRCILLA,11,VEMULAWADA,2039005,SATRAJUPALLE,,
20_3,RAJANNA SIRCILLA,11,VEMULAWADA,2039020,THETTAKUNTA,,
20_3,RAJANNA SIRCILLA,11,VEMULAWADA,2039017,THIPPAPURAM,,
20_3,RAJANNA SIRCILLA,11,VEMULAWADA,2039014,VEMULAWADA (R),,
20_3,RAJANNA SIRCILLA,12,VEMULAWADA RURAL,2039022,ANUPURAM,,
20_3,RAJANNA SIRCILLA,12,VEMULAWADA RURAL,2039010,BOLLARAM,,
20_3,RAJANNA SIRCILLA,12,VEMULAWADA RURAL,2039007,CHEKKAPALLE,,
20_3,RAJANNA SIRCILLA,12,VEMULAWADA RURAL,2039006,EDURUGATLA,,
20_3,RAJANNA SIRCILLA,12,VEMULAWADA RURAL,2039004,FAZIL NAGAR,,
20_3,RAJANNA SIRCILLA,12,VEMULAWADA RURAL,2039009,HANUMAJIPET,,
20_3,RAJANNA SIRCILLA,12,VEMULAWADA RURAL,2039013,JAYAVARAM,,
20_3,RAJANNA SIRCILLA,12,VEMULAWADA RURAL,2039021,KODUMUNJA,,
20_3,RAJANNA SIRCILLA,12,VEMULAWADA RURAL,2039012,LINGAMPALLE,,
20_3,RAJANNA SIRCILLA,12,VEMULAWADA RURAL,2039011,MALLARAM,,
20_3,RAJANNA SIRCILLA,12,VEMULAWADA RURAL,2039008,MARRIPALLE,,
20_3,RAJANNA SIRCILLA,12,VEMULAWADA RURAL,2039002,NOOKALAMARRI,,
20_3,RAJANNA SIRCILLA,12,VEMULAWADA RURAL,2039023,RUDRARAM,,
20_3,RAJANNA SIRCILLA,12,VEMULAWADA RURAL,2039003,VATTEMLA,,
20_3,RAJANNA SIRCILLA,12,VEMULAWADA RURAL,2039001,VENKATAMPALLE,,
20_3,RAJANNA SIRCILLA,13,YELLA REDDI PETA,2041012,AKKAPALLE,,
20_3,RAJANNA SIRCILLA,13,YELLA REDDI PETA,2041011,ALMASPUR,,
20_3,RAJANNA SIRCILLA,13,YELLA REDDI PETA,2041022,BANDALINGAMPALLE,,
20_3,RAJANNA SIRCILLA,13,YELLA REDDI PETA,2041018,BOPPAPURAM,,
20_3,RAJANNA SIRCILLA,13,YELLA REDDI PETA,2041017,DUMALA,,
20_3,RAJANNA SIRCILLA,13,YELLA REDDI PETA,2041009,GOLLAPALLE,,
20_3,RAJANNA SIRCILLA,13,YELLA REDDI PETA,2041007,GUNDARAM(PATTI RACHERLA,,
20_3,RAJANNA SIRCILLA,13,YELLA REDDI PETA,2041019,KORUTLAPETA,,
20_3,RAJANNA SIRCILLA,13,YELLA REDDI PETA,2041016,NARAYANAPURAM(PATTIRACH,,
20_3,RAJANNA SIRCILLA,13,YELLA REDDI PETA,2041015,PADIRA,,
20_3,RAJANNA SIRCILLA,13,YELLA REDDI PETA,2041013,POTHAREDDIPALLE,,
20_3,RAJANNA SIRCILLA,13,YELLA REDDI PETA,2041010,RAJANNAPETA,,
20_3,RAJANNA SIRCILLA,13,YELLA REDDI PETA,2041020,SARVAIPALLE,,
20_3,RAJANNA SIRCILLA,13,YELLA REDDI PETA,2041021,SINGARAM,,
20_3,RAJANNA SIRCILLA,13,YELLA REDDI PETA,2041008,TIMMAPURAM,,
20_3,RAJANNA SIRCILLA,13,YELLA REDDI PETA,2041014,VENKATAPURAM,,
20_3,RAJANNA SIRCILLA,13,YELLA REDDI PETA,2041023,YELLAREDDIPETA,,
20_4,PEDDAPALLI,01,ANTHERGAON,2007024,AKENA PALLI,,
20_4,PEDDAPALLI,01,ANTHERGAON,2007009,ANTHERGOAM,,
20_4,PEDDAPALLI,01,ANTHERGAON,2007023,BRAHMANAPALLI,,
20_4,PEDDAPALLI,01,ANTHERGAON,2007025,EKLASPUR,,
20_4,PEDDAPALLI,01,ANTHERGAON,2007008,GOILWADA,,
20_4,PEDDAPALLI,01,ANTHERGAON,2007021,KUNDANPALLE,,
20_4,PEDDAPALLI,01,ANTHERGAON,2007012,LINGAPUR,,
20_4,PEDDAPALLI,01,ANTHERGAON,2007003,MADDIRIYALA,,
20_4,PEDDAPALLI,01,ANTHERGAON,2007022,MOGALPAHAD  (N.E),,
20_4,PEDDAPALLI,01,ANTHERGAON,2007006,MURMOOR,,
20_4,PEDDAPALLI,01,ANTHERGAON,2007004,POTIYALA,,
20_4,PEDDAPALLI,01,ANTHERGAON,2007010,RAIDANDI,,
20_4,PEDDAPALLI,01,ANTHERGAON,2007005,SOMANAPALLE,,
20_4,PEDDAPALLI,01,ANTHERGAON,2007007,YELLAMAPALLE,,
20_4,PEDDAPALLI,02,DHARMARAM,2018001,BOMMAREDDIPALLE,,
20_4,PEDDAPALLI,02,DHARMARAM,2018008,BOTLAVANAPARTHY,,
20_4,PEDDAPALLI,02,DHARMARAM,2018014,CHAMANPALLE,,
20_4,PEDDAPALLI,02,DHARMARAM,2018012,DONGATHURTHY,,
20_4,PEDDAPALLI,02,DHARMARAM,2018017,KAMMARIKHANPETA,,
20_4,PEDDAPALLI,02,DHARMARAM,2018005,KATKANPALLE,,
20_4,PEDDAPALLI,02,DHARMARAM,2018009,KHANAMPALLE,,
20_4,PEDDAPALLI,02,DHARMARAM,2018013,KHILAVANAPARTHY,,
20_4,PEDDAPALLI,02,DHARMARAM,2018015,KOTHUR,,
20_4,PEDDAPALLI,02,DHARMARAM,2018004,MALLAPUR,,
20_4,PEDDAPALLI,02,DHARMARAM,2018006,MYADARAM,,
20_4,PEDDAPALLI,02,DHARMARAM,2018002,NARSINGAPUR,,
20_4,PEDDAPALLI,02,DHARMARAM,2018010,PAIDICHINTHALA PALLE,,
20_4,PEDDAPALLI,02,DHARMARAM,2018003,PATHIPAKA,,
20_4,PEDDAPALLI,02,DHARMARAM,2018011,RACHAPALLE,,
20_4,PEDDAPALLI,02,DHARMARAM,2018007,SAYAMPETA,,
20_4,PEDDAPALLI,03,ELIGAID,2017014,BURHANMIYAPET,,
20_4,PEDDAPALLI,03,ELIGAID,2017008,DHOLIKATTA,,
20_4,PEDDAPALLI,03,ELIGAID,2017010,ELGAID,,
20_4,PEDDAPALLI,03,ELIGAID,2017006,LOKAPETA,,
20_4,PEDDAPALLI,03,ELIGAID,2017007,MUPPIRITHOTA,,
20_4,PEDDAPALLI,03,ELIGAID,2017012,NARSAPUR,,
20_4,PEDDAPALLI,03,ELIGAID,2017011,RAIKALDEVAPALLE,,
20_4,PEDDAPALLI,03,ELIGAID,2017013,SIVAPALLE,,
20_4,PEDDAPALLI,03,ELIGAID,2017015,SULTANPUR,,
20_4,PEDDAPALLI,04,JULAPALLE,2018016,ABBAPURAM,,
20_4,PEDDAPALLI,04,JULAPALLE,2017002,JULAPALLE,,
20_4,PEDDAPALLI,04,JULAPALLE,2017004,KACHAPUR,,
20_4,PEDDAPALLI,04,JULAPALLE,2017003,KUMMARIKUNTA,,
20_4,PEDDAPALLI,04,JULAPALLE,2017001,PEDDAPUR,,
20_4,PEDDAPALLI,04,JULAPALLE,2017009,TELUKUNTA,,
20_4,PEDDAPALLI,04,JULAPALLE,2017005,WADKAPUR,,
20_4,PEDDAPALLI,05,KAMANPUR,2008014,GUNDARAM,,
20_4,PEDDAPALLI,05,KAMANPUR,2008005,JALLIPALLE,,
20_4,PEDDAPALLI,05,KAMANPUR,2008006,JULAPALLE,,
20_4,PEDDAPALLI,05,KAMANPUR,2008015,KAMANPUR,,
20_4,PEDDAPALLI,05,KAMANPUR,2008008,LINGALA,,
20_4,PEDDAPALLI,05,KAMANPUR,2008019,MULKALAPALLE,,
20_4,PEDDAPALLI,05,KAMANPUR,2008009,NAGARAM,,
20_4,PEDDAPALLI,05,KAMANPUR,2008007,PENCHIKALPET,,
20_4,PEDDAPALLI,05,KAMANPUR,2008013,PERAPALLE,,
20_4,PEDDAPALLI,05,KAMANPUR,2008016,RAJAPUR,,
20_4,PEDDAPALLI,05,KAMANPUR,2008012,ROMPIKUNTA,,
20_4,PEDDAPALLI,06,MANTHANI,2009022,ADAVISOMANPALLE,,
20_4,PEDDAPALLI,06,MANTHANI,2009006,ADRIAL,,
20_4,PEDDAPALLI,06,MANTHANI,2009009,AKKEPALLE,,
20_4,PEDDAPALLI,06,MANTHANI,2009016,AMMAGARIPALLE,,
20_4,PEDDAPALLI,06,MANTHANI,2009012,ANGULUR,,
20_4,PEDDAPALLI,06,MANTHANI,2009017,ARENDA,,
20_4,PEDDAPALLI,06,MANTHANI,2009023,BHATPALLE,,
20_4,PEDDAPALLI,06,MANTHANI,2009025,BITPALLE(K),,
20_4,PEDDAPALLI,06,MANTHANI,2009035,CHINNAODELA,,
20_4,PEDDAPALLI,06,MANTHANI,2009024,EKLASPUR,,
20_4,PEDDAPALLI,06,MANTHANI,2009032,GADDALAPALLE,,
20_4,PEDDAPALLI,06,MANTHANI,2009033,GOPALPUR,,
20_4,PEDDAPALLI,06,MANTHANI,2009027,GUMNOOR,,
20_4,PEDDAPALLI,06,MANTHANI,2009002,GUNJAPADU,,
20_4,PEDDAPALLI,06,MANTHANI,2009010,KANNALA,,
20_4,PEDDAPALLI,06,MANTHANI,2009001,KASIPET,,
20_4,PEDDAPALLI,06,MANTHANI,2009014,KHANAPUR,,
20_4,PEDDAPALLI,06,MANTHANI,2009015,KHANSABPET,,
20_4,PEDDAPALLI,06,MANTHANI,2009028,KUCHIRAJPALLE,,
20_4,PEDDAPALLI,06,MANTHANI,2009030,LAKKAPUR,,
20_4,PEDDAPALLI,06,MANTHANI,2009031,MAIDIPALLE,,
20_4,PEDDAPALLI,06,MANTHANI,2009018,MALLARAM,,
20_4,PEDDAPALLI,06,MANTHANI,2009011,MALLEPALLE,,
20_4,PEDDAPALLI,06,MANTHANI,2009026,MANTHANI,,
20_4,PEDDAPALLI,06,MANTHANI,2009004,NAGARAM,,
20_4,PEDDAPALLI,06,MANTHANI,2009021,NAGEPALLE,,
20_4,PEDDAPALLI,06,MANTHANI,2009005,PANDULAPALLE,,
20_4,PEDDAPALLI,06,MANTHANI,2009034,PEDDAODELA,,
20_4,PEDDAPALLI,06,MANTHANI,2009029,PUTTAPAKA,,
20_4,PEDDAPALLI,06,MANTHANI,2009008,RACHEPALLE,,
20_4,PEDDAPALLI,06,MANTHANI,2009020,SARNEPALLE,,
20_4,PEDDAPALLI,06,MANTHANI,2009007,SIRIPURAM,,
20_4,PEDDAPALLI,06,MANTHANI,2009003,UPPATLA,,
20_4,PEDDAPALLI,06,MANTHANI,2009019,VENKATAPUR,,
20_4,PEDDAPALLI,06,MANTHANI,2009013,VILOCHAVARAM,,
20_4,PEDDAPALLI,07,MUTHARAM MANTHANI,2014018,ADAVISRIRAMPUR,,
20_4,PEDDAPALLI,07,MUTHARAM MANTHANI,2014006,DHARYAPUR,,
20_4,PEDDAPALLI,07,MUTHARAM MANTHANI,2014004,IPPALAPALLE,,
20_4,PEDDAPALLI,07,MUTHARAM MANTHANI,2014013,KESANAPALLE,,
20_4,PEDDAPALLI,07,MUTHARAM MANTHANI,2014005,KHAMMAMPALLE,,
20_4,PEDDAPALLI,07,MUTHARAM MANTHANI,2014010,LAKKARAM,,
20_4,PEDDAPALLI,07,MUTHARAM MANTHANI,2014008,MACHUPETA,,
20_4,PEDDAPALLI,07,MUTHARAM MANTHANI,2014015,MUTHARAM,,
20_4,PEDDAPALLI,07,MUTHARAM MANTHANI,2014007,MYDAMBANDA,,
20_4,PEDDAPALLI,07,MUTHARAM MANTHANI,2014017,ODEDU,,
20_4,PEDDAPALLI,07,MUTHARAM MANTHANI,2014014,PARUPALLE,,
20_4,PEDDAPALLI,07,MUTHARAM MANTHANI,2014012,POTHARAM,,
20_4,PEDDAPALLI,07,MUTHARAM MANTHANI,2014011,SARVARAM,,
20_4,PEDDAPALLI,07,MUTHARAM MANTHANI,2014016,SHATHARAJPALLE,,
20_4,PEDDAPALLI,07,MUTHARAM MANTHANI,2014009,SUKRAVARAMPETA,,
20_4,PEDDAPALLI,08,ODELA,2032010,GUDEM,,
20_4,PEDDAPALLI,08,ODELA,2032011,GUMPULA,,
20_4,PEDDAPALLI,08,ODELA,2032009,INDURTHI,,
20_4,PEDDAPALLI,08,ODELA,2032005,KANGARTHI,,
20_4,PEDDAPALLI,08,ODELA,2032001,KOLANOOR,,
20_4,PEDDAPALLI,08,ODELA,2032003,KOMERA,,
20_4,PEDDAPALLI,08,ODELA,2032006,MADAKA,,
20_4,PEDDAPALLI,08,ODELA,2032002,NAMSANIPALLE,,
20_4,PEDDAPALLI,08,ODELA,2032004,ODELA,,
20_4,PEDDAPALLI,08,ODELA,2032007,PATHKAPALLE,,
20_4,PEDDAPALLI,08,ODELA,2032008,SANAGONDA,,
20_4,PEDDAPALLI,09,PALAKURTHY,2007018,ELKALPALLE,,
20_4,PEDDAPALLI,09,PALAKURTHY,2007027,GUDIPALLE,,
20_4,PEDDAPALLI,09,PALAKURTHY,2007029,ISALA TEKKALLA PALLE,,
20_4,PEDDAPALLI,09,PALAKURTHY,2007028,JAYYARM,,
20_4,PEDDAPALLI,09,PALAKURTHY,2008011,KANNALA,,
20_4,PEDDAPALLI,09,PALAKURTHY,2007002,KUKKALAGUDUR,,
20_4,PEDDAPALLI,09,PALAKURTHY,2007030,PALAKURTHY,,
20_4,PEDDAPALLI,09,PALAKURTHY,2007026,PUTNOOR,,
20_4,PEDDAPALLI,09,PALAKURTHY,2008010,RANAPUR,,
20_4,PEDDAPALLI,09,PALAKURTHY,2007001,VEMNOOR,,
20_4,PEDDAPALLI,10,PEDDAPALLE,2016003,APPANNAPET,,
20_4,PEDDAPALLI,10,PEDDAPALLE,2016021,BHOJANNAPET,,
20_4,PEDDAPALLI,10,PEDDAPALLE,2016006,BRAHMANPALLE(PS),,
20_4,PEDDAPALLI,10,PEDDAPALLE,2016018,CHEEKURAI,,
20_4,PEDDAPALLI,10,PEDDAPALLE,2016010,GATTUSINGARAM,,
20_4,PEDDAPALLI,10,PEDDAPALLE,2016011,GOWREDDIPET,,
20_4,PEDDAPALLI,10,PEDDAPALLE,2016004,KANAGARTHI,,
20_4,PEDDAPALLI,10,PEDDAPALLE,2016020,KOTHAPALLE,,
20_4,PEDDAPALLI,10,PEDDAPALLE,2016023,MAREDUGONDA,,
20_4,PEDDAPALLI,10,PEDDAPALLE,2016022,MULASALA,,
20_4,PEDDAPALLI,10,PEDDAPALLE,2016014,NIMMANAPALLE,,
20_4,PEDDAPALLI,10,PEDDAPALLE,2016013,NITTUR,,
20_4,PEDDAPALLI,10,PEDDAPALLE,2016001,PALTHEM,,
20_4,PEDDAPALLI,10,PEDDAPALLE,2016019,PEDDABONKUR,,
20_4,PEDDAPALLI,10,PEDDAPALLE,2016015,PEDDAKALVALA,,
20_4,PEDDAPALLI,10,PEDDAPALLE,2016012,PEDDAPALLE (URBAN),,
20_4,PEDDAPALLI,10,PEDDAPALLE,2016007,RAGHAVAPUR,,
20_4,PEDDAPALLI,10,PEDDAPALLE,2016005,RAGINEEDU,,
20_4,PEDDAPALLI,10,PEDDAPALLE,2016017,RAMPALLE,,
20_4,PEDDAPALLI,10,PEDDAPALLE,2016016,RANGAMPALLE,,
20_4,PEDDAPALLI,10,PEDDAPALLE,2016008,RANGAPUR,,
20_4,PEDDAPALLI,10,PEDDAPALLE,2016009,SABITHAM,,
20_4,PEDDAPALLI,10,PEDDAPALLE,2016002,TURKALAMADDI KUNTA,,
20_4,PEDDAPALLI,11,RAMAGIRI,2014001,ADIVARAMPETA,,
20_4,PEDDAPALLI,11,RAMAGIRI,2008024,BEGUMPET,,
20_4,PEDDAPALLI,11,RAMAGIRI,2014003,BUDHAVARAMPETA,,
20_4,PEDDAPALLI,11,RAMAGIRI,2008003,JALLARAM,,
20_4,PEDDAPALLI,11,RAMAGIRI,2008018,KALWACHERLA,,
20_4,PEDDAPALLI,11,RAMAGIRI,2014002,LADNAPUR,,
20_4,PEDDAPALLI,11,RAMAGIRI,2008017,LANKAKESARAM,,
20_4,PEDDAPALLI,11,RAMAGIRI,2008023,MEDIPALLE,,
20_4,PEDDAPALLI,11,RAMAGIRI,2008002,MUSTIAL,,
20_4,PEDDAPALLI,11,RAMAGIRI,2008020,NAGEPALLE,,
20_4,PEDDAPALLI,11,RAMAGIRI,2008021,PANNUR,,
20_4,PEDDAPALLI,11,RAMAGIRI,2008022,RATNAPUR,,
20_4,PEDDAPALLI,11,RAMAGIRI,2008001,SUNDILLA,,
20_4,PEDDAPALLI,11,RAMAGIRI,2008004,UPPARLAKESARAM,,
20_4,PEDDAPALLI,11,RAMAGIRI,2008025,VELGALPAHAD,,
20_4,PEDDAPALLI,12,RAMAGUNDAM,2007017,ALLUR,,
20_4,PEDDAPALLI,12,RAMAGUNDAM,2007015,JANGOAM,,
20_4,PEDDAPALLI,12,RAMAGUNDAM,2007013,MAIDIPALLE,,
20_4,PEDDAPALLI,12,RAMAGUNDAM,2007014,MALKAPUR,,
20_4,PEDDAPALLI,12,RAMAGUNDAM,2007020,MALLIALPALLI,,
20_4,PEDDAPALLI,12,RAMAGUNDAM,2007016,MAREDPAKA,,
20_4,PEDDAPALLI,12,RAMAGUNDAM,2007019,PARATPALLE,,
20_4,PEDDAPALLI,12,RAMAGUNDAM,2007011,RAMAGUNDAM,,
20_4,PEDDAPALLI,13,SRIRAMPUR,2015005,EDULAPURAM,,
20_4,PEDDAPALLI,13,SRIRAMPUR,2015008,GANGARAM,,
20_4,PEDDAPALLI,13,SRIRAMPUR,2015004,JAFARKHANPET,,
20_4,PEDDAPALLI,13,SRIRAMPUR,2015017,KISTAMPET,,
20_4,PEDDAPALLI,13,SRIRAMPUR,2015006,KUNARAM,,
20_4,PEDDAPALLI,13,SRIRAMPUR,2015001,MADIPALLE,,
20_4,PEDDAPALLI,13,SRIRAMPUR,2015015,MALLIAL,,
20_4,PEDDAPALLI,13,SRIRAMPUR,2015002,MANGAPET,,
20_4,PEDDAPALLI,13,SRIRAMPUR,2015016,MIRZAMPET,,
20_4,PEDDAPALLI,13,SRIRAMPUR,2015013,MOTLAPALLE,,
20_4,PEDDAPALLI,13,SRIRAMPUR,2015010,PANDILLA,,
20_4,PEDDAPALLI,13,SRIRAMPUR,2015009,PEDDAMPET,,
20_4,PEDDAPALLI,13,SRIRAMPUR,2015007,PEGADAPALLE,,
20_4,PEDDAPALLI,13,SRIRAMPUR,2015012,RATHUPALLE,,
20_4,PEDDAPALLI,13,SRIRAMPUR,2015011,SRIRAMPUR,,
20_4,PEDDAPALLI,13,SRIRAMPUR,2015014,THARUPALLE,,
20_4,PEDDAPALLI,13,SRIRAMPUR,2015003,VENNAMPALLE,,
20_4,PEDDAPALLI,14,SULTANABAD,2031002,BHOOPATHIPURAM,,
20_4,PEDDAPALLI,14,SULTANABAD,2031013,CHINNABONKUR,,
20_4,PEDDAPALLI,14,SULTANABAD,2031011,CHINNAKALVALA,,
20_4,PEDDAPALLI,14,SULTANABAD,2031003,DUBBAPET,,
20_4,PEDDAPALLI,14,SULTANABAD,2031005,GARREPALLE,,
20_4,PEDDAPALLI,14,SULTANABAD,2031017,GATTEPALLE,,
20_4,PEDDAPALLI,14,SULTANABAD,2031004,GOLLAPALLE,,
20_4,PEDDAPALLI,14,SULTANABAD,2031001,ITHRAJPALLE,,
20_4,PEDDAPALLI,14,SULTANABAD,2031018,KADAMBAPUR,,
20_4,PEDDAPALLI,14,SULTANABAD,2031021,KANUKULA,,
20_4,PEDDAPALLI,14,SULTANABAD,2031007,KATNEPALLE,,
20_4,PEDDAPALLI,14,SULTANABAD,2031010,KODURUPAKA,,
20_4,PEDDAPALLI,14,SULTANABAD,2031020,MANCHARAMI,,
20_4,PEDDAPALLI,14,SULTANABAD,2031014,MIYAPUR,,
20_4,PEDDAPALLI,14,SULTANABAD,2031006,NEERUKULLA,,
20_4,PEDDAPALLI,14,SULTANABAD,2031008,POOSALA,,
20_4,PEDDAPALLI,14,SULTANABAD,2031012,REBBALDEVIPALLE,,
20_4,PEDDAPALLI,14,SULTANABAD,2031015,REGADIMADDIKUNTA,,
20_4,PEDDAPALLI,14,SULTANABAD,2031016,SUDDALA,,
20_4,PEDDAPALLI,14,SULTANABAD,2031009,SULTANABAD,,
20_4,PEDDAPALLI,14,SULTANABAD,2031019,THOAGARRAI,,
21_1,HANUMAKONDA,01,ATMAKUR,2137013,AGRAMPAHAD,,
21_1,HANUMAKONDA,01,ATMAKUR,2137018,ATMAKUR,,
21_1,HANUMAKONDA,01,ATMAKUR,2137019,BRAHAMANPALLE,,
21_1,HANUMAKONDA,01,ATMAKUR,2137015,CHOUDLA PALLE,,
21_1,HANUMAKONDA,01,ATMAKUR,2137021,HOUSE BUZURG,,
21_1,HANUMAKONDA,01,ATMAKUR,2137016,KAMARAM,,
21_1,HANUMAKONDA,01,ATMAKUR,2137022,KATAKSHAPUR,,
21_1,HANUMAKONDA,01,ATMAKUR,2137008,KOTHAGATTU,,
21_1,HANUMAKONDA,01,ATMAKUR,2137007,MALAKPET,,
21_1,HANUMAKONDA,01,ATMAKUR,2137020,NEERUKULLA,,
21_1,HANUMAKONDA,01,ATMAKUR,2137014,PEDDAPUR,,
21_1,HANUMAKONDA,01,ATMAKUR,2137017,PENCHIKALAPETA,,
21_1,HANUMAKONDA,19,BHEEMADEVARPALLE,2056005,BHEEMADEVARPALLE,,
21_1,HANUMAKONDA,19,BHEEMADEVARPALLE,2056006,GATLANARSINGAPUR,,
21_1,HANUMAKONDA,19,BHEEMADEVARPALLE,2056004,KOPPUR,,
21_1,HANUMAKONDA,19,BHEEMADEVARPALLE,2056012,KOTHAKONDA,,
21_1,HANUMAKONDA,19,BHEEMADEVARPALLE,2056010,KOTHAPALLE,,
21_1,HANUMAKONDA,19,BHEEMADEVARPALLE,2056013,MALLARAM,,
21_1,HANUMAKONDA,19,BHEEMADEVARPALLE,2056003,MANIKYAPUR,,
21_1,HANUMAKONDA,19,BHEEMADEVARPALLE,2056009,MULKANOOR,,
21_1,HANUMAKONDA,19,BHEEMADEVARPALLE,2056007,MUSTAFAPUR,,
21_1,HANUMAKONDA,19,BHEEMADEVARPALLE,2056008,MUTHARAM (P.K),,
21_1,HANUMAKONDA,19,BHEEMADEVARPALLE,2056002,RATNAGIRI,,
21_1,HANUMAKONDA,19,BHEEMADEVARPALLE,2056001,VANGARA,,
21_1,HANUMAKONDA,17,DAMERA,2137010,DAMERA,,
21_1,HANUMAKONDA,17,DAMERA,2137001,KOGILVAI,,
21_1,HANUMAKONDA,17,DAMERA,2137005,LYADALLA,,
21_1,HANUMAKONDA,17,DAMERA,2137012,MUSTYALA PALLE,,
21_1,HANUMAKONDA,17,DAMERA,2137011,OBLAPUR,,
21_1,HANUMAKONDA,17,DAMERA,2137009,OORUGONDA,,
21_1,HANUMAKONDA,17,DAMERA,2137006,PASARGONDA,,
21_1,HANUMAKONDA,17,DAMERA,2137002,PULKURTHI,,
21_1,HANUMAKONDA,17,DAMERA,2137003,SINGARAJUPALLE,,
21_1,HANUMAKONDA,17,DAMERA,2137004,VENKATAPUR,,
21_1,HANUMAKONDA,02,DHARMASAGAR,2109008,DEVUNOOR,,
21_1,HANUMAKONDA,02,DHARMASAGAR,2109018,DHARMAPUR,,
21_1,HANUMAKONDA,02,DHARMASAGAR,2109011,DHARMASAGAR,,
21_1,HANUMAKONDA,02,DHARMASAGAR,2109013,JANAKIPURAM,,
21_1,HANUMAKONDA,02,DHARMASAGAR,2109014,KYATHAMPALLE,,
21_1,HANUMAKONDA,02,DHARMASAGAR,2109019,MALAKAPALLE,,
21_1,HANUMAKONDA,02,DHARMASAGAR,2109007,MUPPARAM,,
21_1,HANUMAKONDA,02,DHARMASAGAR,2109006,NARAYANAGIRI,,
21_1,HANUMAKONDA,02,DHARMASAGAR,2109016,PEDDAPENDYALA,,
21_1,HANUMAKONDA,02,DHARMASAGAR,2109009,SOMADEVARAPALLE,,
21_1,HANUMAKONDA,02,DHARMASAGAR,2109015,THATIKAYALA,,
21_1,HANUMAKONDA,02,DHARMASAGAR,2109010,UNIKICHERLA,,
21_1,HANUMAKONDA,02,DHARMASAGAR,2109012,YELKURTHI,,
21_1,HANUMAKONDA,03,ELKATHURTHI,2051011,BAOPET,,
21_1,HANUMAKONDA,03,ELKATHURTHI,2051004,DAMERA,,
21_1,HANUMAKONDA,03,ELKATHURTHI,2051010,DANDEPALLE,,
21_1,HANUMAKONDA,03,ELKATHURTHI,2051005,ELKATHURTHI,,
21_1,HANUMAKONDA,03,ELKATHURTHI,2051003,GOPALPUR,,
21_1,HANUMAKONDA,03,ELKATHURTHI,2051002,JEELGUL,,
21_1,HANUMAKONDA,03,ELKATHURTHI,2051013,KESHWAPUR,,
21_1,HANUMAKONDA,03,ELKATHURTHI,2051008,KOTHULNADUMA,,
21_1,HANUMAKONDA,03,ELKATHURTHI,2051001,PENCHAKALPETA,,
21_1,HANUMAKONDA,03,ELKATHURTHI,2051006,SURARAM,,
21_1,HANUMAKONDA,03,ELKATHURTHI,2051012,THIMMAPUR,,
21_1,HANUMAKONDA,03,ELKATHURTHI,2051007,VALLABHAPUR,,
21_1,HANUMAKONDA,03,ELKATHURTHI,2051009,VEERANARAYANAPUR,,
21_1,HANUMAKONDA,04,HANAMKONDA,2111004,GOPALPUR,,
21_1,HANUMAKONDA,04,HANAMKONDA,2111017,HANAMKONDA,,
21_1,HANUMAKONDA,04,HANAMKONDA,2111007,KUMARAPALLE,,
21_1,HANUMAKONDA,04,HANAMKONDA,2111005,LASKAR SINGARAM,,
21_1,HANUMAKONDA,04,HANAMKONDA,2111006,PALVELPULA,,
21_1,HANUMAKONDA,04,HANAMKONDA,2111003,WADDEPALLE,,
21_1,HANUMAKONDA,05,HASANPARTHY,2110002,ANANTHASAGAR,,
21_1,HANUMAKONDA,05,HASANPARTHY,2110015,ARVAPALLE,,
21_1,HANUMAKONDA,05,HASANPARTHY,2110007,BHIMARAM,,
21_1,HANUMAKONDA,05,HASANPARTHY,2110008,CHINTHAGATTU,,
21_1,HANUMAKONDA,05,HASANPARTHY,2110006,DEVANNAPETA,,
21_1,HANUMAKONDA,05,HASANPARTHY,2110009,HASANPARTHY,,
21_1,HANUMAKONDA,05,HASANPARTHY,2110005,JAIGIRI,,
21_1,HANUMAKONDA,05,HASANPARTHY,2110004,LAKNAVARAM,,
21_1,HANUMAKONDA,05,HASANPARTHY,2110001,MADIPALLE,,
21_1,HANUMAKONDA,05,HASANPARTHY,2110014,MALLAREDDIPALLE,,
21_1,HANUMAKONDA,05,HASANPARTHY,2110011,MUCHERLA,,
21_1,HANUMAKONDA,05,HASANPARTHY,2110012,NAGARAM,,
21_1,HANUMAKONDA,05,HASANPARTHY,2110017,PEGADAPALLE,,
21_1,HANUMAKONDA,05,HASANPARTHY,2110010,PEMBARTHY,,
21_1,HANUMAKONDA,05,HASANPARTHY,2110016,SIDDHAPUR,,
21_1,HANUMAKONDA,05,HASANPARTHY,2110013,SUDANPALLE,,
21_1,HANUMAKONDA,05,HASANPARTHY,2110018,VANGAPAHAD,,
21_1,HANUMAKONDA,05,HASANPARTHY,2110003,YELLAPUR,,
21_1,HANUMAKONDA,06,INAVOLU,2113004,GARIMILLAPALLE,,
21_1,HANUMAKONDA,06,INAVOLU,2112001,INOLE,,
21_1,HANUMAKONDA,06,INAVOLU,2112010,KAKKIRALAPALLE,,
21_1,HANUMAKONDA,06,INAVOLU,2111024,KONDAPARTHY,,
21_1,HANUMAKONDA,06,INAVOLU,2112011,NANDANAM,,
21_1,HANUMAKONDA,06,INAVOLU,2112004,PANTHINI,,
21_1,HANUMAKONDA,06,INAVOLU,2112003,PUNNELU,,
21_1,HANUMAKONDA,06,INAVOLU,2112002,SINGARAM,,
21_1,HANUMAKONDA,06,INAVOLU,2111023,VANAMALAKANAPARTHI,,
21_1,HANUMAKONDA,06,INAVOLU,2113003,VENKATAPUR,,
21_1,HANUMAKONDA,07,KAMALAPUR,2050013,AMBALA,,
21_1,HANUMAKONDA,07,KAMALAPUR,2050001,BHIMPALLE,,
21_1,HANUMAKONDA,07,KAMALAPUR,2050010,DESHARAJPALLE,,
21_1,HANUMAKONDA,07,KAMALAPUR,2050012,GUDUR,,
21_1,HANUMAKONDA,07,KAMALAPUR,2050003,GUNDED,,
21_1,HANUMAKONDA,07,KAMALAPUR,2050016,GUNIPARTHI,,
21_1,HANUMAKONDA,07,KAMALAPUR,2050005,JUJNOOR,,
21_1,HANUMAKONDA,07,KAMALAPUR,2050008,KAMALAPUR,,
21_1,HANUMAKONDA,07,KAMALAPUR,2050011,KANIPARTHI,,
21_1,HANUMAKONDA,07,KAMALAPUR,2050002,KANNUR,,
21_1,HANUMAKONDA,07,KAMALAPUR,2050015,MADANNAPETA,,
21_1,HANUMAKONDA,07,KAMALAPUR,2050004,MARRIPALLIGUDEM,,
21_1,HANUMAKONDA,07,KAMALAPUR,2050014,NERELLA,,
21_1,HANUMAKONDA,07,KAMALAPUR,2050006,SANIGARAM,,
21_1,HANUMAKONDA,07,KAMALAPUR,2050009,UPPAL,,
21_1,HANUMAKONDA,07,KAMALAPUR,2050007,VANGAPALLE,,
21_1,HANUMAKONDA,08,KHAZIPET,2111025,AMMAVARIPETA,,
21_1,HANUMAKONDA,08,KHAZIPET,2111020,BHATTUPALLE,,
21_1,HANUMAKONDA,08,KHAZIPET,2111019,KADIPIKONDA,,
21_1,HANUMAKONDA,08,KHAZIPET,2111018,KHAZIPET (J),,
21_1,HANUMAKONDA,08,KHAZIPET,2111021,KOTHAPALLE  (H),,
21_1,HANUMAKONDA,08,KHAZIPET,2111001,MADIKONDA,,
21_1,HANUMAKONDA,08,KHAZIPET,2109017,RAMPUR,,
21_1,HANUMAKONDA,08,KHAZIPET,2111016,SAYAMPET (J),,
21_1,HANUMAKONDA,08,KHAZIPET,2111002,SOMIDI,,
21_1,HANUMAKONDA,08,KHAZIPET,2111022,THARALAPALLE,,
21_1,HANUMAKONDA,16,NADIKUDA,2139010,CHARLAPALLE,,
21_1,HANUMAKONDA,16,NADIKUDA,2139012,CHOUTUPARTHI,,
21_1,HANUMAKONDA,16,NADIKUDA,2139015,DHARMARAM,,
21_1,HANUMAKONDA,16,NADIKUDA,2139014,KANTATHMAKUR,,
21_1,HANUMAKONDA,16,NADIKUDA,2139022,KOWKONDA,,
21_1,HANUMAKONDA,16,NADIKUDA,2139011,MUSTHYALPALLE,,
21_1,HANUMAKONDA,16,NADIKUDA,2139013,NADIKUDA,,
21_1,HANUMAKONDA,16,NADIKUDA,2139001,NARLAPUR,,
21_1,HANUMAKONDA,16,NADIKUDA,2139009,PULIGILLA,,
21_1,HANUMAKONDA,16,NADIKUDA,2139008,RAIPARTHY,,
21_1,HANUMAKONDA,16,NADIKUDA,2139023,SARVAPUR,,
21_1,HANUMAKONDA,16,NADIKUDA,2139002,VARIKOLE,,
21_1,HANUMAKONDA,10,PARKAL,2139019,KAMAREDDIPALLE,,
21_1,HANUMAKONDA,10,PARKAL,2139004,LAXMIPUR,,
21_1,HANUMAKONDA,10,PARKAL,2139017,MADHARAM,,
21_1,HANUMAKONDA,10,PARKAL,2139007,MALAKPET,,
21_1,HANUMAKONDA,10,PARKAL,2139005,NAGARAM,,
21_1,HANUMAKONDA,10,PARKAL,2139006,PAIDIPALLE,,
21_1,HANUMAKONDA,10,PARKAL,2139018,PARKAL,,
21_1,HANUMAKONDA,10,PARKAL,2139021,POCHARAM,,
21_1,HANUMAKONDA,10,PARKAL,2139020,RAJIPET,,
21_1,HANUMAKONDA,10,PARKAL,2139016,VELLAMPALLE,,
21_1,HANUMAKONDA,10,PARKAL,2139003,VENKATAPUR,,
21_1,HANUMAKONDA,14,SHAYAMPET,2138006,GATLAKANIPARTHY,,
21_1,HANUMAKONDA,14,SHAYAMPET,2138009,HUSSAINPALLE,,
21_1,HANUMAKONDA,14,SHAYAMPET,2138013,KATRAPALLE,,
21_1,HANUMAKONDA,14,SHAYAMPET,2138002,KOPPULA,,
21_1,HANUMAKONDA,14,SHAYAMPET,2138004,MYLARAM,,
21_1,HANUMAKONDA,14,SHAYAMPET,2138012,NEREDPALLE,,
21_1,HANUMAKONDA,14,SHAYAMPET,2138011,PATHIPAKA,,
21_1,HANUMAKONDA,14,SHAYAMPET,2138001,PEDDAKODEPAKA,,
21_1,HANUMAKONDA,14,SHAYAMPET,2138008,SHAYAMPET,,
21_1,HANUMAKONDA,14,SHAYAMPET,2138010,SINGARAM (DONGALA),,
21_1,HANUMAKONDA,14,SHAYAMPET,2138007,SINGARAM (KOTHAGATTU),,
21_1,HANUMAKONDA,14,SHAYAMPET,2138005,TAHARAPUR,,
21_1,HANUMAKONDA,14,SHAYAMPET,2138003,VASANTHAPUR,,
21_1,HANUMAKONDA,18,VELAIR,2056011,ERRABALLE,,
21_1,HANUMAKONDA,18,VELAIR,2109004,GUNDLASAGAR,,
21_1,HANUMAKONDA,18,VELAIR,2056015,KANNARAM,,
21_1,HANUMAKONDA,18,VELAIR,2109005,MALLIKUDURLA,,
21_1,HANUMAKONDA,18,VELAIR,2109001,PEECHARA,,
21_1,HANUMAKONDA,18,VELAIR,2109003,SODESHAPALLE,,
21_1,HANUMAKONDA,18,VELAIR,2109002,VELAIR,,
21_2,WARANGAL,02,CHENNARAOPET,2131003,AKKALCHED,,
21_2,WARANGAL,02,CHENNARAOPET,2131008,AMEENABAD,,
21_2,WARANGAL,02,CHENNARAOPET,2131005,CHENNARAOPETA,,
21_2,WARANGAL,02,CHENNARAOPET,2131009,JHALLI,,
21_2,WARANGAL,02,CHENNARAOPET,2131006,KONAPUR,,
21_2,WARANGAL,02,CHENNARAOPET,2131013,LINGAGIRI,,
21_2,WARANGAL,02,CHENNARAOPET,2131001,LINGAPUR,,
21_2,WARANGAL,02,CHENNARAOPET,2131011,PAPAIAHPETA,,
21_2,WARANGAL,02,CHENNARAOPET,2131010,THIMMARAINIPAHAD,,
21_2,WARANGAL,02,CHENNARAOPET,2131007,UPPARAPALLE,,
21_2,WARANGAL,02,CHENNARAOPET,2131012,YELLAIGUDEM,,
21_2,WARANGAL,04,DUGGONDI,2135018,ADAVI RANGAPUR,,
21_2,WARANGAL,04,DUGGONDI,2135011,CHALPARTHI,,
21_2,WARANGAL,04,DUGGONDI,2135003,DUGGONDI,,
21_2,WARANGAL,04,DUGGONDI,2135004,KESHWAPUR,,
21_2,WARANGAL,04,DUGGONDI,2135005,LAXMIPUR,,
21_2,WARANGAL,04,DUGGONDI,2135017,MADHIRA MANDAPALLE,,
21_2,WARANGAL,04,DUGGONDI,2135009,MAHAMMADAPUR,,
21_2,WARANGAL,04,DUGGONDI,2135008,MALLAMPALLE,,
21_2,WARANGAL,04,DUGGONDI,2135016,MANDAPALLE,,
21_2,WARANGAL,04,DUGGONDI,2135002,MUDDUNOOR,,
21_2,WARANGAL,04,DUGGONDI,2135014,NACHINEPALLE,,
21_2,WARANGAL,04,DUGGONDI,2135001,POLARAM,,
21_2,WARANGAL,04,DUGGONDI,2135013,PONAKAL,,
21_2,WARANGAL,04,DUGGONDI,2135006,REBALLE,,
21_2,WARANGAL,04,DUGGONDI,2135012,REKAMPALLE,,
21_2,WARANGAL,04,DUGGONDI,2135015,THOGARRAI,,
21_2,WARANGAL,04,DUGGONDI,2135010,TIMMAMPET,,
21_2,WARANGAL,04,DUGGONDI,2135007,VENKATAPUR,,
21_2,WARANGAL,05,GEESUGONDA,2136006,ANANTHARAM,,
21_2,WARANGAL,05,GEESUGONDA,2136002,BODDUCHINTHALPALLE,,
21_2,WARANGAL,05,GEESUGONDA,2136013,DHARMARAM,,
21_2,WARANGAL,05,GEESUGONDA,2136004,ELKURTHY,,
21_2,WARANGAL,05,GEESUGONDA,2136010,GEESUGONDA,,
21_2,WARANGAL,05,GEESUGONDA,2136012,GORREKUNTA,,
21_2,WARANGAL,05,GEESUGONDA,2136007,KOMMALA,,
21_2,WARANGAL,05,GEESUGONDA,2136009,MACHAPUR,,
21_2,WARANGAL,05,GEESUGONDA,2136003,MANUGONDA,,
21_2,WARANGAL,05,GEESUGONDA,2136001,MOGILICHERLA,,
21_2,WARANGAL,05,GEESUGONDA,2136018,OOKAL (H),,
21_2,WARANGAL,05,GEESUGONDA,2136011,POTHARAJUPALLE,,
21_2,WARANGAL,05,GEESUGONDA,2136005,RAMCHANDRAPUR,,
21_2,WARANGAL,05,GEESUGONDA,2136017,SHAYAMPET(H),,
21_2,WARANGAL,05,GEESUGONDA,2136015,VANCHANGIRI,,
21_2,WARANGAL,05,GEESUGONDA,2136008,VISWANATHPUR,,
21_2,WARANGAL,06,KHANAPUR,2129008,AINEPALLE,,
21_2,WARANGAL,06,KHANAPUR,2129007,BUDHARAOPET,,
21_2,WARANGAL,06,KHANAPUR,2129001,DABEERPET,,
21_2,WARANGAL,06,KHANAPUR,2129014,DHARMARAOPETA,,
21_2,WARANGAL,06,KHANAPUR,2129003,JALUBANDA  (D),,
21_2,WARANGAL,06,KHANAPUR,2129004,KHANAPUR,,
21_2,WARANGAL,06,KHANAPUR,2129011,KOTHUR,,
21_2,WARANGAL,06,KHANAPUR,2129006,MANGALAVARIPET,,
21_2,WARANGAL,06,KHANAPUR,2129013,MATUVEERARAM (D),,
21_2,WARANGAL,06,KHANAPUR,2129002,PAKHAL(ASHOKNAGAR),,
21_2,WARANGAL,06,KHANAPUR,2129005,POCHARAM (D),,
21_2,WARANGAL,06,KHANAPUR,2129009,RAGAMPET,,
21_2,WARANGAL,06,KHANAPUR,2129012,RANGAPUR,,
21_2,WARANGAL,06,KHANAPUR,2129010,THUNGABANDAM (D),,
21_2,WARANGAL,09,KHILA WARANGAL,2111030,ALLIPUR,,
21_2,WARANGAL,09,KHILA WARANGAL,2133001,BOLLIKUNTA,,
21_2,WARANGAL,09,KHILA WARANGAL,2133002,GADEPALLE,,
21_2,WARANGAL,09,KHILA WARANGAL,2111031,MAMNOOR,,
21_2,WARANGAL,09,KHILA WARANGAL,2111032,NAKKALAPALLE,,
21_2,WARANGAL,09,KHILA WARANGAL,2111029,RANGASAIPET,,
21_2,WARANGAL,09,KHILA WARANGAL,2136014,STAMBAMPALLE,,
21_2,WARANGAL,09,KHILA WARANGAL,2111028,THIMMAPUR (HAVELI),,
21_2,WARANGAL,09,KHILA WARANGAL,2111026,URUS,,
21_2,WARANGAL,09,KHILA WARANGAL,2136016,VASANTHAPUR,,
21_2,WARANGAL,09,KHILA WARANGAL,2111027,WARANGAL FORT,,
21_2,WARANGAL,07,NALLABELLY,2134004,ARSHANPALLE,,
21_2,WARANGAL,07,NALLABELLY,2134008,ASARAVELLI,,
21_2,WARANGAL,07,NALLABELLY,2134006,GOVINDAPURAM,,
21_2,WARANGAL,07,NALLABELLY,2134018,GUNDLAPAHAD,,
21_2,WARANGAL,07,NALLABELLY,2134005,KANNARAOPET,,
21_2,WARANGAL,07,NALLABELLY,2134007,KONDAPUR,,
21_2,WARANGAL,07,NALLABELLY,2134014,LENKALPALLE,,
21_2,WARANGAL,07,NALLABELLY,2134019,MEDAPALLE,,
21_2,WARANGAL,07,NALLABELLY,2134013,MUCHIMPULA,,
21_2,WARANGAL,07,NALLABELLY,2134010,NAGARAJPALLE,,
21_2,WARANGAL,07,NALLABELLY,2134015,NALLABELLI,,
21_2,WARANGAL,07,NALLABELLY,2134001,NANDIGAMA,,
21_2,WARANGAL,07,NALLABELLY,2134017,NARAKKAPETA,,
21_2,WARANGAL,07,NALLABELLY,2134009,RAMPURAM,,
21_2,WARANGAL,07,NALLABELLY,2134012,RAMTHEERTHAM,,
21_2,WARANGAL,07,NALLABELLY,2134003,RANGAPURAM,,
21_2,WARANGAL,07,NALLABELLY,2134002,RELAKUNTA,,
21_2,WARANGAL,07,NALLABELLY,2134016,RUDRAGUDEM,,
21_2,WARANGAL,07,NALLABELLY,2134011,SHANIGARAM,,
21_2,WARANGAL,08,NARSAMPET,2130002,BHANJIPET,,
21_2,WARANGAL,08,NARSAMPET,2131002,GURIJAL,,
21_2,WARANGAL,08,NARSAMPET,2130003,ITIKALPALLE,,
21_2,WARANGAL,08,NARSAMPET,2130001,KAMMEPALLE,,
21_2,WARANGAL,08,NARSAMPET,2130008,LAKNEPALLE,,
21_2,WARANGAL,08,NARSAMPET,2130005,MADANNAPETA,,
21_2,WARANGAL,08,NARSAMPET,2130006,MADHIRA (D),,
21_2,WARANGAL,08,NARSAMPET,2130009,MAHESHWARAM,,
21_2,WARANGAL,08,NARSAMPET,2131004,MAKDUMPUR,,
21_2,WARANGAL,08,NARSAMPET,2130004,MUTHOJIPETA,,
21_2,WARANGAL,08,NARSAMPET,2130010,NARSAMPET,,
21_2,WARANGAL,08,NARSAMPET,2130011,PASPUNUR,,
21_2,WARANGAL,08,NARSAMPET,2130013,RAJUPET,,
21_2,WARANGAL,08,NARSAMPET,2130007,RAMAVARAM,,
21_2,WARANGAL,08,NARSAMPET,2130012,SARWAPUR,,
21_2,WARANGAL,16,NEKKONDA,2126011,ALAMKHANIPET,,
21_2,WARANGAL,16,NEKKONDA,2126014,APPALARAO PETA,,
21_2,WARANGAL,16,NEKKONDA,2126010,BOLLIKONDA,,
21_2,WARANGAL,16,NEKKONDA,2126003,CHANDRUGONDA,,
21_2,WARANGAL,16,NEKKONDA,2126016,CHINNAKORPOLU,,
21_2,WARANGAL,16,NEKKONDA,2126002,DEEKSHAKUNTA,,
21_2,WARANGAL,16,NEKKONDA,2126009,GOTLAKONDA,,
21_2,WARANGAL,16,NEKKONDA,2126005,GUNDREPALLE,,
21_2,WARANGAL,16,NEKKONDA,2126001,MUDIGONDA,,
21_2,WARANGAL,16,NEKKONDA,2126017,NAGARAM,,
21_2,WARANGAL,16,NEKKONDA,2126006,NEKKONDA,,
21_2,WARANGAL,16,NEKKONDA,2126004,PANIKERA,,
21_2,WARANGAL,16,NEKKONDA,2126007,PATHI PAKA,,
21_2,WARANGAL,16,NEKKONDA,2126015,PEDDAKORPOLU,,
21_2,WARANGAL,16,NEKKONDA,2126008,REDLAWADA,,
21_2,WARANGAL,16,NEKKONDA,2131014,SURPALLE,,
21_2,WARANGAL,16,NEKKONDA,2126012,THOPANPALLE,,
21_2,WARANGAL,16,NEKKONDA,2126013,VENKATAPUR,,
21_2,WARANGAL,17,PARVATHAGIRI,2132012,ANNARAM,,
21_2,WARANGAL,17,PARVATHAGIRI,2132013,BURUGUMADLA,,
21_2,WARANGAL,17,PARVATHAGIRI,2132004,CHINTHA NEKKONDA,,
21_2,WARANGAL,17,PARVATHAGIRI,2132005,CHOUTAPALLE,,
21_2,WARANGAL,17,PARVATHAGIRI,2132003,ENUGALLU,,
21_2,WARANGAL,17,PARVATHAGIRI,2132001,GOPANPALLE,,
21_2,WARANGAL,17,PARVATHAGIRI,2132014,JAMALPURAM,,
21_2,WARANGAL,17,PARVATHAGIRI,2132010,KALLEDA,,
21_2,WARANGAL,17,PARVATHAGIRI,2132002,KONKAPAKA,,
21_2,WARANGAL,17,PARVATHAGIRI,2132009,PARVATHAGIRI,,
21_2,WARANGAL,17,PARVATHAGIRI,2132011,RAVOOR,,
21_2,WARANGAL,17,PARVATHAGIRI,2132007,ROLLAKAL,,
21_2,WARANGAL,17,PARVATHAGIRI,2132008,SOMARAM,,
21_2,WARANGAL,17,PARVATHAGIRI,2132006,VADLAKONDA,,
21_2,WARANGAL,12,RAIPARTHY,2117014,BURAHANPALLE,,
21_2,WARANGAL,12,RAIPARTHY,2117004,GANNARAM,,
21_2,WARANGAL,12,RAIPARTHY,2117011,GATTIKAL,,
21_2,WARANGAL,12,RAIPARTHY,2117012,JAGANNADHAPALLE,,
21_2,WARANGAL,12,RAIPARTHY,2117015,KATRAPALLE,,
21_2,WARANGAL,12,RAIPARTHY,2117002,KESHAVAPUR,,
21_2,WARANGAL,12,RAIPARTHY,2117001,KOLANUPALLE,,
21_2,WARANGAL,12,RAIPARTHY,2117009,KONDAPUR (P.R),,
21_2,WARANGAL,12,RAIPARTHY,2117003,KONDURU,,
21_2,WARANGAL,12,RAIPARTHY,2117007,KOTHURU,,
21_2,WARANGAL,12,RAIPARTHY,2117017,MURIPIRALA,,
21_2,WARANGAL,12,RAIPARTHY,2117013,MYLARAM,,
21_2,WARANGAL,12,RAIPARTHY,2117010,OOKAL (P.R),,
21_2,WARANGAL,12,RAIPARTHY,2117008,PERIKAID,,
21_2,WARANGAL,12,RAIPARTHY,2117016,POTHIREDDIPALLE,,
21_2,WARANGAL,12,RAIPARTHY,2117006,RAIPARTHY,,
21_2,WARANGAL,12,RAIPARTHY,2117018,SANNUR,,
21_2,WARANGAL,12,RAIPARTHY,2117005,THIRMALAYAPALLE,,
21_2,WARANGAL,13,SANGEM,2133012,CHINTHALAPALLE,,
21_2,WARANGAL,13,SANGEM,2133018,ELUGUR  RANGAMPET,,
21_2,WARANGAL,13,SANGEM,2133006,GAVICHERLA,,
21_2,WARANGAL,13,SANGEM,2133005,KAPULAKANAPARTHY,,
21_2,WARANGAL,13,SANGEM,2133004,KATREPALE(HAVELI),,
21_2,WARANGAL,13,SANGEM,2133008,LOHITHA,,
21_2,WARANGAL,13,SANGEM,2133014,MONDRAI,,
21_2,WARANGAL,13,SANGEM,2133015,MUMMADIVARAM,,
21_2,WARANGAL,13,SANGEM,2133017,NALLABELLE,,
21_2,WARANGAL,13,SANGEM,2133016,NARLAVAI,,
21_2,WARANGAL,13,SANGEM,2133013,PALLARUGUDA,,
21_2,WARANGAL,13,SANGEM,2133007,RAMACHANDRAPUR,,
21_2,WARANGAL,13,SANGEM,2133011,SANGEM,,
21_2,WARANGAL,13,SANGEM,2133009,SHAPUR,,
21_2,WARANGAL,13,SANGEM,2133010,THEEGARAJUPALLE,,
21_2,WARANGAL,13,SANGEM,2133019,THIMMAPUR,,
21_2,WARANGAL,13,SANGEM,2133003,VENKATAPUR HAVELI,,
21_2,WARANGAL,11,WARANGAL,2111012,DESAIPETA,,
21_2,WARANGAL,11,WARANGAL,2111011,ENUMAMULA,,
21_2,WARANGAL,11,WARANGAL,2111014,GIRMAJIPET,,
21_2,WARANGAL,11,WARANGAL,2111010,KOTHAPET,,
21_2,WARANGAL,11,WARANGAL,2111013,LAXMIPUR,,
21_2,WARANGAL,11,WARANGAL,2111008,MATTEWADA,,
21_2,WARANGAL,11,WARANGAL,2111009,PAIDIPALLE,,
21_2,WARANGAL,11,WARANGAL,2111015,RAMANNAPET,,
21_2,WARANGAL,15,WARDHANNAPET,2112012,BANDAUTHAPUR,,
21_2,WARANGAL,15,WARDHANNAPET,2112005,CHENNARAM,,
21_2,WARANGAL,15,WARDHANNAPET,2112013,DAMMANNAPETA,,
21_2,WARANGAL,15,WARDHANNAPET,2112014,DIVITIPALLE,,
21_2,WARANGAL,15,WARDHANNAPET,2112008,KATRYAL,,
21_2,WARANGAL,15,WARDHANNAPET,2112017,KOTHAPALLE (P.R),,
21_2,WARANGAL,15,WARDHANNAPET,2112018,LIABERTHY,,
21_2,WARANGAL,15,WARDHANNAPET,2112007,NALLABELLE,,
21_2,WARANGAL,15,WARDHANNAPET,2112015,RAMAVARAM,,
21_2,WARANGAL,15,WARDHANNAPET,2112006,UPPARAPALLE,,
21_2,WARANGAL,15,WARDHANNAPET,2112016,WARDHANNAPET,,
21_2,WARANGAL,15,WARDHANNAPET,2112009,YELLANDA,,
21_3,JANGAON,01,BACHANNAPETA,2104012,ALIMPUR,,
21_3,JANGAON,01,BACHANNAPETA,2104019,BACHANNAPETA,,
21_3,JANGAON,01,BACHANNAPETA,2104014,BANDANAGARAM,,
21_3,JANGAON,01,BACHANNAPETA,2104018,BASIREDDIPALLE,,
21_3,JANGAON,01,BACHANNAPETA,2104021,CHINNARAMANCHERLA,,
21_3,JANGAON,01,BACHANNAPETA,2104006,DUBBAKUNTAPALLE,,
21_3,JANGAON,01,BACHANNAPETA,2104009,GANGAPUR,,
21_3,JANGAON,01,BACHANNAPETA,2104011,ITIKALAPALLE,,
21_3,JANGAON,01,BACHANNAPETA,2104013,KATKOOR,,
21_3,JANGAON,01,BACHANNAPETA,2104015,KESIREDDIPALLE,,
21_3,JANGAON,01,BACHANNAPETA,2104017,KODAVATOORU,,
21_3,JANGAON,01,BACHANNAPETA,2104007,KONNE,,
21_3,JANGAON,01,BACHANNAPETA,2104016,LAKSHMIPUR,,
21_3,JANGAON,01,BACHANNAPETA,2104004,LINGAMPALLE,,
21_3,JANGAON,01,BACHANNAPETA,2104002,MANSANPALLE,,
21_3,JANGAON,01,BACHANNAPETA,2104008,NAGIREDDIPALLE,,
21_3,JANGAON,01,BACHANNAPETA,2104023,NARAYANAPUR,,
21_3,JANGAON,01,BACHANNAPETA,2104003,PADAMATI KESHVAPUR,,
21_3,JANGAON,01,BACHANNAPETA,2104022,POCHANNAPETA,,
21_3,JANGAON,01,BACHANNAPETA,2104005,PULLAGUDA,,
21_3,JANGAON,01,BACHANNAPETA,2104010,RAMACHANDRAPUR,,
21_3,JANGAON,01,BACHANNAPETA,2104001,SALVAPUR,,
21_3,JANGAON,01,BACHANNAPETA,2104020,TAMMADAPALLE,,
21_3,JANGAON,02,CHILPUR,2108006,CHILPUR,,
21_3,JANGAON,02,CHILPUR,2108012,CHINNAPENDYALA,,
21_3,JANGAON,02,CHILPUR,2108008,FATHEPUR,,
21_3,JANGAON,02,CHILPUR,2108007,KISTAJIGUDEM,,
21_3,JANGAON,02,CHILPUR,2108002,KONDAPUR,,
21_3,JANGAON,02,CHILPUR,2108003,LINGAM PALLE,,
21_3,JANGAON,02,CHILPUR,2108004,MALKAPUR,,
21_3,JANGAON,02,CHILPUR,2108013,NASHKAL,,
21_3,JANGAON,02,CHILPUR,2108010,PALLAGUTTA,,
21_3,JANGAON,02,CHILPUR,2108011,RAJAVARAM,,
21_3,JANGAON,02,CHILPUR,2108001,SREEPATHIPALLE,,
21_3,JANGAON,02,CHILPUR,2108005,VENKATADRIPETA,,
21_3,JANGAON,03,DEVARUPPULA,2115005,CHINNAMADUR,,
21_3,JANGAON,03,DEVARUPPULA,2115006,CHOWDUR,,
21_3,JANGAON,03,DEVARUPPULA,2115011,DEVARUPPULA,,
21_3,JANGAON,03,DEVARUPPULA,2115009,DHARAMAPUR,,
21_3,JANGAON,03,DEVARUPPULA,2115012,GOLLAPALLE,,
21_3,JANGAON,03,DEVARUPPULA,2115010,KADAVENDI,,
21_3,JANGAON,03,DEVARUPPULA,2115014,KAMAREDDYGUDEM,,
21_3,JANGAON,03,DEVARUPPULA,2115007,KOLKONDA,,
21_3,JANGAON,03,DEVARUPPULA,2115008,MADHAPUR,,
21_3,JANGAON,03,DEVARUPPULA,2115013,MANPAHAD,,
21_3,JANGAON,03,DEVARUPPULA,2115002,NEERMALA,,
21_3,JANGAON,03,DEVARUPPULA,2115004,PEDDAMADUR,,
21_3,JANGAON,03,DEVARUPPULA,2115001,RAMRAJAPALLE,,
21_3,JANGAON,03,DEVARUPPULA,2115003,SINGARAJUPALLE,,
21_3,JANGAON,04,GHANPUR(STN),2108019,CHAGAL,,
21_3,JANGAON,04,GHANPUR(STN),2108015,GHANPUR(STN),,
21_3,JANGAON,04,GHANPUR(STN),2108024,IPPA GUDEM,,
21_3,JANGAON,04,GHANPUR(STN),2108016,KOTHAPALLE,,
21_3,JANGAON,04,GHANPUR(STN),2108017,MEEDIKONDA,,
21_3,JANGAON,04,GHANPUR(STN),2108021,NAMILLIGONDA,,
21_3,JANGAON,04,GHANPUR(STN),2108014,PAMNOOR,,
21_3,JANGAON,04,GHANPUR(STN),2108018,RAGHAVAPUR,,
21_3,JANGAON,04,GHANPUR(STN),2108025,SAMUDRALA,,
21_3,JANGAON,04,GHANPUR(STN),2108020,SHIVUNIPALLE,,
21_3,JANGAON,04,GHANPUR(STN),2108023,THANEDARPALLE,,
21_3,JANGAON,04,GHANPUR(STN),2108009,THATIKONDA,,
21_3,JANGAON,04,GHANPUR(STN),2108022,VISHWANATHPUR,,
21_3,JANGAON,06,JANGAON,2105004,ADIVIKESHVAPUR,,
21_3,JANGAON,06,JANGAON,2105015,CHEETAKODURU,,
21_3,JANGAON,06,JANGAON,2105016,CHOWDARAM,,
21_3,JANGAON,06,JANGAON,2105011,CHOWDARPALLE,,
21_3,JANGAON,06,JANGAON,2105007,GANGUPAHAD,,
21_3,JANGAON,06,JANGAON,2105001,GOPARAJUPALLE,,
21_3,JANGAON,06,JANGAON,2105018,JANGAON,,
21_3,JANGAON,06,JANGAON,2105006,MARIGIDI,,
21_3,JANGAON,06,JANGAON,2105009,OBULAKESHVAPUR,,
21_3,JANGAON,06,JANGAON,2105013,PASARMADLA,,
21_3,JANGAON,06,JANGAON,2105002,PEDDAPAHAD,,
21_3,JANGAON,06,JANGAON,2105010,PEDDARAMANCHERLA,,
21_3,JANGAON,06,JANGAON,2105020,PEMBARTHY,,
21_3,JANGAON,06,JANGAON,2105014,SHAMEERPET,,
21_3,JANGAON,06,JANGAON,2105012,SIDDENKI,,
21_3,JANGAON,06,JANGAON,2105008,VADLAKONDA,,
21_3,JANGAON,06,JANGAON,2105003,VENKRIYALA,,
21_3,JANGAON,06,JANGAON,2105019,YELLAMALA,,
21_3,JANGAON,06,JANGAON,2105005,YERRAGOLLAPAHAD,,
21_3,JANGAON,06,JANGAON,2105017,YESWANTHAPUR,,
21_3,JANGAON,07,KODAKANDLA,2116005,EDUNUTHULA,,
21_3,JANGAON,07,KODAKANDLA,2116007,KODAKANDLA,,
21_3,JANGAON,07,KODAKANDLA,2116001,LAKSHMAKKAPALLE,,
21_3,JANGAON,07,KODAKANDLA,2116002,MONDRAI,,
21_3,JANGAON,07,KODAKANDLA,2116006,NARASINGAPUR,,
21_3,JANGAON,07,KODAKANDLA,2116004,PAKHALA,,
21_3,JANGAON,07,KODAKANDLA,2116003,RAMAVARAM,,
21_3,JANGAON,07,KODAKANDLA,2116008,RANGAPURAM,,
21_3,JANGAON,07,KODAKANDLA,2116011,REGULA,,
21_3,JANGAON,08,LINGALA GHANPUR,2106006,CHEETURU,,
21_3,JANGAON,08,LINGALA GHANPUR,2106011,CHINNARAJIPETA,,
21_3,JANGAON,08,LINGALA GHANPUR,2106013,GUMMADAVELLI,,
21_3,JANGAON,08,LINGALA GHANPUR,2106012,JEEDIKAL,,
21_3,JANGAON,08,LINGALA GHANPUR,2106001,KALLEM,,
21_3,JANGAON,08,LINGALA GHANPUR,2106008,KOTHAPALLE,,
21_3,JANGAON,08,LINGALA GHANPUR,2106005,KUNDARAM,,
21_3,JANGAON,08,LINGALA GHANPUR,2106009,LINGALAGHANPUR,,
21_3,JANGAON,08,LINGALA GHANPUR,2106002,NAGARAM,,
21_3,JANGAON,08,LINGALA GHANPUR,2106003,NELLUTLA,,
21_3,JANGAON,08,LINGALA GHANPUR,2106007,NYALAPOGULA,,
21_3,JANGAON,08,LINGALA GHANPUR,2106010,SIRIPURAM,,
21_3,JANGAON,08,LINGALA GHANPUR,2106014,VANAPARTHY,,
21_3,JANGAON,08,LINGALA GHANPUR,2106004,WADDICHERLA,,
21_3,JANGAON,09,NARMETTA,2103012,AMMAPUR,,
21_3,JANGAON,09,NARMETTA,2103014,BOMMAKUR,,
21_3,JANGAON,09,NARMETTA,2103009,GANDIRAMAVARAM,,
21_3,JANGAON,09,NARMETTA,2103015,HANMANTHAPUR,,
21_3,JANGAON,09,NARMETTA,2103010,MACHUPAHAD,,
21_3,JANGAON,09,NARMETTA,2103016,MALAKPETA,,
21_3,JANGAON,09,NARMETTA,2103011,NARMETTA,,
21_3,JANGAON,09,NARMETTA,2103013,VELDANDA,,
21_3,JANGAON,10,PALAKURTHI,2114006,AYYANGARIPALLE,,
21_3,JANGAON,10,PALAKURTHI,2114005,BOMMERA,,
21_3,JANGAON,10,PALAKURTHI,2114016,CHENNUR,,
21_3,JANGAON,10,PALAKURTHI,2114013,DARDEPALLE,,
21_3,JANGAON,10,PALAKURTHI,2114002,ERAVENNU,,
21_3,JANGAON,10,PALAKURTHI,2114004,GUDUR,,
21_3,JANGAON,10,PALAKURTHI,2114012,KONDAPUR,,
21_3,JANGAON,10,PALAKURTHI,2114001,KOTHULABAD,,
21_3,JANGAON,10,PALAKURTHI,2114010,LAKSHMINARAYANAPUR,,
21_3,JANGAON,10,PALAKURTHI,2114015,MAILARAM,,
21_3,JANGAON,10,PALAKURTHI,2114019,MALLAMPALLE,,
21_3,JANGAON,10,PALAKURTHI,2114017,MANCHUPPULA,,
21_3,JANGAON,10,PALAKURTHI,2114021,MUTHARAM,,
21_3,JANGAON,10,PALAKURTHI,2114011,PALAKURTHY,,
21_3,JANGAON,10,PALAKURTHI,2114008,SHATHAPUR,,
21_3,JANGAON,10,PALAKURTHI,2114014,THEEGARAM,,
21_3,JANGAON,10,PALAKURTHI,2114003,THIRMALAGIRI,,
21_3,JANGAON,10,PALAKURTHI,2114007,THORRUR,,
21_3,JANGAON,10,PALAKURTHI,2114018,VALMIDI,,
21_3,JANGAON,10,PALAKURTHI,2114020,VAVILALA,,
21_3,JANGAON,10,PALAKURTHI,2114009,VISNOOR,,
21_3,JANGAON,11,RAGHUNATHA PALLE,2107003,ASHWARAOPALLE,,
21_3,JANGAON,11,RAGHUNATHA PALLE,2107015,BHANJIPETA,,
21_3,JANGAON,11,RAGHUNATHA PALLE,2107007,FATHESHAPUR,,
21_3,JANGAON,11,RAGHUNATHA PALLE,2107018,GABBETA,,
21_3,JANGAON,11,RAGHUNATHA PALLE,2107012,GOVARDHANAGIRI,,
21_3,JANGAON,11,RAGHUNATHA PALLE,2107006,IBRAHIMPUR,,
21_3,JANGAON,11,RAGHUNATHA PALLE,2107017,KALVALAPALLE,,
21_3,JANGAON,11,RAGHUNATHA PALLE,2107014,KANCHANPALLE,,
21_3,JANGAON,11,RAGHUNATHA PALLE,2107016,KANNAIPALLE,,
21_3,JANGAON,11,RAGHUNATHA PALLE,2107019,KODUR,,
21_3,JANGAON,11,RAGHUNATHA PALLE,2107011,KOMALLA,,
21_3,JANGAON,11,RAGHUNATHA PALLE,2107013,KURUCHAPALLE,,
21_3,JANGAON,11,RAGHUNATHA PALLE,2107005,MADHARAM,,
21_3,JANGAON,11,RAGHUNATHA PALLE,2107001,MEKALAGATTU,,
21_3,JANGAON,11,RAGHUNATHA PALLE,2107009,NARAYANPUR,,
21_3,JANGAON,11,RAGHUNATHA PALLE,2107008,NIDIGONDA,,
21_3,JANGAON,11,RAGHUNATHA PALLE,2107002,QUILESHAPUR,,
21_3,JANGAON,11,RAGHUNATHA PALLE,2107010,RAGHUNATHPALLE,,
21_3,JANGAON,11,RAGHUNATHA PALLE,2107004,VELDI,,
21_3,JANGAON,12,THARIGOPPULA,2103008,ABDULNAGARAM,,
21_3,JANGAON,12,THARIGOPPULA,2103006,AKKARAJUPALLE,,
21_3,JANGAON,12,THARIGOPPULA,2103001,ANKUSHAPUR,,
21_3,JANGAON,12,THARIGOPPULA,2103002,BONTHAGHATTUNAGARAM,,
21_3,JANGAON,12,THARIGOPPULA,2103007,NARASAPUR,,
21_3,JANGAON,12,THARIGOPPULA,2103005,POTHARAM,,
21_3,JANGAON,12,THARIGOPPULA,2103004,SOLIPUR,,
21_3,JANGAON,12,THARIGOPPULA,2103003,TARIGOPPULA,,
21_3,JANGAON,13,ZAFFERGADH,2113018,ALIYABAD,,
21_3,JANGAON,13,ZAFFERGADH,2113008,KONAICHALAM,,
21_3,JANGAON,13,ZAFFERGADH,2113005,KUNOOR,,
21_3,JANGAON,13,ZAFFERGADH,2113016,OBULAPUR,,
21_3,JANGAON,13,ZAFFERGADH,2113002,RAGHUNATHPALLE,,
21_3,JANGAON,13,ZAFFERGADH,2113010,SAGARAM,,
21_3,JANGAON,13,ZAFFERGADH,2113014,SHAPALLE,,
21_3,JANGAON,13,ZAFFERGADH,2113013,SURARAM,,
21_3,JANGAON,13,ZAFFERGADH,2113015,THAMMADAPALLE (G),,
21_3,JANGAON,13,ZAFFERGADH,2113006,THAMMADAPALLE (I),,
21_3,JANGAON,13,ZAFFERGADH,2113012,THEEGARAM,,
21_3,JANGAON,13,ZAFFERGADH,2113009,THIDUGU,,
21_3,JANGAON,13,ZAFFERGADH,2113007,THIMMAMPETA,,
21_3,JANGAON,13,ZAFFERGADH,2113017,THIMMAPUR,,
21_3,JANGAON,13,ZAFFERGADH,2113001,UPPUGAL,,
21_3,JANGAON,13,ZAFFERGADH,2113011,ZAFFARGADH,,
21_4,JAYASHANKAR BHOOPALPALLY,01,BHUPALPALLY,2143015,AZAMNAGAR,,
21_4,JAYASHANKAR BHOOPALPALLY,01,BHUPALPALLY,2143013,BHEEMGHANPUR,,
21_4,JAYASHANKAR BHOOPALPALLY,01,BHUPALPALLY,2143008,BHUPALPALLE,,
21_4,JAYASHANKAR BHOOPALPALLY,01,BHUPALPALLY,2143011,CHIKNEPALLE,,
21_4,JAYASHANKAR BHOOPALPALLY,01,BHUPALPALLY,2143017,DEEKSHAKUNTA,,
21_4,JAYASHANKAR BHOOPALPALLY,01,BHUPALPALLY,2143019,DUDEKULAPALLE,,
21_4,JAYASHANKAR BHOOPALPALLY,01,BHUPALPALLY,2143018,GOLLA BUDDHARAM,,
21_4,JAYASHANKAR BHOOPALPALLY,01,BHUPALPALLY,2143003,GORLAVEEDU,,
21_4,JAYASHANKAR BHOOPALPALLY,01,BHUPALPALLY,2143005,GUDADPALLE,,
21_4,JAYASHANKAR BHOOPALPALLY,01,BHUPALPALLY,2143007,JANGEDU,,
21_4,JAYASHANKAR BHOOPALPALLY,01,BHUPALPALLY,2143009,KAMALAPUR,,
21_4,JAYASHANKAR BHOOPALPALLY,01,BHUPALPALLY,2143006,KOMPALLE,,
21_4,JAYASHANKAR BHOOPALPALLY,01,BHUPALPALLY,2143004,KOTHAPALLE,,
21_4,JAYASHANKAR BHOOPALPALLY,01,BHUPALPALLY,2143014,NAGARAM,,
21_4,JAYASHANKAR BHOOPALPALLY,01,BHUPALPALLY,2143016,NANDIGAMA,,
21_4,JAYASHANKAR BHOOPALPALLY,01,BHUPALPALLY,2143001,NEREDPALLE,,
21_4,JAYASHANKAR BHOOPALPALLY,01,BHUPALPALLY,2143012,PAMBAPUR,,
21_4,JAYASHANKAR BHOOPALPALLY,01,BHUPALPALLY,2143020,PANDIPAMPULA,,
21_4,JAYASHANKAR BHOOPALPALLY,01,BHUPALPALLY,2146001,PEDDAPUR,,
21_4,JAYASHANKAR BHOOPALPALLY,01,BHUPALPALLY,2143010,RAMPUR,,
21_4,JAYASHANKAR BHOOPALPALLY,01,BHUPALPALLY,2143002,VAJINEPALLE,,
21_4,JAYASHANKAR BHOOPALPALLY,02,CHITYAL,2142006,CHAIN PAKA,,
21_4,JAYASHANKAR BHOOPALPALLY,02,CHITYAL,2142029,CHALLAGARIGE,,
21_4,JAYASHANKAR BHOOPALPALLY,02,CHITYAL,2142027,CHITYAL,,
21_4,JAYASHANKAR BHOOPALPALLY,02,CHITYAL,2142032,DHOOTHPALLE,,
21_4,JAYASHANKAR BHOOPALPALLY,02,CHITYAL,2142004,GIDDEMUTHARAM,,
21_4,JAYASHANKAR BHOOPALPALLY,02,CHITYAL,2142031,GOPALPUR,,
21_4,JAYASHANKAR BHOOPALPALLY,02,CHITYAL,2142025,JADALAPET,,
21_4,JAYASHANKAR BHOOPALPALLY,02,CHITYAL,2142028,JOOKAL,,
21_4,JAYASHANKAR BHOOPALPALLY,02,CHITYAL,2142022,KAILAPUR,,
21_4,JAYASHANKAR BHOOPALPALLY,02,CHITYAL,2142003,KALVAPALLE,,
21_4,JAYASHANKAR BHOOPALPALLY,02,CHITYAL,2142030,MUCHINIPARTHI,,
21_4,JAYASHANKAR BHOOPALPALLY,02,CHITYAL,2142021,NAVABPETA,,
21_4,JAYASHANKAR BHOOPALPALLY,02,CHITYAL,2142023,NINE PAKA,,
21_4,JAYASHANKAR BHOOPALPALLY,02,CHITYAL,2142026,THIRMALAPUR,,
21_4,JAYASHANKAR BHOOPALPALLY,02,CHITYAL,2142005,VENCHARANI,,
21_4,JAYASHANKAR BHOOPALPALLY,02,CHITYAL,2142024,VODTHALA,,
21_4,JAYASHANKAR BHOOPALPALLY,04,GHANAPUR MULUG,2144009,BUDHARAM,,
21_4,JAYASHANKAR BHOOPALPALLY,04,GHANAPUR MULUG,2144006,BURRAKAYALAGUDEM,,
21_4,JAYASHANKAR BHOOPALPALLY,04,GHANAPUR MULUG,2144001,CHELPUR,,
21_4,JAYASHANKAR BHOOPALPALLY,04,GHANAPUR MULUG,2144002,DHARMARAOPET,,
21_4,JAYASHANKAR BHOOPALPALLY,04,GHANAPUR MULUG,2144005,GHANAPUR,,
21_4,JAYASHANKAR BHOOPALPALLY,04,GHANAPUR MULUG,2144007,KARKAPALLE,,
21_4,JAYASHANKAR BHOOPALPALLY,04,GHANAPUR MULUG,2144003,KONDAPUR,,
21_4,JAYASHANKAR BHOOPALPALLY,04,GHANAPUR MULUG,2144008,MYLARAM,,
21_4,JAYASHANKAR BHOOPALPALLY,04,GHANAPUR MULUG,2144004,THUPURAM,,
21_4,JAYASHANKAR BHOOPALPALLY,07,KATARAM,2010015,ADIVARAMPET,,
21_4,JAYASHANKAR BHOOPALPALLY,07,KATARAM,2010029,BAYYARAM,,
21_4,JAYASHANKAR BHOOPALPALLY,07,KATARAM,2010024,BOPPARAM,,
21_4,JAYASHANKAR BHOOPALPALLY,07,KATARAM,2010023,CHIDNEPALLE,,
21_4,JAYASHANKAR BHOOPALPALLY,07,KATARAM,2010020,CHINTHAKANI,,
21_4,JAYASHANKAR BHOOPALPALLY,07,KATARAM,2010001,DAMERAKUNTA,,
21_4,JAYASHANKAR BHOOPALPALLY,07,KATARAM,2010013,DEVARAMPALLE,,
21_4,JAYASHANKAR BHOOPALPALLY,07,KATARAM,2010014,DHANWADA,,
21_4,JAYASHANKAR BHOOPALPALLY,07,KATARAM,2010009,DHARMASAGAR,,
21_4,JAYASHANKAR BHOOPALPALLY,07,KATARAM,2010025,GAREPALLE,,
21_4,JAYASHANKAR BHOOPALPALLY,07,KATARAM,2010007,GUDOOR,,
21_4,JAYASHANKAR BHOOPALPALLY,07,KATARAM,2010011,GUMMALLAPALLE,,
21_4,JAYASHANKAR BHOOPALPALLY,07,KATARAM,2010002,GUNDRATHPALLE,,
21_4,JAYASHANKAR BHOOPALPALLY,07,KATARAM,2010006,JADARAOPET,,
21_4,JAYASHANKAR BHOOPALPALLY,07,KATARAM,2010027,KAMBALPAD,,
21_4,JAYASHANKAR BHOOPALPALLY,07,KATARAM,2010026,KATARAM,,
21_4,JAYASHANKAR BHOOPALPALLY,07,KATARAM,2010028,KOTHAPALLE,,
21_4,JAYASHANKAR BHOOPALPALLY,07,KATARAM,2010003,MALLARAM,,
21_4,JAYASHANKAR BHOOPALPALLY,07,KATARAM,2010031,MEDIPALLE,,
21_4,JAYASHANKAR BHOOPALPALLY,07,KATARAM,2010018,MOREPALLE,,
21_4,JAYASHANKAR BHOOPALPALLY,07,KATARAM,2010022,NALLAGUNTA,,
21_4,JAYASHANKAR BHOOPALPALLY,07,KATARAM,2010016,NASTHUR PALLE,,
21_4,JAYASHANKAR BHOOPALPALLY,07,KATARAM,2010010,ODIPILAVANCHA,,
21_4,JAYASHANKAR BHOOPALPALLY,07,KATARAM,2010017,POCHAMPALLE,,
21_4,JAYASHANKAR BHOOPALPALLY,07,KATARAM,2010021,POTHULVAI,,
21_4,JAYASHANKAR BHOOPALPALLY,07,KATARAM,2010019,PRATHAPAGIRI,,
21_4,JAYASHANKAR BHOOPALPALLY,07,KATARAM,2010004,RAGHUPALLE,,
21_4,JAYASHANKAR BHOOPALPALLY,07,KATARAM,2010012,REGULAGUDEM,,
21_4,JAYASHANKAR BHOOPALPALLY,07,KATARAM,2010030,SUNDERAJPET,,
21_4,JAYASHANKAR BHOOPALPALLY,07,KATARAM,2010005,VEERAPOOR,,
21_4,JAYASHANKAR BHOOPALPALLY,07,KATARAM,2010008,VILASAGAR,,
21_4,JAYASHANKAR BHOOPALPALLY,18,KOTHAPALLYGORI,2140012,CHENNAPUR,,
21_4,JAYASHANKAR BHOOPALPALLY,18,KOTHAPALLYGORI,2140013,CHINNAKODEPAKA,,
21_4,JAYASHANKAR BHOOPALPALLY,18,KOTHAPALLYGORI,2140014,JAGGAIAHPET,,
21_4,JAYASHANKAR BHOOPALPALLY,18,KOTHAPALLYGORI,2140017,JAMSHEDBEIGPET,,
21_4,JAYASHANKAR BHOOPALPALLY,18,KOTHAPALLYGORI,2140016,KONARAOPET,,
21_4,JAYASHANKAR BHOOPALPALLY,18,KOTHAPALLYGORI,2140018,KOTHAPALLEGORI,,
21_4,JAYASHANKAR BHOOPALPALLY,18,KOTHAPALLYGORI,2140015,SULTHANPUR,,
21_4,JAYASHANKAR BHOOPALPALLY,08,MAHADEVPUR,2011031,AMBATPALLE,,
21_4,JAYASHANKAR BHOOPALPALLY,08,MAHADEVPUR,2011002,ANNARAM,,
21_4,JAYASHANKAR BHOOPALPALLY,08,MAHADEVPUR,2011008,BALIJAPUR,,
21_4,JAYASHANKAR BHOOPALPALLY,08,MAHADEVPUR,2011014,BEERSAGAR,,
21_4,JAYASHANKAR BHOOPALPALLY,08,MAHADEVPUR,2011023,BEGLUR,,
21_4,JAYASHANKAR BHOOPALPALLY,08,MAHADEVPUR,2011021,BOMMAPUR,,
21_4,JAYASHANKAR BHOOPALPALLY,08,MAHADEVPUR,2011020,BRAHMANPALLE,,
21_4,JAYASHANKAR BHOOPALPALLY,08,MAHADEVPUR,2011003,CHINDRAPALLE,,
21_4,JAYASHANKAR BHOOPALPALLY,08,MAHADEVPUR,2011018,EDAPALLE,,
21_4,JAYASHANKAR BHOOPALPALLY,08,MAHADEVPUR,2011022,ELKESWARAM,,
21_4,JAYASHANKAR BHOOPALPALLY,08,MAHADEVPUR,2011011,KALESWARAM,,
21_4,JAYASHANKAR BHOOPALPALLY,08,MAHADEVPUR,2011016,KANCHERLAPALLE,,
21_4,JAYASHANKAR BHOOPALPALLY,08,MAHADEVPUR,2011012,KANNEPALLE,,
21_4,JAYASHANKAR BHOOPALPALLY,08,MAHADEVPUR,2011028,KISHTARAOPET,,
21_4,JAYASHANKAR BHOOPALPALLY,08,MAHADEVPUR,2011017,KOTHAPET,,
21_4,JAYASHANKAR BHOOPALPALLY,08,MAHADEVPUR,2011015,KUDURPALLE,,
21_4,JAYASHANKAR BHOOPALPALLY,08,MAHADEVPUR,2011007,KUNTLAM,,
21_4,JAYASHANKAR BHOOPALPALLY,08,MAHADEVPUR,2011025,LAXMIPUR,,
21_4,JAYASHANKAR BHOOPALPALLY,08,MAHADEVPUR,2011019,MAHADEVPUR,,
21_4,JAYASHANKAR BHOOPALPALLY,08,MAHADEVPUR,2011010,MAJEEDPALLE,,
21_4,JAYASHANKAR BHOOPALPALLY,08,MAHADEVPUR,2011030,MEDIGADDA,,
21_4,JAYASHANKAR BHOOPALPALLY,08,MAHADEVPUR,2011013,METPALLE,,
21_4,JAYASHANKAR BHOOPALPALLY,08,MAHADEVPUR,2011005,MUDDULAPALLE,,
21_4,JAYASHANKAR BHOOPALPALLY,08,MAHADEVPUR,2011024,MUKTIPALLE,,
21_4,JAYASHANKAR BHOOPALPALLY,08,MAHADEVPUR,2011004,NAGEPALLE,,
21_4,JAYASHANKAR BHOOPALPALLY,08,MAHADEVPUR,2011006,PALGULA,,
21_4,JAYASHANKAR BHOOPALPALLY,08,MAHADEVPUR,2011032,PEDDAMPET,,
21_4,JAYASHANKAR BHOOPALPALLY,08,MAHADEVPUR,2011009,PUSKUPALLE,,
21_4,JAYASHANKAR BHOOPALPALLY,08,MAHADEVPUR,2011026,RAPALLEKOTA,,
21_4,JAYASHANKAR BHOOPALPALLY,08,MAHADEVPUR,2011029,SURARAM,,
21_4,JAYASHANKAR BHOOPALPALLY,08,MAHADEVPUR,2011001,TALLAGADDA,,
21_4,JAYASHANKAR BHOOPALPALLY,08,MAHADEVPUR,2011027,YENKEPALLE,,
21_4,JAYASHANKAR BHOOPALPALLY,09,MALHARRAO,2013020,ANKANPALLE,,
21_4,JAYASHANKAR BHOOPALPALLY,09,MALHARRAO,2013016,ANSANPALLE,,
21_4,JAYASHANKAR BHOOPALPALLY,09,MALHARRAO,2013006,CHIGURUPALLE,,
21_4,JAYASHANKAR BHOOPALPALLY,09,MALHARRAO,2013010,CHINNA THOONDLA,,
21_4,JAYASHANKAR BHOOPALPALLY,09,MALHARRAO,2013004,DOMALA MADARAM,,
21_4,JAYASHANKAR BHOOPALPALLY,09,MALHARRAO,2013008,DUBBAGATTU,,
21_4,JAYASHANKAR BHOOPALPALLY,09,MALHARRAO,2013009,DUBBAPETA,,
21_4,JAYASHANKAR BHOOPALPALLY,09,MALHARRAO,2013018,GANDHARLA,,
21_4,JAYASHANKAR BHOOPALPALLY,09,MALHARRAO,2013013,KAPURAM,,
21_4,JAYASHANKAR BHOOPALPALLY,09,MALHARRAO,2013001,KONDAMPET,,
21_4,JAYASHANKAR BHOOPALPALLY,09,MALHARRAO,2013021,KORLAKUNTA,,
21_4,JAYASHANKAR BHOOPALPALLY,09,MALHARRAO,2013022,MALLAMPALLE,,
21_4,JAYASHANKAR BHOOPALPALLY,09,MALHARRAO,2013011,MALLARAM,,
21_4,JAYASHANKAR BHOOPALPALLY,09,MALHARRAO,2013007,MOTHKUPALLE,,
21_4,JAYASHANKAR BHOOPALPALLY,09,MALHARRAO,2013015,NACHARAM,,
21_4,JAYASHANKAR BHOOPALPALLY,09,MALHARRAO,2013019,PEDDA THOONDLA,,
21_4,JAYASHANKAR BHOOPALPALLY,09,MALHARRAO,2013005,RUDRARAM,,
21_4,JAYASHANKAR BHOOPALPALLY,09,MALHARRAO,2013014,SHATRAJPALLE,,
21_4,JAYASHANKAR BHOOPALPALLY,09,MALHARRAO,2013012,TADICHERLA,,
21_4,JAYASHANKAR BHOOPALPALLY,09,MALHARRAO,2013017,TADWAI,,
21_4,JAYASHANKAR BHOOPALPALLY,09,MALHARRAO,2013002,VALLAMKUNTA,,
21_4,JAYASHANKAR BHOOPALPALLY,09,MALHARRAO,2013003,YEDLAPALLE,,
21_4,JAYASHANKAR BHOOPALPALLY,11,MOGULLAPALLY,2141003,AKINEPALLE,,
21_4,JAYASHANKAR BHOOPALPALLY,11,MOGULLAPALLY,2141012,ANKUSHAPUR,,
21_4,JAYASHANKAR BHOOPALPALLY,11,MOGULLAPALLY,2141016,GUDIPAHAD,,
21_4,JAYASHANKAR BHOOPALPALLY,11,MOGULLAPALLY,2141018,GUNDLAKARTHI,,
21_4,JAYASHANKAR BHOOPALPALLY,11,MOGULLAPALLY,2141015,ISSIPET,,
21_4,JAYASHANKAR BHOOPALPALLY,11,MOGULLAPALLY,2141005,KURKISHALA,,
21_4,JAYASHANKAR BHOOPALPALLY,11,MOGULLAPALLY,2141013,MEDARAMATLA,,
21_4,JAYASHANKAR BHOOPALPALLY,11,MOGULLAPALLY,2141019,METPALLE,,
21_4,JAYASHANKAR BHOOPALPALLY,11,MOGULLAPALLY,2141011,MOGULLAPALLE,,
21_4,JAYASHANKAR BHOOPALPALLY,11,MOGULLAPALLY,2141008,MOTLAPALLE,,
21_4,JAYASHANKAR BHOOPALPALLY,11,MOGULLAPALLY,2141010,MULKALAPALLE,,
21_4,JAYASHANKAR BHOOPALPALLY,11,MOGULLAPALLY,2141007,PARLAPALLE,,
21_4,JAYASHANKAR BHOOPALPALLY,11,MOGULLAPALLY,2141006,PEDDAKOMATIPALLE,,
21_4,JAYASHANKAR BHOOPALPALLY,11,MOGULLAPALLY,2141009,PIDISILLA,,
21_4,JAYASHANKAR BHOOPALPALLY,11,MOGULLAPALLY,2141004,POTHUGAL,,
21_4,JAYASHANKAR BHOOPALPALLY,11,MOGULLAPALLY,2141014,RANGAPURAM,,
21_4,JAYASHANKAR BHOOPALPALLY,11,MOGULLAPALLY,2141017,VEMULAPALLE,,
21_4,JAYASHANKAR BHOOPALPALLY,13,MUTHARAM MAHADEVPUR,2012016,BORLAGUDEM,,
21_4,JAYASHANKAR BHOOPALPALLY,13,MUTHARAM MAHADEVPUR,2012014,GADDALAPALLE,,
21_4,JAYASHANKAR BHOOPALPALLY,13,MUTHARAM MAHADEVPUR,2012022,GANDIKAMARAM,,
21_4,JAYASHANKAR BHOOPALPALLY,13,MUTHARAM MAHADEVPUR,2012009,JEELAPALLE,,
21_4,JAYASHANKAR BHOOPALPALLY,13,MUTHARAM MAHADEVPUR,2012013,KANKUNOOR,,
21_4,JAYASHANKAR BHOOPALPALLY,13,MUTHARAM MAHADEVPUR,2012002,KORLAKUNTA,,
21_4,JAYASHANKAR BHOOPALPALLY,13,MUTHARAM MAHADEVPUR,2012001,MADHARAM,,
21_4,JAYASHANKAR BHOOPALPALLY,13,MUTHARAM MAHADEVPUR,2012004,MULUGUPALLE,,
21_4,JAYASHANKAR BHOOPALPALLY,13,MUTHARAM MAHADEVPUR,2012006,MUTHARAM,,
21_4,JAYASHANKAR BHOOPALPALLY,13,MUTHARAM MAHADEVPUR,2012018,NALLAGUNTA (MEENAJIPET),,
21_4,JAYASHANKAR BHOOPALPALLY,13,MUTHARAM MAHADEVPUR,2012010,NIMMAGUDEM,,
21_4,JAYASHANKAR BHOOPALPALLY,13,MUTHARAM MAHADEVPUR,2012017,PEGDAPALLE,,
21_4,JAYASHANKAR BHOOPALPALLY,13,MUTHARAM MAHADEVPUR,2012005,POLARAM,,
21_4,JAYASHANKAR BHOOPALPALLY,13,MUTHARAM MAHADEVPUR,2012015,REDDIPALLE,,
21_4,JAYASHANKAR BHOOPALPALLY,13,MUTHARAM MAHADEVPUR,2012019,REGULA GUDEM,,
21_4,JAYASHANKAR BHOOPALPALLY,13,MUTHARAM MAHADEVPUR,2012012,SINGAMPALLE,,
21_4,JAYASHANKAR BHOOPALPALLY,13,MUTHARAM MAHADEVPUR,2012021,SINGARAM,,
21_4,JAYASHANKAR BHOOPALPALLY,13,MUTHARAM MAHADEVPUR,2012020,STAMBHAMPALLE  (P.K.),,
21_4,JAYASHANKAR BHOOPALPALLY,13,MUTHARAM MAHADEVPUR,2012003,STAMBHAMPALLE (PP),,
21_4,JAYASHANKAR BHOOPALPALLY,13,MUTHARAM MAHADEVPUR,2012007,VAJNEPALLE,,
21_4,JAYASHANKAR BHOOPALPALLY,13,MUTHARAM MAHADEVPUR,2012008,YAMANPALLE,,
21_4,JAYASHANKAR BHOOPALPALLY,13,MUTHARAM MAHADEVPUR,2012011,YETNARAM,,
21_4,JAYASHANKAR BHOOPALPALLY,14,PALIMELA,2011048,BHEEMANPALLE,,
21_4,JAYASHANKAR BHOOPALPALLY,14,PALIMELA,2011038,BOIPALMELA,,
21_4,JAYASHANKAR BHOOPALPALLY,14,PALIMELA,2011041,BURGUGUDEM,,
21_4,JAYASHANKAR BHOOPALPALLY,14,PALIMELA,2011040,DAMMUR,,
21_4,JAYASHANKAR BHOOPALPALLY,14,PALIMELA,2011034,GARKEPALLE,,
21_4,JAYASHANKAR BHOOPALPALLY,14,PALIMELA,2011047,KAMANPALLE,,
21_4,JAYASHANKAR BHOOPALPALLY,14,PALIMELA,2011046,KISHTAPUR,,
21_4,JAYASHANKAR BHOOPALPALLY,14,PALIMELA,2011033,LENKALAGADDA,,
21_4,JAYASHANKAR BHOOPALPALLY,14,PALIMELA,2011039,MEDIGADDA,,
21_4,JAYASHANKAR BHOOPALPALLY,14,PALIMELA,2011049,MODED,,
21_4,JAYASHANKAR BHOOPALPALLY,14,PALIMELA,2011044,MUKNUR,,
21_4,JAYASHANKAR BHOOPALPALLY,14,PALIMELA,2011042,NEELAMPALLE,,
21_4,JAYASHANKAR BHOOPALPALLY,14,PALIMELA,2011036,PALMELA,,
21_4,JAYASHANKAR BHOOPALPALLY,14,PALIMELA,2011035,PANKENA,,
21_4,JAYASHANKAR BHOOPALPALLY,14,PALIMELA,2011037,SARVAIPET,,
21_4,JAYASHANKAR BHOOPALPALLY,14,PALIMELA,2011045,TIMMATIGUDEM,,
21_4,JAYASHANKAR BHOOPALPALLY,14,PALIMELA,2011043,VENCHEPALLE,,
21_4,JAYASHANKAR BHOOPALPALLY,15,REGONDA,2140004,BHAGIRTHIPET,,
21_4,JAYASHANKAR BHOOPALPALLY,15,REGONDA,2140011,DAMMANNAPET,,
21_4,JAYASHANKAR BHOOPALPALLY,15,REGONDA,2140010,KANAPARTHY,,
21_4,JAYASHANKAR BHOOPALPALLY,15,REGONDA,2140003,KODAVATANCHA,,
21_4,JAYASHANKAR BHOOPALPALLY,15,REGONDA,2140008,LINGALA,,
21_4,JAYASHANKAR BHOOPALPALLY,15,REGONDA,2140002,MADATHAPALLI,,
21_4,JAYASHANKAR BHOOPALPALLY,15,REGONDA,2140001,PONUGONDLA,,
21_4,JAYASHANKAR BHOOPALPALLY,15,REGONDA,2140005,RAMANNAGUDEM,,
21_4,JAYASHANKAR BHOOPALPALLY,15,REGONDA,2140007,REGONDA,,
21_4,JAYASHANKAR BHOOPALPALLY,15,REGONDA,2140009,REPAKA,,
21_4,JAYASHANKAR BHOOPALPALLY,15,REGONDA,2140006,TIRUMALAGIRI,,
21_4,JAYASHANKAR BHOOPALPALLY,17,TEKUMATLA,2142019,ANKUSHAPUR,,
21_4,JAYASHANKAR BHOOPALPALLY,17,TEKUMATLA,2142009,BORNA PALLE,,
21_4,JAYASHANKAR BHOOPALPALLY,17,TEKUMATLA,2141001,DUBYALA,,
21_4,JAYASHANKAR BHOOPALPALLY,17,TEKUMATLA,2142010,EMPED,,
21_4,JAYASHANKAR BHOOPALPALLY,17,TEKUMATLA,2142008,GARIMILLAPALLE,,
21_4,JAYASHANKAR BHOOPALPALLY,17,TEKUMATLA,2142014,GUMMADAVELLI,,
21_4,JAYASHANKAR BHOOPALPALLY,17,TEKUMATLA,2142002,KALIKOTA,,
21_4,JAYASHANKAR BHOOPALPALLY,17,TEKUMATLA,2142013,KUNDANPALLE,,
21_4,JAYASHANKAR BHOOPALPALLY,17,TEKUMATLA,2142016,PANGIDIPALLE,,
21_4,JAYASHANKAR BHOOPALPALLY,17,TEKUMATLA,2142007,RAGHAVAPUR,,
21_4,JAYASHANKAR BHOOPALPALLY,17,TEKUMATLA,2141002,RAGHAVAREDDIPET,,
21_4,JAYASHANKAR BHOOPALPALLY,17,TEKUMATLA,2142018,RAMAKISTAPUR(T),,
21_4,JAYASHANKAR BHOOPALPALLY,17,TEKUMATLA,2142015,RAMAKISTAPUR(V),,
21_4,JAYASHANKAR BHOOPALPALLY,17,TEKUMATLA,2142020,SOMAN PALLE,,
21_4,JAYASHANKAR BHOOPALPALLY,17,TEKUMATLA,2142017,TEKUMATLA,,
21_4,JAYASHANKAR BHOOPALPALLY,17,TEKUMATLA,2142012,VELCHAL,,
21_4,JAYASHANKAR BHOOPALPALLY,17,TEKUMATLA,2142011,VELLAM PALLE,,
21_4,JAYASHANKAR BHOOPALPALLY,17,TEKUMATLA,2142001,VENKATRAOPALLE,,
21_5,MAHABUBABAD,01,BAYYARAM,2221011,BAYYARAM,,
21_5,MAHABUBABAD,01,BAYYARAM,2221017,DHARMAPURAM,,
21_5,MAHABUBABAD,01,BAYYARAM,2221013,GANDHAMPALLI,,
21_5,MAHABUBABAD,01,BAYYARAM,2221009,GOWRARAM,,
21_5,MAHABUBABAD,01,BAYYARAM,2221001,GURIMELLA,,
21_5,MAHABUBABAD,01,BAYYARAM,2221012,IRSULAPURAM,,
21_5,MAHABUBABAD,01,BAYYARAM,2221003,JAGATHRAO PET,,
21_5,MAHABUBABAD,01,BAYYARAM,2221016,KACHANAPALLI,,
21_5,MAHABUBABAD,01,BAYYARAM,2221006,KAMBALAPALLI,,
21_5,MAHABUBABAD,01,BAYYARAM,2221005,KOMMAVARAM,,
21_5,MAHABUBABAD,01,BAYYARAM,2221015,KOTHAPETA,,
21_5,MAHABUBABAD,01,BAYYARAM,2221007,LINGAGIRI,,
21_5,MAHABUBABAD,01,BAYYARAM,2221002,MOTLATHIMMAPURAM,,
21_5,MAHABUBABAD,01,BAYYARAM,2221008,RAMACHANDRAPURAM,,
21_5,MAHABUBABAD,01,BAYYARAM,2221014,SINGARAM,,
21_5,MAHABUBABAD,01,BAYYARAM,2221010,UPPALAPADU,,
21_5,MAHABUBABAD,01,BAYYARAM,2221004,VENKATAPURAM,,
21_5,MAHABUBABAD,02,CHINNAGUDUR,2121002,CHINNAGUDUR,,
21_5,MAHABUBABAD,02,CHINNAGUDUR,2120017,GUNDAMRAJUPALLE,,
21_5,MAHABUBABAD,02,CHINNAGUDUR,2121003,JAYYARAM,,
21_5,MAHABUBABAD,02,CHINNAGUDUR,2121001,UGGAMPALLE,,
21_5,MAHABUBABAD,02,CHINNAGUDUR,2121004,VEESAMPALLE,,
21_5,MAHABUBABAD,03,DANTHALAPALLE,2120004,AGAPETA,,
21_5,MAHABUBABAD,03,DANTHALAPALLE,2119016,BODLADA,,
21_5,MAHABUBABAD,03,DANTHALAPALLE,2120005,DANTHALAPALLE,,
21_5,MAHABUBABAD,03,DANTHALAPALLE,2120010,DATLA,,
21_5,MAHABUBABAD,03,DANTHALAPALLE,2120006,GUNNEPALLE,,
21_5,MAHABUBABAD,03,DANTHALAPALLE,2120002,KALVAPALLE,,
21_5,MAHABUBABAD,03,DANTHALAPALLE,2120007,KUMMARIKUNTLA,,
21_5,MAHABUBABAD,03,DANTHALAPALLE,2120001,PEDDAMUPPARAM,,
21_5,MAHABUBABAD,03,DANTHALAPALLE,2120003,RAMAVARAM,,
21_5,MAHABUBABAD,03,DANTHALAPALLE,2120009,REPONI,,
21_5,MAHABUBABAD,03,DANTHALAPALLE,2120008,VEMULAPALLE,,
21_5,MAHABUBABAD,04,DORNAKAL,2122013,AMMAPALEM,,
21_5,MAHABUBABAD,04,DORNAKAL,2122005,BURGUPAHAD,,
21_5,MAHABUBABAD,04,DORNAKAL,2122001,CHILKODU,,
21_5,MAHABUBABAD,04,DORNAKAL,2122003,DORNAKAL,,
21_5,MAHABUBABAD,04,DORNAKAL,2122002,GOLLACHERLA,,
21_5,MAHABUBABAD,04,DORNAKAL,2122012,GURRALAKUNTA,,
21_5,MAHABUBABAD,04,DORNAKAL,2122010,KANNEGUNDLA,,
21_5,MAHABUBABAD,04,DORNAKAL,2122008,MULKALAPALLE,,
21_5,MAHABUBABAD,04,DORNAKAL,2122006,PERUMANDLASANKEESA,,
21_5,MAHABUBABAD,04,DORNAKAL,2122009,RAVIGUDEM,,
21_5,MAHABUBABAD,04,DORNAKAL,2122004,UYYALAWADA,,
21_5,MAHABUBABAD,04,DORNAKAL,2122011,VENNARRAM,,
21_5,MAHABUBABAD,05,GANGARAM,2128045,BAVURUGONDA,,
21_5,MAHABUBABAD,05,GANGARAM,2128067,BHUPALAPATNAM (D),,
21_5,MAHABUBABAD,05,GANGARAM,2128041,CHINTHAGUDEM,,
21_5,MAHABUBABAD,05,GANGARAM,2128036,DUBBAGUDEM,,
21_5,MAHABUBABAD,05,GANGARAM,2128066,GANGARAM,,
21_5,MAHABUBABAD,05,GANGARAM,2128040,JANGALPALLE,,
21_5,MAHABUBABAD,05,GANGARAM,2128032,KAMARAM,,
21_5,MAHABUBABAD,05,GANGARAM,2128043,KATRENAM,,
21_5,MAHABUBABAD,05,GANGARAM,2128068,KODISHALAMITTA,,
21_5,MAHABUBABAD,05,GANGARAM,2128044,KOMATLAGUDEM,,
21_5,MAHABUBABAD,05,GANGARAM,2128063,MADAGUDEM,,
21_5,MAHABUBABAD,05,GANGARAM,2128038,MAHADEVUNIGUDEM,,
21_5,MAHABUBABAD,05,GANGARAM,2128035,MAMIDIGUDEM,,
21_5,MAHABUBABAD,05,GANGARAM,2128037,MARRIGUDEM,,
21_5,MAHABUBABAD,05,GANGARAM,2128042,NARSUGUDEM,,
21_5,MAHABUBABAD,05,GANGARAM,2128046,OORABAKA,,
21_5,MAHABUBABAD,05,GANGARAM,2128069,PANDEM,,
21_5,MAHABUBABAD,05,GANGARAM,2128039,PEDDAYELLAPUR,,
21_5,MAHABUBABAD,05,GANGARAM,2128033,PONUGONDA,,
21_5,MAHABUBABAD,05,GANGARAM,2128047,PUTTALABHUPATHY,,
21_5,MAHABUBABAD,05,GANGARAM,2128034,RAMAVARAM,,
21_5,MAHABUBABAD,05,GANGARAM,2128062,THIRMALGANDI,,
21_5,MAHABUBABAD,06,GARLA,2222005,BUDDHARAM,,
21_5,MAHABUBABAD,06,GARLA,2222003,CHANDRAGIRI,,
21_5,MAHABUBABAD,06,GARLA,2222006,GARLA,,
21_5,MAHABUBABAD,06,GARLA,2222009,GOPALAPURAM,,
21_5,MAHABUBABAD,06,GARLA,2222007,KANNAIGUDEM,,
21_5,MAHABUBABAD,06,GARLA,2222002,MADDI VANCHA,,
21_5,MAHABUBABAD,06,GARLA,2222001,MULKANOOR,,
21_5,MAHABUBABAD,06,GARLA,2222010,POCHARAM,,
21_5,MAHABUBABAD,06,GARLA,2222011,PULLURU,,
21_5,MAHABUBABAD,06,GARLA,2222004,RAMPURAM,,
21_5,MAHABUBABAD,06,GARLA,2222008,SERIPURAM,,
21_5,MAHABUBABAD,07,GUDUR,2127009,ADIVARAMPET,,
21_5,MAHABUBABAD,07,GUDUR,2127022,APPARAJPALLY,,
21_5,MAHABUBABAD,07,GUDUR,2127004,AYODHYAPUR,,
21_5,MAHABUBABAD,07,GUDUR,2127008,BHUPATHIPET,,
21_5,MAHABUBABAD,07,GUDUR,2127023,BODDUGONDA,,
21_5,MAHABUBABAD,07,GUDUR,2127016,BOLLEPALLY,,
21_5,MAHABUBABAD,07,GUDUR,2127010,CHINNAYELLAPUR,,
21_5,MAHABUBABAD,07,GUDUR,2127021,DAMERAVANCHA,,
21_5,MAHABUBABAD,07,GUDUR,2127003,GAJULAGHAT,,
21_5,MAHABUBABAD,07,GUDUR,2127020,GOVINDAPURAM,,
21_5,MAHABUBABAD,07,GUDUR,2127015,GUDUR,,
21_5,MAHABUBABAD,07,GUDUR,2127001,GUNDENGA,,
21_5,MAHABUBABAD,07,GUDUR,2127025,KANGARAGIDDA,,
21_5,MAHABUBABAD,07,GUDUR,2127006,KESHAVAPATNAM,,
21_5,MAHABUBABAD,07,GUDUR,2127024,KOLLAPUR,,
21_5,MAHABUBABAD,07,GUDUR,2127014,MACHARLA,,
21_5,MAHABUBABAD,07,GUDUR,2127002,MADANAPUR,,
21_5,MAHABUBABAD,07,GUDUR,2127026,MATWADA,,
21_5,MAHABUBABAD,07,GUDUR,2127018,NAIKPALLY,,
21_5,MAHABUBABAD,07,GUDUR,2127027,NEELAVANCHA,,
21_5,MAHABUBABAD,07,GUDUR,2127013,OOTLA,,
21_5,MAHABUBABAD,07,GUDUR,2127005,PONUGODU,,
21_5,MAHABUBABAD,07,GUDUR,2127017,RAJANPALLY,,
21_5,MAHABUBABAD,07,GUDUR,2127011,SEETHANAGARAM,,
21_5,MAHABUBABAD,07,GUDUR,2127019,TEEGALAVENI,,
21_5,MAHABUBABAD,07,GUDUR,2127028,TIMMAPUR,,
21_5,MAHABUBABAD,07,GUDUR,2127012,VEERAMPET,,
21_5,MAHABUBABAD,07,GUDUR,2127007,VENGAPET,,
21_5,MAHABUBABAD,18,INUGURTHY,2119007,CHINNAMUPPARAM,,
21_5,MAHABUBABAD,18,INUGURTHY,2119005,CHINNANAGARAM,,
21_5,MAHABUBABAD,18,INUGURTHY,2125008,INUGURTHY,,
21_5,MAHABUBABAD,18,INUGURTHY,2125009,KOMATIPALLY,,
21_5,MAHABUBABAD,08,KESAMUDRAM,2125016,ANNARAM,,
21_5,MAHABUBABAD,08,KESAMUDRAM,2125004,ARPANAPALLE,,
21_5,MAHABUBABAD,08,KESAMUDRAM,2125013,BERIWADA,,
21_5,MAHABUBABAD,08,KESAMUDRAM,2125011,DHANASARI,,
21_5,MAHABUBABAD,08,KESAMUDRAM,2125002,INTIKANNE,,
21_5,MAHABUBABAD,08,KESAMUDRAM,2125010,KALWALA,,
21_5,MAHABUBABAD,08,KESAMUDRAM,2125003,KATREPALLE,,
21_5,MAHABUBABAD,08,KESAMUDRAM,2125006,KESAMUDRAM,,
21_5,MAHABUBABAD,08,KESAMUDRAM,2125001,KORUKONDAPALLE,,
21_5,MAHABUBABAD,08,KESAMUDRAM,2125007,MAHAMOODPATNAM,,
21_5,MAHABUBABAD,08,KESAMUDRAM,2125017,NARAYANAPURAM,,
21_5,MAHABUBABAD,08,KESAMUDRAM,2125012,PENUGONDA,,
21_5,MAHABUBABAD,08,KESAMUDRAM,2125014,RANGAPURAM,,
21_5,MAHABUBABAD,08,KESAMUDRAM,2125015,TALLAPUSAPALLY,,
21_5,MAHABUBABAD,08,KESAMUDRAM,2125005,UPPARAPALLE,,
21_5,MAHABUBABAD,09,KOTHAGUDA,2128003,ANKANNAGUDEM,,
21_5,MAHABUBABAD,09,KOTHAGUDA,2128054,BAKKACHINTHALAPAD,,
21_5,MAHABUBABAD,09,KOTHAGUDA,2128061,BATHULAPALLE,,
21_5,MAHABUBABAD,09,KOTHAGUDA,2128049,BOTHAVANIGUDEM,,
21_5,MAHABUBABAD,09,KOTHAGUDA,2128006,DEVAVARAM (D),,
21_5,MAHABUBABAD,09,KOTHAGUDA,2128048,DORAVARIVEMPALLE,,
21_5,MAHABUBABAD,09,KOTHAGUDA,2128030,DURGARAM,,
21_5,MAHABUBABAD,09,KOTHAGUDA,2128014,ENCHAGUDEM,,
21_5,MAHABUBABAD,09,KOTHAGUDA,2128060,ESHWARAGUDEM,,
21_5,MAHABUBABAD,09,KOTHAGUDA,2128057,GOPALPUR,,
21_5,MAHABUBABAD,09,KOTHAGUDA,2128023,GOVINDAPUR,,
21_5,MAHABUBABAD,09,KOTHAGUDA,2128016,GUNDAM,,
21_5,MAHABUBABAD,09,KOTHAGUDA,2128029,GUNDREPALLE,,
21_5,MAHABUBABAD,09,KOTHAGUDA,2128058,GUNJED,,
21_5,MAHABUBABAD,09,KOTHAGUDA,2128005,IPPALAPEGADAPUR (D),,
21_5,MAHABUBABAD,09,KOTHAGUDA,2128064,IRUKULAKUNTA  (D),,
21_5,MAHABUBABAD,09,KOTHAGUDA,2128026,JANGALPALLE   (D),,
21_5,MAHABUBABAD,09,KOTHAGUDA,2128010,JANGAMVANIGUDEM,,
21_5,MAHABUBABAD,09,KOTHAGUDA,2128065,KARLAI,,
21_5,MAHABUBABAD,09,KOTHAGUDA,2128031,KARNEGANDI,,
21_5,MAHABUBABAD,09,KOTHAGUDA,2128056,KISHTAPUR,,
21_5,MAHABUBABAD,09,KOTHAGUDA,2128002,KONAPUR,,
21_5,MAHABUBABAD,09,KOTHAGUDA,2128027,KOTHAGUDEM,,
21_5,MAHABUBABAD,09,KOTHAGUDA,2128025,KOTHAPALLE,,
21_5,MAHABUBABAD,09,KOTHAGUDA,2128011,KUNDANPALLE,,
21_5,MAHABUBABAD,09,KOTHAGUDA,2128022,MANCHANPALLE,,
21_5,MAHABUBABAD,09,KOTHAGUDA,2128017,MOKALLAPALLE,,
21_5,MAHABUBABAD,09,KOTHAGUDA,2128015,MORRAIGUDEM,,
21_5,MAHABUBABAD,09,KOTHAGUDA,2128050,MUSIMI,,
21_5,MAHABUBABAD,09,KOTHAGUDA,2128024,MYLARAM,,
21_5,MAHABUBABAD,09,KOTHAGUDA,2128020,NEELAMPALLE,,
21_5,MAHABUBABAD,09,KOTHAGUDA,2128012,OOTAI,,
21_5,MAHABUBABAD,09,KOTHAGUDA,2128028,PEGADAPALLE,,
21_5,MAHABUBABAD,09,KOTHAGUDA,2128018,POGALLAPALLE,,
21_5,MAHABUBABAD,09,KOTHAGUDA,2128053,POLARAM,,
21_5,MAHABUBABAD,09,KOTHAGUDA,2128004,RAMPUR  (D),,
21_5,MAHABUBABAD,09,KOTHAGUDA,2128007,RANGAPPAGUDEM,,
21_5,MAHABUBABAD,09,KOTHAGUDA,2128052,ROUTHUGUDEM,,
21_5,MAHABUBABAD,09,KOTHAGUDA,2128021,RUDRAVARAM (D),,
21_5,MAHABUBABAD,09,KOTHAGUDA,2128013,SADIREDDIPALLE,,
21_5,MAHABUBABAD,09,KOTHAGUDA,2128059,THATIVARIVEMPALLE,,
21_5,MAHABUBABAD,09,KOTHAGUDA,2128001,THIMMAPUR,,
21_5,MAHABUBABAD,09,KOTHAGUDA,2128055,UPPARAGUDEM (D),,
21_5,MAHABUBABAD,09,KOTHAGUDA,2128051,VELUBELLY,,
21_5,MAHABUBABAD,09,KOTHAGUDA,2128019,VOJJAVANIGUDEM(D),,
21_5,MAHABUBABAD,09,KOTHAGUDA,2128008,YEDULLAPALLE,,
21_5,MAHABUBABAD,09,KOTHAGUDA,2128009,YERRAVARAM,,
21_5,MAHABUBABAD,10,KURAVI,2123005,AYYAGARIPALLE,,
21_5,MAHABUBABAD,10,KURAVI,2123020,BALAPALA,,
21_5,MAHABUBABAD,10,KURAVI,2123009,GUNDRATHIMADUGU,,
21_5,MAHABUBABAD,10,KURAVI,2123011,KANCHARLAGUDEM,,
21_5,MAHABUBABAD,10,KURAVI,2123004,KANDIKONDA,,
21_5,MAHABUBABAD,10,KURAVI,2123006,KURAVI,,
21_5,MAHABUBABAD,10,KURAVI,2123013,MODUGULAGUDEM,,
21_5,MAHABUBABAD,10,KURAVI,2123007,MOGILICHERLA,,
21_5,MAHABUBABAD,10,KURAVI,2123019,NALLELLA,,
21_5,MAHABUBABAD,10,KURAVI,2123008,NARAYANAPUR,,
21_5,MAHABUBABAD,10,KURAVI,2123001,NERADA,,
21_5,MAHABUBABAD,10,KURAVI,2123010,RAJOLE,,
21_5,MAHABUBABAD,10,KURAVI,2123003,SUDANPALLE,,
21_5,MAHABUBABAD,10,KURAVI,2123002,THATTUPALLE,,
21_5,MAHABUBABAD,10,KURAVI,2123012,THIRUMALAPURAM,,
21_5,MAHABUBABAD,11,MAHABUBABAD,2124005,AMMANGAL,,
21_5,MAHABUBABAD,11,MAHABUBABAD,2124015,ANANTHARAMU,,
21_5,MAHABUBABAD,11,MAHABUBABAD,2124019,BETHOLE,,
21_5,MAHABUBABAD,11,MAHABUBABAD,2124008,EDULAPUSAPALLE,,
21_5,MAHABUBABAD,11,MAHABUBABAD,2124016,GUMUDURU,,
21_5,MAHABUBABAD,11,MAHABUBABAD,2124014,JAMANNDLAPALLE,,
21_5,MAHABUBABAD,11,MAHABUBABAD,2124003,JANGLIGONDA,,
21_5,MAHABUBABAD,11,MAHABUBABAD,2124012,KAMBALAPALLY,,
21_5,MAHABUBABAD,11,MAHABUBABAD,2124002,LAXMIPUR,,
21_5,MAHABUBABAD,11,MAHABUBABAD,2124020,MADHAVAPUR,,
21_5,MAHABUBABAD,11,MAHABUBABAD,2124017,MAHABUBABAD,,
21_5,MAHABUBABAD,11,MAHABUBABAD,2124018,MALIALA,,
21_5,MAHABUBABAD,11,MAHABUBABAD,2124006,MUDUPUGAL,,
21_5,MAHABUBABAD,11,MAHABUBABAD,2124013,NANDIWADA,,
21_5,MAHABUBABAD,11,MAHABUBABAD,2124004,PARVATHAGIRI,,
21_5,MAHABUBABAD,11,MAHABUBABAD,2124011,REDDIAL,,
21_5,MAHABUBABAD,11,MAHABUBABAD,2124007,SHANIGAPURAM,,
21_5,MAHABUBABAD,11,MAHABUBABAD,2124001,SINGARAM,,
21_5,MAHABUBABAD,11,MAHABUBABAD,2124010,V.S.LAKSHMIPUR,,
21_5,MAHABUBABAD,11,MAHABUBABAD,2124009,VEMUNUR,,
21_5,MAHABUBABAD,12,MARIPEDA,2121022,ABBAIPALEM,,
21_5,MAHABUBABAD,12,MARIPEDA,2121006,ANEPUR,,
21_5,MAHABUBABAD,12,MARIPEDA,2121020,BEECHARAJPALLE,,
21_5,MAHABUBABAD,12,MARIPEDA,2121012,BURHANPUR,,
21_5,MAHABUBABAD,12,MARIPEDA,2121008,CHILLAMCHERLA,,
21_5,MAHABUBABAD,12,MARIPEDA,2121019,DHARMARAM,,
21_5,MAHABUBABAD,12,MARIPEDA,2121018,ERJERLA,,
21_5,MAHABUBABAD,12,MARIPEDA,2121023,GALIVARIGUDEM,,
21_5,MAHABUBABAD,12,MARIPEDA,2121014,GIRIPURAM,,
21_5,MAHABUBABAD,12,MARIPEDA,2121013,GUNDEPUDI,,
21_5,MAHABUBABAD,12,MARIPEDA,2121015,MARIPEDA,,
21_5,MAHABUBABAD,12,MARIPEDA,2121007,NEELAKURTHY,,
21_5,MAHABUBABAD,12,MARIPEDA,2121021,PURUSHOTHAMAIGUDEM,,
21_5,MAHABUBABAD,12,MARIPEDA,2121009,RAMPURAM,,
21_5,MAHABUBABAD,12,MARIPEDA,2121010,THALLAOOKAL,,
21_5,MAHABUBABAD,12,MARIPEDA,2121011,THANAMCHERLA,,
21_5,MAHABUBABAD,12,MARIPEDA,2121017,ULLEPALLE,,
21_5,MAHABUBABAD,12,MARIPEDA,2121016,VEERARAM,,
21_5,MAHABUBABAD,12,MARIPEDA,2121005,YELLAMPET,,
21_5,MAHABUBABAD,13,NARSIMHULAPET,2120015,AKKIRALA,,
21_5,MAHABUBABAD,13,NARSIMHULAPET,2120016,BOJJANNAPETA,,
21_5,MAHABUBABAD,13,NARSIMHULAPET,2120014,JAYAPURAM,,
21_5,MAHABUBABAD,13,NARSIMHULAPET,2120013,KOMMULAVANCHA,,
21_5,MAHABUBABAD,13,NARSIMHULAPET,2120018,KOWSALYADEVIPALLE,,
21_5,MAHABUBABAD,13,NARSIMHULAPET,2120019,MUNGIMADUGU,,
21_5,MAHABUBABAD,13,NARSIMHULAPET,2120012,NARSIMHULAPET,,
21_5,MAHABUBABAD,13,NARSIMHULAPET,2120020,PEDDANAGARAM,,
21_5,MAHABUBABAD,13,NARSIMHULAPET,2120011,VANTHADUPULA,,
21_5,MAHABUBABAD,14,NELLIKUDUR,2119008,ALAIR,,
21_5,MAHABUBABAD,14,NELLIKUDUR,2119015,BRAHMANAKOTHAPALLE,,
21_5,MAHABUBABAD,14,NELLIKUDUR,2119004,KACHIKAL,,
21_5,MAHABUBABAD,14,NELLIKUDUR,2119017,MADANTHURTHY,,
21_5,MAHABUBABAD,14,NELLIKUDUR,2119001,MECHARAJPALLE,,
21_5,MAHABUBABAD,14,NELLIKUDUR,2119018,MUNUGALVEDU,,
21_5,MAHABUBABAD,14,NELLIKUDUR,2119013,NAINALA,,
21_5,MAHABUBABAD,14,NELLIKUDUR,2119010,NARASIMHULAGUDEM,,
21_5,MAHABUBABAD,14,NELLIKUDUR,2119014,NELLIKUDUR,,
21_5,MAHABUBABAD,14,NELLIKUDUR,2119006,RAJULAKOTHAPALLE,,
21_5,MAHABUBABAD,14,NELLIKUDUR,2119003,RAMANUJAPURAM,,
21_5,MAHABUBABAD,14,NELLIKUDUR,2119012,RAVIRALA,,
21_5,MAHABUBABAD,14,NELLIKUDUR,2119011,SRIRAMGIRI,,
21_5,MAHABUBABAD,14,NELLIKUDUR,2119009,VAVILALA,,
21_5,MAHABUBABAD,14,NELLIKUDUR,2119002,YERRABELLIGUDEM,,
21_5,MAHABUBABAD,15,PEDDAVANGARA,2116012,AUTHAPURAM,,
21_5,MAHABUBABAD,15,PEDDAVANGARA,2118020,BOMMAKAL,,
21_5,MAHABUBABAD,15,PEDDAVANGARA,2118009,CHINNAVANGARA,,
21_5,MAHABUBABAD,15,PEDDAVANGARA,2118019,CHITYAL,,
21_5,MAHABUBABAD,15,PEDDAVANGARA,2116009,GANTLAKUNTA,,
21_5,MAHABUBABAD,15,PEDDAVANGARA,2116014,KORIPELLE,,
21_5,MAHABUBABAD,15,PEDDAVANGARA,2116013,PEDDAVANGARA,,
21_5,MAHABUBABAD,15,PEDDAVANGARA,2116010,POCHAMPALLE,,
21_5,MAHABUBABAD,15,PEDDAVANGARA,2116016,POCHARAM,,
21_5,MAHABUBABAD,15,PEDDAVANGARA,2116015,WADDEKOTHAPALLE,,
21_5,MAHABUBABAD,17,SEEROLE,2123014,CHINTHALAPALLE,,
21_5,MAHABUBABAD,17,SEEROLE,2123015,KAMPALLE,,
21_5,MAHABUBABAD,17,SEEROLE,2122007,MANNEGUDEM,,
21_5,MAHABUBABAD,17,SEEROLE,2123016,SEEROLE,,
21_5,MAHABUBABAD,17,SEEROLE,2123018,THALLASANKEESA,,
21_5,MAHABUBABAD,17,SEEROLE,2123017,UPPARAGUDEM,,
21_5,MAHABUBABAD,16,THORRUR,2118005,AMMAPURAM,,
21_5,MAHABUBABAD,16,THORRUR,2118025,BONTHUPALLE,,
21_5,MAHABUBABAD,16,THORRUR,2118023,CHERLAPALEM,,
21_5,MAHABUBABAD,16,THORRUR,2118022,CHIKATAIPALEM,,
21_5,MAHABUBABAD,16,THORRUR,2118012,CHINTHALAPALLE,,
21_5,MAHABUBABAD,16,THORRUR,2118016,FATHEPUR,,
21_5,MAHABUBABAD,16,THORRUR,2118017,GOPALAGIRI,,
21_5,MAHABUBABAD,16,THORRUR,2118003,GURTHUR,,
21_5,MAHABUBABAD,16,THORRUR,2118018,HARIPIRYALA,,
21_5,MAHABUBABAD,16,THORRUR,2118001,JAMASTHANPUR,,
21_5,MAHABUBABAD,16,THORRUR,2118013,KANTAIPALEM,,
21_5,MAHABUBABAD,16,THORRUR,2118021,KARKAL,,
21_5,MAHABUBABAD,16,THORRUR,2118004,KHANAPUR,,
21_5,MAHABUBABAD,16,THORRUR,2118006,KOMMANAPALLI,,
21_5,MAHABUBABAD,16,THORRUR,2118014,MADIPALLE,,
21_5,MAHABUBABAD,16,THORRUR,2118024,MATEDU,,
21_5,MAHABUBABAD,16,THORRUR,2118008,NANCHARIMADUR,,
21_5,MAHABUBABAD,16,THORRUR,2118015,POLEPALLE,,
21_5,MAHABUBABAD,16,THORRUR,2118002,SOMARAM,,
21_5,MAHABUBABAD,16,THORRUR,2118011,THORRUR,,
21_5,MAHABUBABAD,16,THORRUR,2118007,VELIKATTE,,
21_5,MAHABUBABAD,16,THORRUR,2118010,VENKATAPURAM,,
21_6,MULUGU,03,ETURNAGARAM,2149045,AKULAVARI GHANPUR,,
21_6,MULUGU,03,ETURNAGARAM,2149029,ALLAMVARI GHANAPURAM,,
21_6,MULUGU,03,ETURNAGARAM,2149051,ALUGUBELLE,,
21_6,MULUGU,03,ETURNAGARAM,2149033,BANAJI BANDHAM,,
21_6,MULUGU,03,ETURNAGARAM,2149043,BUTARAM,,
21_6,MULUGU,03,ETURNAGARAM,2149032,CHALPAKA,,
21_6,MULUGU,03,ETURNAGARAM,2149059,CHINABOINAPALLE,,
21_6,MULUGU,03,ETURNAGARAM,2149063,CHINNA VENKATAPUR,,
21_6,MULUGU,03,ETURNAGARAM,2149021,CHINTHAGUDA,,
21_6,MULUGU,03,ETURNAGARAM,2149058,CHIRRAGUDEM,,
21_6,MULUGU,03,ETURNAGARAM,2149039,DODLA,,
21_6,MULUGU,03,ETURNAGARAM,2149044,EKKELA,,
21_6,MULUGU,03,ETURNAGARAM,2149034,ELISHETTIPALLE,,
21_6,MULUGU,03,ETURNAGARAM,2149046,ETURNAGARAM,,
21_6,MULUGU,03,ETURNAGARAM,2149061,GOGUBELLE,,
21_6,MULUGU,03,ETURNAGARAM,2149040,GUNDENGAVAI,,
21_6,MULUGU,03,ETURNAGARAM,2149037,KONDAI,,
21_6,MULUGU,03,ETURNAGARAM,2149036,KONDRED,,
21_6,MULUGU,03,ETURNAGARAM,2149055,KORETPALLE,,
21_6,MULUGU,03,ETURNAGARAM,2149057,KOTHAGUDEM,,
21_6,MULUGU,03,ETURNAGARAM,2149064,LINGAPUR,,
21_6,MULUGU,03,ETURNAGARAM,2149026,MALLAKATTA,,
21_6,MULUGU,03,ETURNAGARAM,2149038,MALLYAL,,
21_6,MULUGU,03,ETURNAGARAM,2149042,MANASPALLE,,
21_6,MULUGU,03,ETURNAGARAM,2149031,MAREDUPAKA,,
21_6,MULUGU,03,ETURNAGARAM,2149056,MEDARAM,,
21_6,MULUGU,03,ETURNAGARAM,2149041,ODDUGUDEM,,
21_6,MULUGU,03,ETURNAGARAM,2149050,PAPKAPUR,,
21_6,MULUGU,03,ETURNAGARAM,2149062,PEDDA VENKATAPUR,,
21_6,MULUGU,03,ETURNAGARAM,2149030,RAIGUDEM,,
21_6,MULUGU,03,ETURNAGARAM,2149047,RAMANNAGUDEM,,
21_6,MULUGU,03,ETURNAGARAM,2149048,RAMNAGAR (KOYAGUDA),,
21_6,MULUGU,03,ETURNAGARAM,2149025,RAMPUR(AGRAHAR ),,
21_6,MULUGU,03,ETURNAGARAM,2149028,ROHEER,,
21_6,MULUGU,03,ETURNAGARAM,2149027,SHANKARAJPALLE,,
21_6,MULUGU,03,ETURNAGARAM,2149054,SHAPALLE,,
21_6,MULUGU,03,ETURNAGARAM,2149060,SHIVAPUR,,
21_6,MULUGU,03,ETURNAGARAM,2149052,TEEGALVAI,,
21_6,MULUGU,03,ETURNAGARAM,2149049,YELLAPURAM,,
21_6,MULUGU,05,GOVINDARAOPET,2147008,BUSSAPUR,,
21_6,MULUGU,05,GOVINDARAOPET,2147006,CHALWAI,,
21_6,MULUGU,05,GOVINDARAOPET,2147013,DAMMAKKA PALLE,,
21_6,MULUGU,05,GOVINDARAOPET,2147004,KANNAIGUDEM,,
21_6,MULUGU,05,GOVINDARAOPET,2147011,KARLAPALLE,,
21_6,MULUGU,05,GOVINDARAOPET,2147009,LAKNAVARAM,,
21_6,MULUGU,05,GOVINDARAOPET,2147007,MACHCHAPUR,,
21_6,MULUGU,05,GOVINDARAOPET,2147014,MEDARAM (PATTI CHALVAI),,
21_6,MULUGU,05,GOVINDARAOPET,2147001,MOTLAGUDEM,,
21_6,MULUGU,05,GOVINDARAOPET,2147002,MUTHAPUR,,
21_6,MULUGU,05,GOVINDARAOPET,2147003,PASRANAGARAM,,
21_6,MULUGU,05,GOVINDARAOPET,2147010,RAMPUR,,
21_6,MULUGU,05,GOVINDARAOPET,2147005,RANGAPUR,,
21_6,MULUGU,05,GOVINDARAOPET,2147012,VENKATA PURAM,,
21_6,MULUGU,06,KANNAIGUDEM,2149035,AILAPUR,,
21_6,MULUGU,06,KANNAIGUDEM,2149005,ANDUKPALLE,,
21_6,MULUGU,06,KANNAIGUDEM,2149002,BHOPATHIPURAM,,
21_6,MULUGU,06,KANNAIGUDEM,2149019,BUTTAIGUDEM,,
21_6,MULUGU,06,KANNAIGUDEM,2149053,CHINTHAGUDEM,,
21_6,MULUGU,06,KANNAIGUDEM,2149016,CHITYAL,,
21_6,MULUGU,06,KANNAIGUDEM,2149008,DEVADHUMULA,,
21_6,MULUGU,06,KANNAIGUDEM,2149023,ETUR,,
21_6,MULUGU,06,KANNAIGUDEM,2149006,GANGARAM(PG),,
21_6,MULUGU,06,KANNAIGUDEM,2149012,GANGUGUDEM,,
21_6,MULUGU,06,KANNAIGUDEM,2149013,GURREVULA,,
21_6,MULUGU,06,KANNAIGUDEM,2149018,KANNAIGUDEM,,
21_6,MULUGU,06,KANNAIGUDEM,2149024,KANTHANPALLE,,
21_6,MULUGU,06,KANNAIGUDEM,2149010,KOTHUR  (P.G),,
21_6,MULUGU,06,KANNAIGUDEM,2149009,LAXMIPURAM (P.G),,
21_6,MULUGU,06,KANNAIGUDEM,2149015,MALKAPALLE,,
21_6,MULUGU,06,KANNAIGUDEM,2149001,MAREPALLE,,
21_6,MULUGU,06,KANNAIGUDEM,2149017,MUPPANAPALLE,,
21_6,MULUGU,06,KANNAIGUDEM,2149014,PADIGAPUR(PATTIGORREVUL,,
21_6,MULUGU,06,KANNAIGUDEM,2149003,PAREDU,,
21_6,MULUGU,06,KANNAIGUDEM,2149004,RAJANNAPETA,,
21_6,MULUGU,06,KANNAIGUDEM,2149011,RAMPUR,,
21_6,MULUGU,06,KANNAIGUDEM,2149020,SARVAI,,
21_6,MULUGU,06,KANNAIGUDEM,2149022,SINGARAM,,
21_6,MULUGU,06,KANNAIGUDEM,2149007,THUPAKULAGUDEM,,
21_6,MULUGU,21,MALLAMPALLY,2145009,MALLAMPALLE,,
21_6,MULUGU,21,MALLAMPALLY,2145010,RAMCHANDRAPUR,,
21_6,MULUGU,10,MANGAPET,2150019,AKINEPALLE MALLARAM,,
21_6,MULUGU,10,MANGAPET,2150024,BALANNAGUDEM,,
21_6,MULUGU,10,MANGAPET,2150020,BANDARUGUDEM,,
21_6,MULUGU,10,MANGAPET,2150023,BARLAGUDEM (D),,
21_6,MULUGU,10,MANGAPET,2150017,BRAHMANAPALLE,,
21_6,MULUGU,10,MANGAPET,2150009,CHERUPALLE,,
21_6,MULUGU,10,MANGAPET,2150006,CHUNCHUPALLE,,
21_6,MULUGU,10,MANGAPET,2150021,DOMEDA,,
21_6,MULUGU,10,MANGAPET,2150013,GOLLAGUDEM,,
21_6,MULUGU,10,MANGAPET,2150001,KAMALAPUR,,
21_6,MULUGU,10,MANGAPET,2150018,KATHIGUDEM,,
21_6,MULUGU,10,MANGAPET,2150004,KOMATIPALLE,,
21_6,MULUGU,10,MANGAPET,2150022,LODUKGUDEM (D),,
21_6,MULUGU,10,MANGAPET,2150007,MALLUR,,
21_6,MULUGU,10,MANGAPET,2150002,MANGAPET,,
21_6,MULUGU,10,MANGAPET,2150005,NARSAPUR,,
21_6,MULUGU,10,MANGAPET,2150010,NARSIMHASAGAR,,
21_6,MULUGU,10,MANGAPET,2150015,POREDUPALLE,,
21_6,MULUGU,10,MANGAPET,2150014,RAJUPET,,
21_6,MULUGU,10,MANGAPET,2150016,RAMACHANDRUNIPETA,,
21_6,MULUGU,10,MANGAPET,2150012,RAMANAKKAPETA,,
21_6,MULUGU,10,MANGAPET,2150008,THIMMAMPET,,
21_6,MULUGU,10,MANGAPET,2150003,THONDYAL LAXMIPUR,,
21_6,MULUGU,10,MANGAPET,2150011,WADAGUDEM (P.R),,
21_6,MULUGU,12,MULUG,2145008,ABBAPURAM,,
21_6,MULUGU,12,MULUG,2145018,ANKANNAGUDEM,,
21_6,MULUGU,12,MULUG,2145004,ANNAMPALLE,,
21_6,MULUGU,12,MULUG,2145001,BANDARUPALLE,,
21_6,MULUGU,12,MULUG,2145002,INCHERLA,,
21_6,MULUGU,12,MULUG,2145011,JAGGANNAPETA,,
21_6,MULUGU,12,MULUG,2145007,JAKARAM,,
21_6,MULUGU,12,MULUG,2145015,KANNAIGUDEM,,
21_6,MULUGU,12,MULUG,2145003,KASIMDEVIPETA,,
21_6,MULUGU,12,MULUG,2145014,KOTHUR,,
21_6,MULUGU,12,MULUG,2145006,MADANAPALLE,,
21_6,MULUGU,12,MULUG,2145005,MULUG,,
21_6,MULUGU,12,MULUG,2145012,PATHIPALLE,,
21_6,MULUGU,12,MULUG,2145016,PEGADAPALLE,,
21_6,MULUGU,12,MULUG,2145013,POTLAPUR,,
21_6,MULUGU,12,MULUG,2145019,RANABANDAL,,
21_6,MULUGU,12,MULUG,2145017,SARVAPUR,,
21_6,MULUGU,16,TADVAI (SAMMAKKA SARAKKA),2148008,ADHARVAI (D),,
21_6,MULUGU,16,TADVAI (SAMMAKKA SARAKKA),2148057,ALLIGUDEM,,
21_6,MULUGU,16,TADVAI (SAMMAKKA SARAKKA),2148065,AMKAMPALLE,,
21_6,MULUGU,16,TADVAI (SAMMAKKA SARAKKA),2148038,ANNARAM,,
21_6,MULUGU,16,TADVAI (SAMMAKKA SARAKKA),2148073,ASHANNAGUDA YELLAPUR,,
21_6,MULUGU,16,TADVAI (SAMMAKKA SARAKKA),2148044,BANDAL,,
21_6,MULUGU,16,TADVAI (SAMMAKKA SARAKKA),2148030,BANJARAYELLAPUR,,
21_6,MULUGU,16,TADVAI (SAMMAKKA SARAKKA),2148012,BAYYAKKAPET,,
21_6,MULUGU,16,TADVAI (SAMMAKKA SARAKKA),2148067,BEERELLI,,
21_6,MULUGU,16,TADVAI (SAMMAKKA SARAKKA),2148034,BHUPATHIPURAM,,
21_6,MULUGU,16,TADVAI (SAMMAKKA SARAKKA),2148048,BITTUPALLE,,
21_6,MULUGU,16,TADVAI (SAMMAKKA SARAKKA),2148027,BODIGUDEM (D),,
21_6,MULUGU,16,TADVAI (SAMMAKKA SARAKKA),2148053,BOLLEPALLE(P.L),,
21_6,MULUGU,16,TADVAI (SAMMAKKA SARAKKA),2148009,BUDIGAVANIPAHAD,,
21_6,MULUGU,16,TADVAI (SAMMAKKA SARAKKA),2148029,CHENNAPURAM,,
21_6,MULUGU,16,TADVAI (SAMMAKKA SARAKKA),2148050,CHINTALAKATAPUR,,
21_6,MULUGU,16,TADVAI (SAMMAKKA SARAKKA),2148042,CHOWLED,,
21_6,MULUGU,16,TADVAI (SAMMAKKA SARAKKA),2148036,DAMERAVAI,,
21_6,MULUGU,16,TADVAI (SAMMAKKA SARAKKA),2148005,DURGARAM  (D),,
21_6,MULUGU,16,TADVAI (SAMMAKKA SARAKKA),2148015,ELBAKA,,
21_6,MULUGU,16,TADVAI (SAMMAKKA SARAKKA),2148039,GANGARAM (P.A),,
21_6,MULUGU,16,TADVAI (SAMMAKKA SARAKKA),2148014,GONEPALLE,,
21_6,MULUGU,16,TADVAI (SAMMAKKA SARAKKA),2148040,GOPAIGUDEM (P.A),,
21_6,MULUGU,16,TADVAI (SAMMAKKA SARAKKA),2148022,GOURARAM (P.A),,
21_6,MULUGU,16,TADVAI (SAMMAKKA SARAKKA),2148020,IMMADI GUDEM,,
21_6,MULUGU,16,TADVAI (SAMMAKKA SARAKKA),2148006,JAMPANGAVAI,,
21_6,MULUGU,16,TADVAI (SAMMAKKA SARAKKA),2148001,KALWAPALLE,,
21_6,MULUGU,16,TADVAI (SAMMAKKA SARAKKA),2148072,KAMARAM (P.A),,
21_6,MULUGU,16,TADVAI (SAMMAKKA SARAKKA),2148028,KAMARAM(PATTITADVAI),,
21_6,MULUGU,16,TADVAI (SAMMAKKA SARAKKA),2148068,KAMISETTIGUDEM   (D),,
21_6,MULUGU,16,TADVAI (SAMMAKKA SARAKKA),2148007,KANNEBOINAPALLE,,
21_6,MULUGU,16,TADVAI (SAMMAKKA SARAKKA),2148037,KATAPURAM,,
21_6,MULUGU,16,TADVAI (SAMMAKKA SARAKKA),2148062,KATNARSAPUR,,
21_6,MULUGU,16,TADVAI (SAMMAKKA SARAKKA),2148060,KESHAVAPOOR (D),,
21_6,MULUGU,16,TADVAI (SAMMAKKA SARAKKA),2148032,KISTAPURAM,,
21_6,MULUGU,16,TADVAI (SAMMAKKA SARAKKA),2148052,KONDAIGUDEM,,
21_6,MULUGU,16,TADVAI (SAMMAKKA SARAKKA),2148031,KONDALANAGARAM,,
21_6,MULUGU,16,TADVAI (SAMMAKKA SARAKKA),2148026,KONDAPARTHI,,
21_6,MULUGU,16,TADVAI (SAMMAKKA SARAKKA),2148046,KOTHAGUDA,,
21_6,MULUGU,16,TADVAI (SAMMAKKA SARAKKA),2148002,KOTHUR (PATTIPANGIDI),,
21_6,MULUGU,16,TADVAI (SAMMAKKA SARAKKA),2148059,KOUSETTIVAI,,
21_6,MULUGU,16,TADVAI (SAMMAKKA SARAKKA),2148043,LAVVAL,,
21_6,MULUGU,16,TADVAI (SAMMAKKA SARAKKA),2148024,LAXMIPURAM,,
21_6,MULUGU,16,TADVAI (SAMMAKKA SARAKKA),2148051,LINGALA,,
21_6,MULUGU,16,TADVAI (SAMMAKKA SARAKKA),2148018,MADHARAM (D),,
21_6,MULUGU,16,TADVAI (SAMMAKKA SARAKKA),2148019,MAREDIGUDEM,,
21_6,MULUGU,16,TADVAI (SAMMAKKA SARAKKA),2148003,MEDARAM(SAMMAKKAJATRA),,
21_6,MULUGU,16,TADVAI (SAMMAKKA SARAKKA),2148055,MOTLAGUDEM,,
21_6,MULUGU,16,TADVAI (SAMMAKKA SARAKKA),2148011,NARLAPUR,,
21_6,MULUGU,16,TADVAI (SAMMAKKA SARAKKA),2148054,NARSAPUR (P.A),,
21_6,MULUGU,16,TADVAI (SAMMAKKA SARAKKA),2148063,NARSAPUR (P.L),,
21_6,MULUGU,16,TADVAI (SAMMAKKA SARAKKA),2148071,NIMMAGUDA,,
21_6,MULUGU,16,TADVAI (SAMMAKKA SARAKKA),2148017,NIMMAKAYALA NAGARM,,
21_6,MULUGU,16,TADVAI (SAMMAKKA SARAKKA),2148004,OORATTAM,,
21_6,MULUGU,16,TADVAI (SAMMAKKA SARAKKA),2148016,PADIGAPUR (P.P),,
21_6,MULUGU,16,TADVAI (SAMMAKKA SARAKKA),2148023,PADIGAPURAM (P.A.),,
21_6,MULUGU,16,TADVAI (SAMMAKKA SARAKKA),2148064,PAMBAPUR,,
21_6,MULUGU,16,TADVAI (SAMMAKKA SARAKKA),2148049,POCHA PUR,,
21_6,MULUGU,16,TADVAI (SAMMAKKA SARAKKA),2148033,RAMANNAGUDEM,,
21_6,MULUGU,16,TADVAI (SAMMAKKA SARAKKA),2148061,RAMPUR (P.A) (D),,
21_6,MULUGU,16,TADVAI (SAMMAKKA SARAKKA),2148069,RANGAPURAM (P.A),,
21_6,MULUGU,16,TADVAI (SAMMAKKA SARAKKA),2148058,SATARAM,,
21_6,MULUGU,16,TADVAI (SAMMAKKA SARAKKA),2148035,SINGARAM,,
21_6,MULUGU,16,TADVAI (SAMMAKKA SARAKKA),2148041,SOMAIGUDEM,,
21_6,MULUGU,16,TADVAI (SAMMAKKA SARAKKA),2148025,TADVAI,,
21_6,MULUGU,16,TADVAI (SAMMAKKA SARAKKA),2148010,TAKKALLAGUDEM,,
21_6,MULUGU,16,TADVAI (SAMMAKKA SARAKKA),2148056,TIMMONITHOGU,,
21_6,MULUGU,16,TADVAI (SAMMAKKA SARAKKA),2148045,VADDUGUDEM,,
21_6,MULUGU,16,TADVAI (SAMMAKKA SARAKKA),2148070,VEERAPUR,,
21_6,MULUGU,16,TADVAI (SAMMAKKA SARAKKA),2148013,VENGALAPURAM,,
21_6,MULUGU,16,TADVAI (SAMMAKKA SARAKKA),2148066,VENKANNAGUDEM,,
21_6,MULUGU,16,TADVAI (SAMMAKKA SARAKKA),2148021,VUPPUKUNTA,,
21_6,MULUGU,16,TADVAI (SAMMAKKA SARAKKA),2148047,WADDEGUDEM  (P.R),,
21_6,MULUGU,18,VENKATAPUR,2146002,ADAVIRANGAPURAM,,
21_6,MULUGU,18,VENKATAPUR,2146011,BANDLAPAHAD,,
21_6,MULUGU,18,VENKATAPUR,2146004,LAXMIDEVIPET,,
21_6,MULUGU,18,VENKATAPUR,2146006,NALLAGUNTA,,
21_6,MULUGU,18,VENKATAPUR,2146008,NARASAPURAM,,
21_6,MULUGU,18,VENKATAPUR,2146009,PALAMPET,,
21_6,MULUGU,18,VENKATAPUR,2146005,RAMANATHAPALLE,,
21_6,MULUGU,18,VENKATAPUR,2146007,RAMANUJAPUR,,
21_6,MULUGU,18,VENKATAPUR,2146003,THIMMAPUR,,
21_6,MULUGU,18,VENKATAPUR,2146010,VENKATAPUR,,
21_6,MULUGU,19,VENKATAPURAM,2202057,A.KATHIGUDEM,,
21_6,MULUGU,19,VENKATAPURAM,2202026,ALLIGUDEM(G),,
21_6,MULUGU,19,VENKATAPURAM,2202061,ALUBAKA (G),,
21_6,MULUGU,19,VENKATAPURAM,2202060,ALUBAKA (Z),,
21_6,MULUGU,19,VENKATAPURAM,2202051,ANKANNAGUDEM (Z),,
21_6,MULUGU,19,VENKATAPURAM,2202007,BANDAGUDEM (G),,
21_6,MULUGU,19,VENKATAPURAM,2202070,BANDARUGUDEM,,
21_6,MULUGU,19,VENKATAPURAM,2202019,BANDARUPALLY(G),,
21_6,MULUGU,19,VENKATAPURAM,2202048,BARLAGATTUGUDEM (Z),,
21_6,MULUGU,19,VENKATAPURAM,2202009,BARLAGUDEM (G),,
21_6,MULUGU,19,VENKATAPURAM,2202010,BARLAGUDEM (Z),,
21_6,MULUGU,19,VENKATAPURAM,2202064,BODAPURAM (G),,
21_6,MULUGU,19,VENKATAPURAM,2202044,BURUGUDEM (Z),,
21_6,MULUGU,19,VENKATAPURAM,2202024,CHALAMALA(G),,
21_6,MULUGU,19,VENKATAPURAM,2202015,CHINA GANGARAM (G),,
21_6,MULUGU,19,VENKATAPURAM,2202054,CHINNEDA (G),,
21_6,MULUGU,19,VENKATAPURAM,2202055,CHINNEDA (Z),,
21_6,MULUGU,19,VENKATAPURAM,2202032,CHIRTAPALLI (G),,
21_6,MULUGU,19,VENKATAPURAM,2202012,CHIRTAPALLI (Z),,
21_6,MULUGU,19,VENKATAPURAM,2202008,DESARAJUPALLE (G),,
21_6,MULUGU,19,VENKATAPURAM,2202011,DESIRAJUPALLI (Z),,
21_6,MULUGU,19,VENKATAPURAM,2202022,DOLI(G),,
21_6,MULUGU,19,VENKATAPURAM,2202071,EDHIRA (G),,
21_6,MULUGU,19,VENKATAPURAM,2202053,IPPAGUDEM (G),,
21_6,MULUGU,19,VENKATAPURAM,2202050,IPPAGUDEM (Z),,
21_6,MULUGU,19,VENKATAPURAM,2202062,IPPAPURAM (G),,
21_6,MULUGU,19,VENKATAPURAM,2202067,K.KONDAPURAM (Z),,
21_6,MULUGU,19,VENKATAPURAM,2202063,KALIPAKA (G),,
21_6,MULUGU,19,VENKATAPURAM,2202066,KONDAPURAM,,
21_6,MULUGU,19,VENKATAPURAM,2202018,KOTHAGUDEM (G),,
21_6,MULUGU,19,VENKATAPURAM,2202039,KOYA BESTAGUDEM (G),,
21_6,MULUGU,19,VENKATAPURAM,2202016,MAHITAPURAM (Z),,
21_6,MULUGU,19,VENKATAPURAM,2202017,MAHITAPURAM(G),,
21_6,MULUGU,19,VENKATAPURAM,2202028,MALLAPURAM (G),,
21_6,MULUGU,19,VENKATAPURAM,2202029,MALLAPURAM (Z),,
21_6,MULUGU,19,VENKATAPURAM,2202006,MARIKALA (G),,
21_6,MULUGU,19,VENKATAPURAM,2202005,MARIKALA (Z),,
21_6,MULUGU,19,VENKATAPURAM,2202035,MARRIGUDEM (Z),,
21_6,MULUGU,19,VENKATAPURAM,2202056,MORRAM VANIGUDEM (G),,
21_6,MULUGU,19,VENKATAPURAM,2202025,MUKUNURU,,
21_6,MULUGU,19,VENKATAPURAM,2202059,NALLAGUNTAPALLI (Z),,
21_6,MULUGU,19,VENKATAPURAM,2202045,NARSIREDDIGUDEM (G),,
21_6,MULUGU,19,VENKATAPURAM,2202043,NARSIREDDYGUDEM (Z),,
21_6,MULUGU,19,VENKATAPURAM,2202031,NUGURU (G),,
21_6,MULUGU,19,VENKATAPURAM,2202030,NUGURU (Z),,
21_6,MULUGU,19,VENKATAPURAM,2202072,ONTICHINTALAGUDEM (G),,
21_6,MULUGU,19,VENKATAPURAM,2202040,PALEM (G),,
21_6,MULUGU,19,VENKATAPURAM,2202047,PALEM (Z),,
21_6,MULUGU,19,VENKATAPURAM,2202020,PAMUNOOR,,
21_6,MULUGU,19,VENKATAPURAM,2202052,PUJARIGUDEM (Z),,
21_6,MULUGU,19,VENKATAPURAM,2202002,PUNEM VEERAPURAM (G),,
21_6,MULUGU,19,VENKATAPURAM,2202001,PUNEM VEERAPURAM (Z),,
21_6,MULUGU,19,VENKATAPURAM,2202027,RACHAPALLI (G),,
21_6,MULUGU,19,VENKATAPURAM,2202058,RAMANNAGUDEM (Z),,
21_6,MULUGU,19,VENKATAPURAM,2202014,RAMAVARAM (G),,
21_6,MULUGU,19,VENKATAPURAM,2202013,RAMAVARAM (Z),,
21_6,MULUGU,19,VENKATAPURAM,2202046,SARAKALANKA,,
21_6,MULUGU,19,VENKATAPURAM,2202003,SUDIBAKA (G),,
21_6,MULUGU,19,VENKATAPURAM,2202004,SUDIBAKA (Z),,
21_6,MULUGU,19,VENKATAPURAM,2202069,SURAVEEDU (G),,
21_6,MULUGU,19,VENKATAPURAM,2202068,SURAVEEDU (Z),,
21_6,MULUGU,19,VENKATAPURAM,2202023,TADAPALA(G),,
21_6,MULUGU,19,VENKATAPURAM,2202065,TANIPARTHY (G),,
21_6,MULUGU,19,VENKATAPURAM,2202041,UPPEDU (Z),,
21_6,MULUGU,19,VENKATAPURAM,2202038,UPPEDU VEERAPURAM (Z),,
21_6,MULUGU,19,VENKATAPURAM,2202049,VEERABHADRARAM (Z),,
21_6,MULUGU,19,VENKATAPURAM,2202042,VEERAPURAM (Z),,
21_6,MULUGU,19,VENKATAPURAM,2202037,VENKATAPURAM (G),,
21_6,MULUGU,19,VENKATAPURAM,2202036,VENKATAPURAM (Z),,
21_6,MULUGU,19,VENKATAPURAM,2202033,WADAGUDEM,,
21_6,MULUGU,19,VENKATAPURAM,2202034,WADAGUDEM (Z),,
21_6,MULUGU,19,VENKATAPURAM,2202021,ZELLA (G),,
21_6,MULUGU,20,WAZEED,2201051,ANNAVARAM (G),,
21_6,MULUGU,20,WAZEED,2201021,ARLAGUDEM (G),,
21_6,MULUGU,20,WAZEED,2201022,ARLAGUDEM (Z),,
21_6,MULUGU,20,WAZEED,2201058,ARUGUNTA PALLI (G),,
21_6,MULUGU,20,WAZEED,2201059,ARUGUNTA PALLI (Z),,
21_6,MULUGU,20,WAZEED,2201044,ARUNACHALAPURAM,,
21_6,MULUGU,20,WAZEED,2201014,AYYAVARIPETA (G),,
21_6,MULUGU,20,WAZEED,2201016,AYYAVARIPETA (Z),,
21_6,MULUGU,20,WAZEED,2201015,BHUVANAPALLI,,
21_6,MULUGU,20,WAZEED,2201060,BIJENEPALLY,,
21_6,MULUGU,20,WAZEED,2201061,BOLLARAM (Z),,
21_6,MULUGU,20,WAZEED,2201050,BOMMANAPALLI (G),,
21_6,MULUGU,20,WAZEED,2201005,CHANDRUPATLA (Z),,
21_6,MULUGU,20,WAZEED,2201033,CHEEKUPALLI   (Z),,
21_6,MULUGU,20,WAZEED,2201026,CHERUKUR (G),,
21_6,MULUGU,20,WAZEED,2201025,CHERUKUR (Z),,
21_6,MULUGU,20,WAZEED,2201012,CHINNAGOLLAGUDEM (Z),,
21_6,MULUGU,20,WAZEED,2201024,CHINTOOR (G),,
21_6,MULUGU,20,WAZEED,2201023,CHINTOOR (Z),,
21_6,MULUGU,20,WAZEED,2201018,DHARMAVARAM,,
21_6,MULUGU,20,WAZEED,2201038,DOLAPURAM  (G),,
21_6,MULUGU,20,WAZEED,2201055,EDJARLAPALLE (G),,
21_6,MULUGU,20,WAZEED,2201056,EDJARLAPALLE (Z),,
21_6,MULUGU,20,WAZEED,2201045,GHANAPURAM (Z),,
21_6,MULUGU,20,WAZEED,2201011,GHATTUVEERAPURAM (Z),,
21_6,MULUGU,20,WAZEED,2201034,GUMMADIDODDI  (Z),,
21_6,MULUGU,20,WAZEED,2201035,GUMMADIDODDI(G)CHALKA,,
21_6,MULUGU,20,WAZEED,2201037,IPPAGUDEM  (G),,
21_6,MULUGU,20,WAZEED,2201036,JANAGALAPALLI  (G),,
21_6,MULUGU,20,WAZEED,2201047,KACHARAM (G),,
21_6,MULUGU,20,WAZEED,2201008,KADEKAL (Z),,
21_6,MULUGU,20,WAZEED,2201007,KJADEKAL,,
21_6,MULUGU,20,WAZEED,2201043,KONGALA (G),,
21_6,MULUGU,20,WAZEED,2201046,KOPPUSURU,,
21_6,MULUGU,20,WAZEED,2201017,KORAKAL (Z),,
21_6,MULUGU,20,WAZEED,2201029,KOYAVEERAPURAM (G),,
21_6,MULUGU,20,WAZEED,2201006,KRISHNAPURAM  (G),,
21_6,MULUGU,20,WAZEED,2201019,LAKSHMIPURAM,,
21_6,MULUGU,20,WAZEED,2201049,LALPETA (G),,
21_6,MULUGU,20,WAZEED,2201020,LINGAPETA,,
21_6,MULUGU,20,WAZEED,2201053,MORUMURU (G),,
21_6,MULUGU,20,WAZEED,2201052,MORUMURU (Z),,
21_6,MULUGU,20,WAZEED,2201027,MULKANAPALLI (G),,
21_6,MULUGU,20,WAZEED,2201057,MUTHARAM (CHOWK),,
21_6,MULUGU,20,WAZEED,2201039,NAGARAM (G),,
21_6,MULUGU,20,WAZEED,2201030,PADIGAPURAM (Z),,
21_6,MULUGU,20,WAZEED,2201004,PEDDAGANGARAM  (Z),,
21_6,MULUGU,20,WAZEED,2201031,PEDDAGOLLAGUDEM (G),,
21_6,MULUGU,20,WAZEED,2201032,PEDDAGOLLAGUDEM(Z),,
21_6,MULUGU,20,WAZEED,2201028,PENUGOLU (G),,
21_6,MULUGU,20,WAZEED,2201009,PERURU (G),,
21_6,MULUGU,20,WAZEED,2201010,PERURU (Z),,
21_6,MULUGU,20,WAZEED,2201054,PRAGALLAPALLE (Z),,
21_6,MULUGU,20,WAZEED,2201048,PUSUR (Z),,
21_6,MULUGU,20,WAZEED,2201042,PUSUR PATCH - I,,
21_6,MULUGU,20,WAZEED,2201041,PUSUR PATCH -II,,
21_6,MULUGU,20,WAZEED,2201013,RAMPURAM,,
21_6,MULUGU,20,WAZEED,2201002,TEKULAGUDEM,,
21_6,MULUGU,20,WAZEED,2201001,TEKULAGUDEM CHALK I,,
21_6,MULUGU,20,WAZEED,2201003,TEKULAGUDEM CHALK II,,
21_6,MULUGU,20,WAZEED,2201040,WAZEED (G),,
22_1,KHAMMAM,01,BONAKAL,2244016,ALLAPADU,,
22_1,KHAMMAM,01,BONAKAL,2244015,BONAKAL,,
22_1,KHAMMAM,01,BONAKAL,2244012,BRAHMANAPALLE (K),,
22_1,KHAMMAM,01,BONAKAL,2244010,CHINNA BEERAVALLI,,
22_1,KHAMMAM,01,BONAKAL,2244007,CHIRUNOMULA,,
22_1,KHAMMAM,01,BONAKAL,2244006,CHOPPAKATLA PALEM,,
22_1,KHAMMAM,01,BONAKAL,2244003,GARLAPADU,,
22_1,KHAMMAM,01,BONAKAL,2244017,GOVINDAPURAM,,
22_1,KHAMMAM,01,BONAKAL,2244013,KALAKOTA,,
22_1,KHAMMAM,01,BONAKAL,2244002,LAXMIPURAM,,
22_1,KHAMMAM,01,BONAKAL,2244018,MOTAMARRI,,
22_1,KHAMMAM,01,BONAKAL,2244005,MUSTIKUNTLA,,
22_1,KHAMMAM,01,BONAKAL,2244014,NARAYANAPURAM,,
22_1,KHAMMAM,01,BONAKAL,2244009,PEDDABEERAVALLI,,
22_1,KHAMMAM,01,BONAKAL,2244004,RAMAPURAM,,
22_1,KHAMMAM,01,BONAKAL,2244011,RAPALLI,,
22_1,KHAMMAM,01,BONAKAL,2244008,RAVINOOTHALA,,
22_1,KHAMMAM,01,BONAKAL,2244001,TUTIKUNTLA,,
22_1,KHAMMAM,02,CHINTHAKANI,2242005,ANANTHASAGAR,,
22_1,KHAMMAM,02,CHINTHAKANI,2242003,BASWAPURAM,,
22_1,KHAMMAM,02,CHINTHAKANI,2242016,CHINNAMANDAVA,,
22_1,KHAMMAM,02,CHINTHAKANI,2242011,CHINTHAKANI,,
22_1,KHAMMAM,02,CHINTHAKANI,2242002,KODUMURU,,
22_1,KHAMMAM,02,CHINTHAKANI,2242006,LATCHAGUDEM,,
22_1,KHAMMAM,02,CHINTHAKANI,2242012,MATHIKEPALLY,,
22_1,KHAMMAM,02,CHINTHAKANI,2242008,NAGILIGONDA,,
22_1,KHAMMAM,02,CHINTHAKANI,2242014,NAGULAVANCHA,,
22_1,KHAMMAM,02,CHINTHAKANI,2242007,NERADA,,
22_1,KHAMMAM,02,CHINTHAKANI,2242004,PANDILLAPALLY,,
22_1,KHAMMAM,02,CHINTHAKANI,2242013,PATHARLAPADU,,
22_1,KHAMMAM,02,CHINTHAKANI,2242009,PRODDUTURU,,
22_1,KHAMMAM,02,CHINTHAKANI,2242010,REPALLEVADA,,
22_1,KHAMMAM,02,CHINTHAKANI,2242015,THIMMINENIPALEM,,
22_1,KHAMMAM,02,CHINTHAKANI,2242001,VANDANAM,,
22_1,KHAMMAM,03,ENKURU,2234009,ARIKAYALAPADU,,
22_1,KHAMMAM,03,ENKURU,2234003,BURDA RAGHAVAPURAM,,
22_1,KHAMMAM,03,ENKURU,2234007,ENKURU,,
22_1,KHAMMAM,03,ENKURU,2234010,JANNARAM,,
22_1,KHAMMAM,03,ENKURU,2234004,KESUPALLI,,
22_1,KHAMMAM,03,ENKURU,2234006,MEDEPALLI,,
22_1,KHAMMAM,03,ENKURU,2234005,NACHARAM,,
22_1,KHAMMAM,03,ENKURU,2234011,NUKULAMPADU,,
22_1,KHAMMAM,03,ENKURU,2234001,RAIMADARAM,,
22_1,KHAMMAM,03,ENKURU,2234002,THIMMARAOPETA,,
22_1,KHAMMAM,03,ENKURU,2234008,THUTHAKA LINGAMPETA,,
22_1,KHAMMAM,04,KALLURU,2232003,BATHULAPALLY,,
22_1,KHAMMAM,04,KALLURU,2232009,CHANDRUPATLA,,
22_1,KHAMMAM,04,KALLURU,2232014,CHENNURU,,
22_1,KHAMMAM,04,KALLURU,2232020,CHINNA KORUKONDI,,
22_1,KHAMMAM,04,KALLURU,2232004,GOKAVARAM,,
22_1,KHAMMAM,04,KALLURU,2232010,GOPALA DEVABOINAPALLI,,
22_1,KHAMMAM,04,KALLURU,2232002,KALLURU,,
22_1,KHAMMAM,04,KALLURU,2232008,KHANKHANPET,,
22_1,KHAMMAM,04,KALLURU,2232005,KORLAGUDEM,,
22_1,KHAMMAM,04,KALLURU,2232023,LAKSHMIPURAM,,
22_1,KHAMMAM,04,KALLURU,2232001,LOKAVARAM,,
22_1,KHAMMAM,04,KALLURU,2232012,MUCHARAM,,
22_1,KHAMMAM,04,KALLURU,2232007,NARAYANAPURAM,,
22_1,KHAMMAM,04,KALLURU,2232011,PAYAPUR,,
22_1,KHAMMAM,04,KALLURU,2232018,PEDDAKORUKONDI,,
22_1,KHAMMAM,04,KALLURU,2232006,PERUVANCHA,,
22_1,KHAMMAM,04,KALLURU,2232016,RAGHUNADHAGUDEM,,
22_1,KHAMMAM,04,KALLURU,2232017,RAVIKAMPADU,,
22_1,KHAMMAM,04,KALLURU,2232019,TALLURU,,
22_1,KHAMMAM,04,KALLURU,2232021,TELAGARAM (VW),,
22_1,KHAMMAM,04,KALLURU,2232022,VENNAVALLE,,
22_1,KHAMMAM,04,KALLURU,2232013,YAGNA NARAYANAPURAM,,
22_1,KHAMMAM,04,KALLURU,2232015,YERRABOINAPALLI,,
22_1,KHAMMAM,05,KAMEPALLE,2223009,GARIDEPALLI,,
22_1,KHAMMAM,05,KAMEPALLE,2223008,GOVINDRALA,,
22_1,KHAMMAM,05,KAMEPALLE,2223006,JASTHIPALLI,,
22_1,KHAMMAM,05,KAMEPALLE,2223004,KAMEPALLI,,
22_1,KHAMMAM,05,KAMEPALLE,2223011,KOMMINEPALLI,,
22_1,KHAMMAM,05,KAMEPALLE,2223010,KONDAIGUDEM,,
22_1,KHAMMAM,05,KAMEPALLE,2223002,LINGALA,,
22_1,KHAMMAM,05,KAMEPALLE,2223013,MADDULAPALLI,,
22_1,KHAMMAM,05,KAMEPALLE,2223012,MUCHERLA,,
22_1,KHAMMAM,05,KAMEPALLE,2223007,NEMILIPURI,,
22_1,KHAMMAM,05,KAMEPALLE,2223003,PINJARAMADUGU,,
22_1,KHAMMAM,05,KAMEPALLE,2223001,PONNEKAL,,
22_1,KHAMMAM,05,KAMEPALLE,2223005,VOOTUKUR,,
22_1,KHAMMAM,06,KHAMMAM RURAL,2237010,AREKODU,,
22_1,KHAMMAM,06,KHAMMAM RURAL,2237011,AREMPALA,,
22_1,KHAMMAM,06,KHAMMAM RURAL,2237017,BARUGUDEM,,
22_1,KHAMMAM,06,KHAMMAM RURAL,2237005,DAREDU,,
22_1,KHAMMAM,06,KHAMMAM RURAL,2237016,EDULAPURAM,,
22_1,KHAMMAM,06,KHAMMAM RURAL,2237008,GOLLAPADU,,
22_1,KHAMMAM,06,KHAMMAM RURAL,2237023,GUDIMALLA,,
22_1,KHAMMAM,06,KHAMMAM RURAL,2237002,GUDURUPADU,,
22_1,KHAMMAM,06,KHAMMAM RURAL,2237022,GURRALAPADU,,
22_1,KHAMMAM,06,KHAMMAM RURAL,2237001,KACHIRAJUGUDEM,,
22_1,KHAMMAM,06,KHAMMAM RURAL,2237006,KAMANCHIKAL,,
22_1,KHAMMAM,06,KHAMMAM RURAL,2237018,KONDAPURAM,,
22_1,KHAMMAM,06,KHAMMAM RURAL,2237020,MADDULAPALLI,,
22_1,KHAMMAM,06,KHAMMAM RURAL,2237012,MUTHAGUDEM,,
22_1,KHAMMAM,06,KHAMMAM RURAL,2237013,PALLEGUDEM,,
22_1,KHAMMAM,06,KHAMMAM RURAL,2237014,POLEPALLI,,
22_1,KHAMMAM,06,KHAMMAM RURAL,2237019,TALLAMPADU,,
22_1,KHAMMAM,06,KHAMMAM RURAL,2237003,TANAGAMPADU,,
22_1,KHAMMAM,06,KHAMMAM RURAL,2237021,TELDARUPALLI,,
22_1,KHAMMAM,06,KHAMMAM RURAL,2237004,THIRTHALA,,
22_1,KHAMMAM,06,KHAMMAM RURAL,2237009,VENKATAYAPALEM,,
22_1,KHAMMAM,07,KHAMMAM URBAN,2236026,ALLIPURAM,,
22_1,KHAMMAM,07,KHAMMAM URBAN,2236011,BALLEPALLI,,
22_1,KHAMMAM,07,KHAMMAM URBAN,2236013,BURAHANPURAM,,
22_1,KHAMMAM,07,KHAMMAM URBAN,2237015,DANAVAIGUDEM,,
22_1,KHAMMAM,07,KHAMMAM URBAN,2236017,DHAMSALAPURAM,,
22_1,KHAMMAM,07,KHAMMAM URBAN,2236024,GOLLAGUDEM,,
22_1,KHAMMAM,07,KHAMMAM URBAN,2236014,KHAMMAM,,
22_1,KHAMMAM,07,KHAMMAM URBAN,2236012,KHANAPURAM (HAVELI),,
22_1,KHAMMAM,07,KHAMMAM URBAN,2236018,KOTHAGUDEM,,
22_1,KHAMMAM,07,KHAMMAM URBAN,2237007,MALLEMADUGU,,
22_1,KHAMMAM,07,KHAMMAM URBAN,2236015,PAKABANDA,,
22_1,KHAMMAM,07,KHAMMAM URBAN,2236016,VELUGUMATLA,,
22_1,KHAMMAM,08,KONIJERLA,2235008,AMMAPALEM,,
22_1,KHAMMAM,08,KONIJERLA,2235013,DUDDEPUDI,,
22_1,KHAMMAM,08,KONIJERLA,2235015,GOPARAM,,
22_1,KHAMMAM,08,KONIJERLA,2235009,GOPATHI,,
22_1,KHAMMAM,08,KONIJERLA,2235003,GUBBAGURTHY,,
22_1,KHAMMAM,08,KONIJERLA,2235012,GUNDRATHI MADUGU,,
22_1,KHAMMAM,08,KONIJERLA,2235018,KACHARAM (H),,
22_1,KHAMMAM,08,KONIJERLA,2235017,KONDA VANAMALA,,
22_1,KHAMMAM,08,KONIJERLA,2235007,KONIJERLA,,
22_1,KHAMMAM,08,KONIJERLA,2235011,LINGA GUDEM,,
22_1,KHAMMAM,08,KONIJERLA,2235006,MALLUPALLI,,
22_1,KHAMMAM,08,KONIJERLA,2235016,MUNAGALA,,
22_1,KHAMMAM,08,KONIJERLA,2235014,PALLIPADU,,
22_1,KHAMMAM,08,KONIJERLA,2235004,SINGARAIPALEM,,
22_1,KHAMMAM,08,KONIJERLA,2235005,SIVARU VENKATAPURAM,,
22_1,KHAMMAM,08,KONIJERLA,2235001,TANIKELLA,,
22_1,KHAMMAM,08,KONIJERLA,2235002,THUMMALAPLALLI,,
22_1,KHAMMAM,08,KONIJERLA,2235010,YATHAM KUNTLA,,
22_1,KHAMMAM,09,KUSUMANCHI,2239010,BHAGAYATH VEEDU,,
22_1,KHAMMAM,09,KUSUMANCHI,2239004,CHEGOMMA,,
22_1,KHAMMAM,09,KUSUMANCHI,2239002,CHOWTAPALLI,,
22_1,KHAMMAM,09,KUSUMANCHI,2239009,EESWARAMADHRAM,,
22_1,KHAMMAM,09,KUSUMANCHI,2239001,GAIGOLLAPALLI,,
22_1,KHAMMAM,09,KUSUMANCHI,2239012,GATTU SINGARAM,,
22_1,KHAMMAM,09,KUSUMANCHI,2239018,JAKKEPALLI,,
22_1,KHAMMAM,09,KUSUMANCHI,2239005,JEELACHERUVU,,
22_1,KHAMMAM,09,KUSUMANCHI,2239011,JUJJULARAOPETA,,
22_1,KHAMMAM,09,KUSUMANCHI,2239006,KUSUMANCHI,,
22_1,KHAMMAM,09,KUSUMANCHI,2239015,MALLEPALLI,,
22_1,KHAMMAM,09,KUSUMANCHI,2239014,MUNIGEPALLI,,
22_1,KHAMMAM,09,KUSUMANCHI,2239008,NAIKANIGUDEM,,
22_1,KHAMMAM,09,KUSUMANCHI,2239013,NELAPATLA,,
22_1,KHAMMAM,09,KUSUMANCHI,2239007,PALAIR,,
22_1,KHAMMAM,09,KUSUMANCHI,2239016,PERIKASINGARAM,,
22_1,KHAMMAM,09,KUSUMANCHI,2239003,POCHARAM,,
22_1,KHAMMAM,09,KUSUMANCHI,2239017,RAJUPETA,,
22_1,KHAMMAM,10,MADHIRA,2245013,AMBARUPETA,,
22_1,KHAMMAM,10,MADHIRA,2245008,ATUKURU,,
22_1,KHAMMAM,10,MADHIRA,2245025,CHILUKURU,,
22_1,KHAMMAM,10,MADHIRA,2245020,DENDUKUR,,
22_1,KHAMMAM,10,MADHIRA,2245015,DIDUGUPADU,,
22_1,KHAMMAM,10,MADHIRA,2245019,ILLENDULAPADU,,
22_1,KHAMMAM,10,MADHIRA,2245024,ILLURU,,
22_1,KHAMMAM,10,MADHIRA,2245002,JALIMUDI,,
22_1,KHAMMAM,10,MADHIRA,2245023,KHAMMAMPADU,,
22_1,KHAMMAM,10,MADHIRA,2245007,KISTAPURAM (MUNAGALA),,
22_1,KHAMMAM,10,MADHIRA,2245014,MADHIRA (U),,
22_1,KHAMMAM,10,MADHIRA,2245017,MADUPALLI,,
22_1,KHAMMAM,10,MADHIRA,2245003,MALLAVARAM,,
22_1,KHAMMAM,10,MADHIRA,2245009,MATOOR,,
22_1,KHAMMAM,10,MADHIRA,2245010,NAGAVARAPPADU,,
22_1,KHAMMAM,10,MADHIRA,2245016,NAKKALAGARUVU,,
22_1,KHAMMAM,10,MADHIRA,2245012,NIDANAPURAM,,
22_1,KHAMMAM,10,MADHIRA,2245018,RAYAPATNAM,,
22_1,KHAMMAM,10,MADHIRA,2245001,ROMPINALLA,,
22_1,KHAMMAM,10,MADHIRA,2245011,SIDDINENIGUDEM,,
22_1,KHAMMAM,10,MADHIRA,2245005,SIRIPURAM,,
22_1,KHAMMAM,10,MADHIRA,2245021,TERLAPADU,,
22_1,KHAMMAM,10,MADHIRA,2245022,TONDALA GOPAVARAM,,
22_1,KHAMMAM,10,MADHIRA,2245006,VANGAVEEDU,,
22_1,KHAMMAM,10,MADHIRA,2245004,YENDAPALLI,,
22_1,KHAMMAM,11,MUDIGONDA,2241014,AMMAPETA,,
22_1,KHAMMAM,11,MUDIGONDA,2241018,BANAPURAM,,
22_1,KHAMMAM,11,MUDIGONDA,2241012,CHIRUMARRI,,
22_1,KHAMMAM,11,MUDIGONDA,2241016,GANDASIRI,,
22_1,KHAMMAM,11,MUDIGONDA,2241020,GANGAPURAM,,
22_1,KHAMMAM,11,MUDIGONDA,2241005,GOKINEPALLI,,
22_1,KHAMMAM,11,MUDIGONDA,2241017,KAMALAPURAM,,
22_1,KHAMMAM,11,MUDIGONDA,2241002,KATTAKURU,,
22_1,KHAMMAM,11,MUDIGONDA,2241009,KHANAPURAM,,
22_1,KHAMMAM,11,MUDIGONDA,2241001,MADHAPURAM,,
22_1,KHAMMAM,11,MUDIGONDA,2241023,MALLARAM,,
22_1,KHAMMAM,11,MUDIGONDA,2241004,MEDEPALLI,,
22_1,KHAMMAM,11,MUDIGONDA,2241007,MUDIGONDA,,
22_1,KHAMMAM,11,MUDIGONDA,2241011,MUTHARAM,,
22_1,KHAMMAM,11,MUDIGONDA,2241019,NARSAPURAM(D),,
22_1,KHAMMAM,11,MUDIGONDA,2241013,PAMMI,,
22_1,KHAMMAM,11,MUDIGONDA,2241010,PANDREGUPALLI,,
22_1,KHAMMAM,11,MUDIGONDA,2241021,PEDDAMANDAVA,,
22_1,KHAMMAM,11,MUDIGONDA,2241008,SUVARNAPURAM,,
22_1,KHAMMAM,11,MUDIGONDA,2241022,VALLABHI,,
22_1,KHAMMAM,11,MUDIGONDA,2241015,VALLAPURAM,,
22_1,KHAMMAM,11,MUDIGONDA,2241006,VENKATAPURAM,,
22_1,KHAMMAM,11,MUDIGONDA,2241003,YADAVALLI,,
22_1,KHAMMAM,12,NELAKONDAPALLE,2240010,ACHARLAGUDEM,,
22_1,KHAMMAM,12,NELAKONDAPALLE,2240005,ANASAGARAM,,
22_1,KHAMMAM,12,NELAKONDAPALLE,2240002,AREGUDEM,,
22_1,KHAMMAM,12,NELAKONDAPALLE,2240019,BHIRAVUNIPALLI,,
22_1,KHAMMAM,12,NELAKONDAPALLE,2240015,BODULABANDA,,
22_1,KHAMMAM,12,NELAKONDAPALLE,2240021,BUDDHARAM,,
22_1,KHAMMAM,12,NELAKONDAPALLE,2240006,CHANDAPURAM,,
22_1,KHAMMAM,12,NELAKONDAPALLE,2240012,CHENNARAM,,
22_1,KHAMMAM,12,NELAKONDAPALLE,2240020,CHERUVU MADHARAM,,
22_1,KHAMMAM,12,NELAKONDAPALLE,2240003,GUVVALAGUDEM,,
22_1,KHAMMAM,12,NELAKONDAPALLE,2240023,KATTU KACHARAM,,
22_1,KHAMMAM,12,NELAKONDAPALLE,2240011,KONAIGUDEM,,
22_1,KHAMMAM,12,NELAKONDAPALLE,2240022,KONGARA,,
22_1,KHAMMAM,12,NELAKONDAPALLE,2240014,MANDRAJUPALLI,,
22_1,KHAMMAM,12,NELAKONDAPALLE,2240004,MUGGIGUDEM,,
22_1,KHAMMAM,12,NELAKONDAPALLE,2240007,NACHEPALLI,,
22_1,KHAMMAM,12,NELAKONDAPALLE,2240008,NELAKONDAPALLI,,
22_1,KHAMMAM,12,NELAKONDAPALLE,2240017,PAINAMPALLI,,
22_1,KHAMMAM,12,NELAKONDAPALLE,2240001,RAJESWARAPURAM,,
22_1,KHAMMAM,12,NELAKONDAPALLE,2240016,RAMACHANDRAPURAM,,
22_1,KHAMMAM,12,NELAKONDAPALLE,2240009,SINGAREDDIPALEM,,
22_1,KHAMMAM,12,NELAKONDAPALLE,2240013,SURDEPALLI,,
22_1,KHAMMAM,12,NELAKONDAPALLE,2240018,THIRUMALAPURAM,,
22_1,KHAMMAM,13,PENUBALLI,2231015,ADAVIMALLELA,,
22_1,KHAMMAM,13,PENUBALLI,2231012,BAYYANNAGUDEM,,
22_1,KHAMMAM,13,PENUBALLI,2231004,BHAVANNAPALEM,,
22_1,KHAMMAM,13,PENUBALLI,2231019,CHINTAGUDEM,,
22_1,KHAMMAM,13,PENUBALLI,2231008,CHOWDARAM(K.W),,
22_1,KHAMMAM,13,PENUBALLI,2231021,GANESHUNIPADU,,
22_1,KHAMMAM,13,PENUBALLI,2231014,GOLLAGUDEM,,
22_1,KHAMMAM,13,PENUBALLI,2231003,GOWRARAM,,
22_1,KHAMMAM,13,PENUBALLI,2231017,KARAIGUDEM,,
22_1,KHAMMAM,13,PENUBALLI,2231016,KONDRUPADU,,
22_1,KHAMMAM,13,PENUBALLI,2231018,KUPPENAKUNTLA,,
22_1,KHAMMAM,13,PENUBALLI,2231006,LANKAPALLI,,
22_1,KHAMMAM,13,PENUBALLI,2231002,LINGAGUDEM,,
22_1,KHAMMAM,13,PENUBALLI,2231013,MANDALAPADU,,
22_1,KHAMMAM,13,PENUBALLI,2231009,PENUBALLI,,
22_1,KHAMMAM,13,PENUBALLI,2231005,RAMACHANDRAPURAM,,
22_1,KHAMMAM,13,PENUBALLI,2231010,TEKULAPALLI,,
22_1,KHAMMAM,13,PENUBALLI,2231020,TELEGAVARAM(K.W),,
22_1,KHAMMAM,13,PENUBALLI,2231001,THALLAPENTA,,
22_1,KHAMMAM,13,PENUBALLI,2231011,THUMMALAPALLI,,
22_1,KHAMMAM,13,PENUBALLI,2231007,YERUGHATLA,,
22_1,KHAMMAM,14,RAGHUNADHAPALEM,2236002,CHIMMAPUDI,,
22_1,KHAMMAM,14,RAGHUNADHAPALEM,2236004,ERLAPUDI,,
22_1,KHAMMAM,14,RAGHUNADHAPALEM,2236006,KOYACHALKA,,
22_1,KHAMMAM,14,RAGHUNADHAPALEM,2236005,M.PALLE CHINTHAGURTHI,,
22_1,KHAMMAM,14,RAGHUNADHAPALEM,2236003,MANCHUGONDA,,
22_1,KHAMMAM,14,RAGHUNADHAPALEM,2236001,PAPADAPALLE,,
22_1,KHAMMAM,14,RAGHUNADHAPALEM,2236008,RAGHUNADHA PALEM,,
22_1,KHAMMAM,14,RAGHUNADHAPALEM,2236007,REGULA CHALKA,,
22_1,KHAMMAM,14,RAGHUNADHAPALEM,2236010,V.VENKATAYAPALEM,,
22_1,KHAMMAM,14,RAGHUNADHAPALEM,2236009,VEPAKUNTLA,,
22_1,KHAMMAM,15,SATHUPALLE,2229009,AYYAGARIPETA,,
22_1,KHAMMAM,15,SATHUPALLE,2214016,BACHARAM,,
22_1,KHAMMAM,15,SATHUPALLE,2229016,BETHUPALLI,,
22_1,KHAMMAM,15,SATHUPALLE,2229005,CHERUKUPALLI,,
22_1,KHAMMAM,15,SATHUPALLE,2229006,JAGANNADHAPURAM,,
22_1,KHAMMAM,15,SATHUPALLE,2229007,KAKARLAPALLI,,
22_1,KHAMMAM,15,SATHUPALLE,2229010,KISTARAM,,
22_1,KHAMMAM,15,SATHUPALLE,2229011,KOMMEPALLI,,
22_1,KHAMMAM,15,SATHUPALLE,2229002,REGALLAPADU,,
22_1,KHAMMAM,15,SATHUPALLE,2229012,REJERLA,,
22_1,KHAMMAM,15,SATHUPALLE,2229003,RUDRAKSHAPALLI,,
22_1,KHAMMAM,15,SATHUPALLE,2229013,SADASIVUNIPALEM,,
22_1,KHAMMAM,15,SATHUPALLE,2229008,SATHUPALLY  (U),,
22_1,KHAMMAM,15,SATHUPALLE,2229015,SIDDARAM,,
22_1,KHAMMAM,15,SATHUPALLE,2229014,THUMBUR,,
22_1,KHAMMAM,15,SATHUPALLE,2229001,YATALAKUNTA,,
22_1,KHAMMAM,16,SINGARENI,2220010,BAJUMALLAIGUDEM,,
22_1,KHAMMAM,16,SINGARENI,2220006,KAMALAPURAM,,
22_1,KHAMMAM,16,SINGARENI,2220005,KAREPALLE (GATE),,
22_1,KHAMMAM,16,SINGARENI,2220008,KOMATLAGUDEM,,
22_1,KHAMMAM,16,SINGARENI,2220001,MADHARAM,,
22_1,KHAMMAM,16,SINGARENI,2220009,MANIKYARAM,,
22_1,KHAMMAM,16,SINGARENI,2220002,PERUPALLE,,
22_1,KHAMMAM,16,SINGARENI,2220011,RELAKAYALAPALLI,,
22_1,KHAMMAM,16,SINGARENI,2220004,SINGARENI,,
22_1,KHAMMAM,16,SINGARENI,2220003,USIRIKAYALAPALLE,,
22_1,KHAMMAM,16,SINGARENI,2220007,VISWANADHAPALLE,,
22_1,KHAMMAM,17,THALLADA,2233003,ANNARGUDEM,,
22_1,KHAMMAM,17,THALLADA,2233002,BALAPETA,,
22_1,KHAMMAM,17,THALLADA,2233018,BASAVAPURAM,,
22_1,KHAMMAM,17,THALLADA,2233005,BILLUPADU,,
22_1,KHAMMAM,17,THALLADA,2233004,GOPALAPETA,,
22_1,KHAMMAM,17,THALLADA,2233019,KALAKODIMA,,
22_1,KHAMMAM,17,THALLADA,2233010,KODAVATIMETTA,,
22_1,KHAMMAM,17,THALLADA,2233017,KURNAVALLI,,
22_1,KHAMMAM,17,THALLADA,2233015,LAXMIPURAM,,
22_1,KHAMMAM,17,THALLADA,2233001,MALLARAM,,
22_1,KHAMMAM,17,THALLADA,2233013,MITTAPALLI,,
22_1,KHAMMAM,17,THALLADA,2233016,MUDDUNURU,,
22_1,KHAMMAM,17,THALLADA,2233007,NUTHANKAL,,
22_1,KHAMMAM,17,THALLADA,2233011,PINAPAKA,,
22_1,KHAMMAM,17,THALLADA,2233014,RAMANUJAVARAM,,
22_1,KHAMMAM,17,THALLADA,2233008,REJERLA,,
22_1,KHAMMAM,17,THALLADA,2233012,TELAGARAM,,
22_1,KHAMMAM,17,THALLADA,2233009,THALLADA,,
22_1,KHAMMAM,17,THALLADA,2233006,VENGANNAPETA,,
22_1,KHAMMAM,18,THIRUMALAYAPALEM,2238013,BACHODU,,
22_1,KHAMMAM,18,THIRUMALAYAPALEM,2238014,BANDAMPALLI,,
22_1,KHAMMAM,18,THIRUMALAYAPALEM,2238015,BEEROLU,,
22_1,KHAMMAM,18,THIRUMALAYAPALEM,2238021,EDULLA CHERUVU,,
22_1,KHAMMAM,18,THIRUMALAYAPALEM,2238007,HASNABAD,,
22_1,KHAMMAM,18,THIRUMALAYAPALEM,2238018,HYDERSAIPET,,
22_1,KHAMMAM,18,THIRUMALAYAPALEM,2238017,JALLEPALLI,,
22_1,KHAMMAM,18,THIRUMALAYAPALEM,2238009,JUPEDA,,
22_1,KHAMMAM,18,THIRUMALAYAPALEM,2238002,KAKARVAI,,
22_1,KHAMMAM,18,THIRUMALAYAPALEM,2238023,KOKKIRENI,,
22_1,KHAMMAM,18,THIRUMALAYAPALEM,2238008,LAKSHMIDEVIPALLI,,
22_1,KHAMMAM,18,THIRUMALAYAPALEM,2238006,MEDIDEPALLE,,
22_1,KHAMMAM,18,THIRUMALAYAPALEM,2238005,MOHAMMADAPURAM,,
22_1,KHAMMAM,18,THIRUMALAYAPALEM,2238001,MUJAHIDPURAM,,
22_1,KHAMMAM,18,THIRUMALAYAPALEM,2238010,PAINAMPALLI,,
22_1,KHAMMAM,18,THIRUMALAYAPALEM,2238016,PATHARLAPADU,,
22_1,KHAMMAM,18,THIRUMALAYAPALEM,2238020,PINDIPROLU,,
22_1,KHAMMAM,18,THIRUMALAYAPALEM,2238003,RAGHUNADHAPALEM,,
22_1,KHAMMAM,18,THIRUMALAYAPALEM,2238012,RAJARAM,,
22_1,KHAMMAM,18,THIRUMALAYAPALEM,2238011,SOLIPURAM,,
22_1,KHAMMAM,18,THIRUMALAYAPALEM,2238004,SUBLAID,,
22_1,KHAMMAM,18,THIRUMALAYAPALEM,2238025,THALLA CHERUVU,,
22_1,KHAMMAM,18,THIRUMALAYAPALEM,2238024,THETTELAPADU,,
22_1,KHAMMAM,18,THIRUMALAYAPALEM,2238022,THIRUMALAYAPALEM,,
22_1,KHAMMAM,18,THIRUMALAYAPALEM,2238019,TIPPAREDDIGUDEM,,
22_1,KHAMMAM,19,VEMSOOR,2230005,ADSARLAPADU,,
22_1,KHAMMAM,19,VEMSOOR,2230009,AMMAPALEM,,
22_1,KHAMMAM,19,VEMSOOR,2230013,BHARANIPADU,,
22_1,KHAMMAM,19,VEMSOOR,2230006,CHOWDARAM(O.W),,
22_1,KHAMMAM,19,VEMSOOR,2230014,DUDDIPUDI,,
22_1,KHAMMAM,19,VEMSOOR,2230002,GUDURU,,
22_1,KHAMMAM,19,VEMSOOR,2230004,KALLURUGUDEM,,
22_1,KHAMMAM,19,VEMSOOR,2230001,KANDRAGATLAMALLELA,,
22_1,KHAMMAM,19,VEMSOOR,2230012,KANDUKURU,,
22_1,KHAMMAM,19,VEMSOOR,2230003,KUNCHAPARTHI,,
22_1,KHAMMAM,19,VEMSOOR,2230007,PALLEVADA,,
22_1,KHAMMAM,19,VEMSOOR,2230011,VEMSOOR,,
22_1,KHAMMAM,19,VEMSOOR,2230010,VENNACHEDU VENKATAPURAM,,
22_1,KHAMMAM,19,VEMSOOR,2230008,YERRAGUNTA,,
22_1,KHAMMAM,20,WYRA,2243019,ASTNAGURTHY,,
22_1,KHAMMAM,20,WYRA,2243002,BRAHMANAPALLI(A.G.),,
22_1,KHAMMAM,20,WYRA,2243016,DACHAPURAM,,
22_1,KHAMMAM,20,WYRA,2243017,GANNAVARAM,,
22_1,KHAMMAM,20,WYRA,2243014,GARIKAPADU,,
22_1,KHAMMAM,20,WYRA,2243010,GOLLANAPADU,,
22_1,KHAMMAM,20,WYRA,2243018,GOLLAPUDI,,
22_1,KHAMMAM,20,WYRA,2243013,KHANAPURAM,,
22_1,KHAMMAM,20,WYRA,2243012,KONDA KODIMA,,
22_1,KHAMMAM,20,WYRA,2243015,LINGANNAPALEM,,
22_1,KHAMMAM,20,WYRA,2243021,MEDIBANDA,,
22_1,KHAMMAM,20,WYRA,2243008,MUSALIMADUGU,,
22_1,KHAMMAM,20,WYRA,2243006,NARAPANENIPALLI,,
22_1,KHAMMAM,20,WYRA,2243022,PALADUGU,,
22_1,KHAMMAM,20,WYRA,2243007,POOSALAPADU,,
22_1,KHAMMAM,20,WYRA,2243004,PUNYAPURAM,,
22_1,KHAMMAM,20,WYRA,2243011,REBBAVARAM,,
22_1,KHAMMAM,20,WYRA,2243003,SIRIPURAM  (K.G.),,
22_1,KHAMMAM,20,WYRA,2243001,SOMAVARAM,,
22_1,KHAMMAM,20,WYRA,2243009,TATIPUDI,,
22_1,KHAMMAM,20,WYRA,2243020,VALLAPURAM,,
22_1,KHAMMAM,20,WYRA,2243005,VIPPALA MADAKA,,
22_1,KHAMMAM,21,YERRUPALEM,2246002,AYYAVARIGUDEM,,
22_1,KHAMMAM,21,YERRUPALEM,2246012,BANIGANDLAPADU,,
22_1,KHAMMAM,21,YERRUPALEM,2246003,BHEEMAVARAM,,
22_1,KHAMMAM,21,YERRUPALEM,2246011,CHOPPAKATPAPALEM,,
22_1,KHAMMAM,21,YERRUPALEM,2246024,GATLA GOWRARAM,,
22_1,KHAMMAM,21,YERRUPALEM,2246001,GOSAVEEDU,,
22_1,KHAMMAM,21,YERRUPALEM,2246004,GUNTUPALLI GOPAVARAM,,
22_1,KHAMMAM,21,YERRUPALEM,2246007,INAGALI,,
22_1,KHAMMAM,21,YERRUPALEM,2246018,JAMALAPURAM,,
22_1,KHAMMAM,21,YERRUPALEM,2246005,KACHARAM,,
22_1,KHAMMAM,21,YERRUPALEM,2246022,KESIREDDIPALLE,,
22_1,KHAMMAM,21,YERRUPALEM,2246006,MAMUNURU,,
22_1,KHAMMAM,21,YERRUPALEM,2246013,MEENAVOLE,,
22_1,KHAMMAM,21,YERRUPALEM,2246008,MULUGUMADU,,
22_1,KHAMMAM,21,YERRUPALEM,2246015,PEDDA GOPARAM,,
22_1,KHAMMAM,21,YERRUPALEM,2246014,PEGALLAPADU,,
22_1,KHAMMAM,21,YERRUPALEM,2246016,RAJUPALEM,,
22_1,KHAMMAM,21,YERRUPALEM,2246019,RANGAGUDEM,,
22_1,KHAMMAM,21,YERRUPALEM,2246023,REMIDICHERLA,,
22_1,KHAMMAM,21,YERRUPALEM,2246009,SAKHINA VEEDU,,
22_1,KHAMMAM,21,YERRUPALEM,2246017,TATIGUDEM,,
22_1,KHAMMAM,21,YERRUPALEM,2246010,THAKKELLA PADU,,
22_1,KHAMMAM,21,YERRUPALEM,2246020,TRIPURARAM,,
22_1,KHAMMAM,21,YERRUPALEM,2246021,YERRUPALEM,,
22_2,BHADRADRI KOTHAGUDEM,01,ALLAPALLI,2205004,ADAVI RAMAVARAM,,
22_2,BHADRADRI KOTHAGUDEM,01,ALLAPALLI,2205019,ALLAPALLI,,
22_2,BHADRADRI KOTHAGUDEM,01,ALLAPALLI,2205017,ANANTHOGU,,
22_2,BHADRADRI KOTHAGUDEM,01,ALLAPALLI,2205018,APPAIPETA,,
22_2,BHADRADRI KOTHAGUDEM,01,ALLAPALLI,2205005,MARKODE,,
22_2,BHADRADRI KOTHAGUDEM,01,ALLAPALLI,2205020,PEDDA VENKATAPURAM,,
22_2,BHADRADRI KOTHAGUDEM,01,ALLAPALLI,2205006,RAMANUJAGUDEM,,
22_2,BHADRADRI KOTHAGUDEM,01,ALLAPALLI,2205021,VULVA CHALAKAM,,
22_2,BHADRADRI KOTHAGUDEM,02,ANNAPUREDDYPALLI,2225005,ABBUGUDEM,,
22_2,BHADRADRI KOTHAGUDEM,02,ANNAPUREDDYPALLI,2225007,ANNADEVAM,,
22_2,BHADRADRI KOTHAGUDEM,02,ANNAPUREDDYPALLI,2225008,ANNAPUREDDIPALLI,,
22_2,BHADRADRI KOTHAGUDEM,02,ANNAPUREDDYPALLI,2225012,GUMPENA,,
22_2,BHADRADRI KOTHAGUDEM,02,ANNAPUREDDYPALLI,2225010,NAMAVARAM,,
22_2,BHADRADRI KOTHAGUDEM,02,ANNAPUREDDYPALLI,2225011,NARSAPURAM,,
22_2,BHADRADRI KOTHAGUDEM,02,ANNAPUREDDYPALLI,2225019,PEDDIREDDIGUDEM,,
22_2,BHADRADRI KOTHAGUDEM,02,ANNAPUREDDYPALLI,2225009,PENTLAM,,
22_2,BHADRADRI KOTHAGUDEM,02,ANNAPUREDDYPALLI,2225006,TELIGERLA,,
22_2,BHADRADRI KOTHAGUDEM,02,ANNAPUREDDYPALLI,2225020,VOOTUPALLI,,
22_2,BHADRADRI KOTHAGUDEM,03,ASWAPURAM,2207004,AMERLA,,
22_2,BHADRADRI KOTHAGUDEM,03,ASWAPURAM,2207003,AMMAGARIPALLI,,
22_2,BHADRADRI KOTHAGUDEM,03,ASWAPURAM,2207007,ASWAPURAM,,
22_2,BHADRADRI KOTHAGUDEM,03,ASWAPURAM,2207006,CHINTRIYALA,,
22_2,BHADRADRI KOTHAGUDEM,03,ASWAPURAM,2207008,GANDIGUDEM,,
22_2,BHADRADRI KOTHAGUDEM,03,ASWAPURAM,2207005,KESAVAPURAM,,
22_2,BHADRADRI KOTHAGUDEM,03,ASWAPURAM,2207002,KUMMARIGUDEM,,
22_2,BHADRADRI KOTHAGUDEM,03,ASWAPURAM,2207009,MAMILLAVAI,,
22_2,BHADRADRI KOTHAGUDEM,03,ASWAPURAM,2207011,NELLIPAKA,,
22_2,BHADRADRI KOTHAGUDEM,03,ASWAPURAM,2207001,PAMULAPALLI,,
22_2,BHADRADRI KOTHAGUDEM,03,ASWAPURAM,2207010,THUMMALACHERUVU,,
22_2,BHADRADRI KOTHAGUDEM,04,ASWARAOPETA,2227015,ACHUTHAPURAM,,
22_2,BHADRADRI KOTHAGUDEM,04,ASWARAOPETA,2227008,ANANTHARAM,,
22_2,BHADRADRI KOTHAGUDEM,04,ASWARAOPETA,2227012,ASUPAKA,,
22_2,BHADRADRI KOTHAGUDEM,04,ASWARAOPETA,2227017,ASWARAOPETA,,
22_2,BHADRADRI KOTHAGUDEM,04,ASWARAOPETA,2227005,BACHUVARIGUDEM,,
22_2,BHADRADRI KOTHAGUDEM,04,ASWARAOPETA,2227002,DURDAPADU,,
22_2,BHADRADRI KOTHAGUDEM,04,ASWARAOPETA,2227004,GUMMADAVALLI,,
22_2,BHADRADRI KOTHAGUDEM,04,ASWARAOPETA,2227011,GUNTIMADUGU,,
22_2,BHADRADRI KOTHAGUDEM,04,ASWARAOPETA,2227013,JAMMIGUDEM,,
22_2,BHADRADRI KOTHAGUDEM,04,ASWARAOPETA,2227007,KANNAIGUDEM,,
22_2,BHADRADRI KOTHAGUDEM,04,ASWARAOPETA,2227006,KAVIDIGUNDLA,,
22_2,BHADRADRI KOTHAGUDEM,04,ASWARAOPETA,2227010,KHAMMAMPAD,,
22_2,BHADRADRI KOTHAGUDEM,04,ASWARAOPETA,2227020,LANKALAPALLI,,
22_2,BHADRADRI KOTHAGUDEM,04,ASWARAOPETA,2227014,MADDIKONDA,,
22_2,BHADRADRI KOTHAGUDEM,04,ASWARAOPETA,2227003,NANDIPADU,,
22_2,BHADRADRI KOTHAGUDEM,04,ASWARAOPETA,2227016,NARAMUVARIGUDEM,,
22_2,BHADRADRI KOTHAGUDEM,04,ASWARAOPETA,2227009,NARAYANAPURAM,,
22_2,BHADRADRI KOTHAGUDEM,04,ASWARAOPETA,2227019,RAMANNAGUDEM,,
22_2,BHADRADRI KOTHAGUDEM,04,ASWARAOPETA,2227001,TIRUMALAKUNTA,,
22_2,BHADRADRI KOTHAGUDEM,04,ASWARAOPETA,2227018,VEDANTHAPURAM,,
22_2,BHADRADRI KOTHAGUDEM,05,BHADRACHALAM,2209031,BHADRACHALAM,,
22_2,BHADRADRI KOTHAGUDEM,06,BURGAMPADU,2215012,BURGAMPADU,,
22_2,BHADRADRI KOTHAGUDEM,06,BURGAMPADU,2215001,IRVENDI,,
22_2,BHADRADRI KOTHAGUDEM,06,BURGAMPADU,2215006,KRISHNA SAGAR,,
22_2,BHADRADRI KOTHAGUDEM,06,BURGAMPADU,2215010,MORAMPALLE,,
22_2,BHADRADRI KOTHAGUDEM,06,BURGAMPADU,2215002,MOTHEPATTINAGAR,,
22_2,BHADRADRI KOTHAGUDEM,06,BURGAMPADU,2215004,NAGINENIPROLU,,
22_2,BHADRADRI KOTHAGUDEM,06,BURGAMPADU,2215011,NAKIRAPETA,,
22_2,BHADRADRI KOTHAGUDEM,06,BURGAMPADU,2215008,PINAPAKA PATTINAGAR,,
22_2,BHADRADRI KOTHAGUDEM,06,BURGAMPADU,2215003,SAARAPAKA,,
22_2,BHADRADRI KOTHAGUDEM,06,BURGAMPADU,2215009,SAMPALLE,,
22_2,BHADRADRI KOTHAGUDEM,06,BURGAMPADU,2215005,TEKULA,,
22_2,BHADRADRI KOTHAGUDEM,06,BURGAMPADU,2215007,UPPUSAKA,,
22_2,BHADRADRI KOTHAGUDEM,07,CHANDRUGONDA,2225014,CHANDRUGONDA,,
22_2,BHADRADRI KOTHAGUDEM,07,CHANDRUGONDA,2225013,DAMERACHARLA,,
22_2,BHADRADRI KOTHAGUDEM,07,CHANDRUGONDA,2225001,GANUGAPADU,,
22_2,BHADRADRI KOTHAGUDEM,07,CHANDRUGONDA,2225017,GURRAMGUDEM,,
22_2,BHADRADRI KOTHAGUDEM,07,CHANDRUGONDA,2225018,MADDUKURU,,
22_2,BHADRADRI KOTHAGUDEM,07,CHANDRUGONDA,2225016,POKALAGUDEM,,
22_2,BHADRADRI KOTHAGUDEM,07,CHANDRUGONDA,2225015,RAVIKAMPADU,,
22_2,BHADRADRI KOTHAGUDEM,07,CHANDRUGONDA,2225004,SEETHAIGUDEM,,
22_2,BHADRADRI KOTHAGUDEM,07,CHANDRUGONDA,2225002,THUNGARAM,,
22_2,BHADRADRI KOTHAGUDEM,07,CHANDRUGONDA,2225003,TIPPANAPALLI,,
22_2,BHADRADRI KOTHAGUDEM,08,CHERLA,2203040,BATHINAPALLE,,
22_2,BHADRADRI KOTHAGUDEM,08,CHERLA,2203027,BHUMULLANKA,,
22_2,BHADRADRI KOTHAGUDEM,08,CHERLA,2203049,BODANALLI (G),,
22_2,BHADRADRI KOTHAGUDEM,08,CHERLA,2203050,BODANALLI (Z),,
22_2,BHADRADRI KOTHAGUDEM,08,CHERLA,2203035,BOINAPALLY (G),,
22_2,BHADRADRI KOTHAGUDEM,08,CHERLA,2203005,C.KATHIGUDEM,,
22_2,BHADRADRI KOTHAGUDEM,08,CHERLA,2203039,CHALAMALA (Z),,
22_2,BHADRADRI KOTHAGUDEM,08,CHERLA,2203018,CHERLA (G),,
22_2,BHADRADRI KOTHAGUDEM,08,CHERLA,2203028,CHERLA (Z),,
22_2,BHADRADRI KOTHAGUDEM,08,CHERLA,2203007,CHIMALAPADU,,
22_2,BHADRADRI KOTHAGUDEM,08,CHERLA,2203046,CHINAMIDISILERU (G),,
22_2,BHADRADRI KOTHAGUDEM,08,CHERLA,2203047,CHINAMIDISILERU (Z),,
22_2,BHADRADRI KOTHAGUDEM,08,CHERLA,2203051,CHINTAGUPPA,,
22_2,BHADRADRI KOTHAGUDEM,08,CHERLA,2203015,CHINTAKUNTA (Z),,
22_2,BHADRADRI KOTHAGUDEM,08,CHERLA,2203023,DANDUPETA (G),,
22_2,BHADRADRI KOTHAGUDEM,08,CHERLA,2203024,DANDUPETA (Z),,
22_2,BHADRADRI KOTHAGUDEM,08,CHERLA,2203075,DEVARAPALLI (G),,
22_2,BHADRADRI KOTHAGUDEM,08,CHERLA,2203069,DEVARAPALLI (Z),,
22_2,BHADRADRI KOTHAGUDEM,08,CHERLA,2203029,DOSILLAPALLY,,
22_2,BHADRADRI KOTHAGUDEM,08,CHERLA,2203017,GAMPALLE  (Z),,
22_2,BHADRADRI KOTHAGUDEM,08,CHERLA,2203013,GANNAVARAM (Z),,
22_2,BHADRADRI KOTHAGUDEM,08,CHERLA,2203076,GOGUBAKA (G),,
22_2,BHADRADRI KOTHAGUDEM,08,CHERLA,2203071,GOGUBAKA (Z),,
22_2,BHADRADRI KOTHAGUDEM,08,CHERLA,2203056,GOMMUGUDEM (Z),,
22_2,BHADRADRI KOTHAGUDEM,08,CHERLA,2203006,GOMMUPULLI BOINAPALLE,,
22_2,BHADRADRI KOTHAGUDEM,08,CHERLA,2203048,JANGALAPALLE,,
22_2,BHADRADRI KOTHAGUDEM,08,CHERLA,2203061,JETTIGUDEM (Z),,
22_2,BHADRADRI KOTHAGUDEM,08,CHERLA,2203053,KALIVERU (Z),,
22_2,BHADRADRI KOTHAGUDEM,08,CHERLA,2203065,KATEPALLI,,
22_2,BHADRADRI KOTHAGUDEM,08,CHERLA,2203025,KESAVAPURAM,,
22_2,BHADRADRI KOTHAGUDEM,08,CHERLA,2203062,KOTHAGUDEM (Z),,
22_2,BHADRADRI KOTHAGUDEM,08,CHERLA,2203022,KOTHAPALLY (G),,
22_2,BHADRADRI KOTHAGUDEM,08,CHERLA,2203021,KOTHAPALLY (Z),,
22_2,BHADRADRI KOTHAGUDEM,08,CHERLA,2203014,KOTHURU,,
22_2,BHADRADRI KOTHAGUDEM,08,CHERLA,2203008,KOYYURU  (Z),,
22_2,BHADRADRI KOTHAGUDEM,08,CHERLA,2203068,KUDUNURU (G),,
22_2,BHADRADRI KOTHAGUDEM,08,CHERLA,2203067,KUDUNURU (Z),,
22_2,BHADRADRI KOTHAGUDEM,08,CHERLA,2203045,KURNAPALLE,,
22_2,BHADRADRI KOTHAGUDEM,08,CHERLA,2203058,LINGALA (G),,
22_2,BHADRADRI KOTHAGUDEM,08,CHERLA,2203057,LINGALA (Z),,
22_2,BHADRADRI KOTHAGUDEM,08,CHERLA,2203020,LINGAPURAM (Z),,
22_2,BHADRADRI KOTHAGUDEM,08,CHERLA,2203073,MAMIDIGUDEM  CHALK,,
22_2,BHADRADRI KOTHAGUDEM,08,CHERLA,2203070,MAMIDIGUDEM (Z),,
22_2,BHADRADRI KOTHAGUDEM,08,CHERLA,2203019,MOGULLAPALLE (G),,
22_2,BHADRADRI KOTHAGUDEM,08,CHERLA,2203060,MUMMIDARAM (Z),,
22_2,BHADRADRI KOTHAGUDEM,08,CHERLA,2203044,PADAMIDISILERU(CHALK-1),,
22_2,BHADRADRI KOTHAGUDEM,08,CHERLA,2203043,PADAMIDISILERU(CHALK-2),,
22_2,BHADRADRI KOTHAGUDEM,08,CHERLA,2203041,PEDAMIDISILERU (Z),,
22_2,BHADRADRI KOTHAGUDEM,08,CHERLA,2203042,PEDAMIDISILERU(CHALK-3),,
22_2,BHADRADRI KOTHAGUDEM,08,CHERLA,2203059,PEDDIPALLE,,
22_2,BHADRADRI KOTHAGUDEM,08,CHERLA,2203016,PULIBOINAPALLY,,
22_2,BHADRADRI KOTHAGUDEM,08,CHERLA,2203074,PULIGUNDALA,,
22_2,BHADRADRI KOTHAGUDEM,08,CHERLA,2203034,PUSUGUPPA (PATCH.I),,
22_2,BHADRADRI KOTHAGUDEM,08,CHERLA,2203033,PUSUGUPPA (PATCH.II),,
22_2,BHADRADRI KOTHAGUDEM,08,CHERLA,2203032,PUSUGUPPA (PATCH.III),,
22_2,BHADRADRI KOTHAGUDEM,08,CHERLA,2203063,R.KOTHAGUDEM,,
22_2,BHADRADRI KOTHAGUDEM,08,CHERLA,2203072,RALLAGUDEM (G),,
22_2,BHADRADRI KOTHAGUDEM,08,CHERLA,2203004,RAMANUJAPURAM,,
22_2,BHADRADRI KOTHAGUDEM,08,CHERLA,2203009,REGUNTA  (G),,
22_2,BHADRADRI KOTHAGUDEM,08,CHERLA,2203010,REGUNTA  (Z),,
22_2,BHADRADRI KOTHAGUDEM,08,CHERLA,2203026,RICEPETA,,
22_2,BHADRADRI KOTHAGUDEM,08,CHERLA,2203064,SARANGAPANI  (Z),,
22_2,BHADRADRI KOTHAGUDEM,08,CHERLA,2203066,SARANGAPANI (G),,
22_2,BHADRADRI KOTHAGUDEM,08,CHERLA,2203011,SINGASAMUDRAM (G),,
22_2,BHADRADRI KOTHAGUDEM,08,CHERLA,2203052,SRINIVASAPURAM (Z),,
22_2,BHADRADRI KOTHAGUDEM,08,CHERLA,2203001,SUBBAMPETA,,
22_2,BHADRADRI KOTHAGUDEM,08,CHERLA,2203002,SUBBAMPETA (G),,
22_2,BHADRADRI KOTHAGUDEM,08,CHERLA,2203003,SUBBAMPETA (Z),,
22_2,BHADRADRI KOTHAGUDEM,08,CHERLA,2203055,TEGADA (G),,
22_2,BHADRADRI KOTHAGUDEM,08,CHERLA,2203054,TEGADA (Z),,
22_2,BHADRADRI KOTHAGUDEM,08,CHERLA,2203038,TIPPAPURAM,,
22_2,BHADRADRI KOTHAGUDEM,08,CHERLA,2203030,UNJUPALLY,,
22_2,BHADRADRI KOTHAGUDEM,08,CHERLA,2203012,UPPERAGUDEM (G),,
22_2,BHADRADRI KOTHAGUDEM,08,CHERLA,2203036,UYYALAMADUGU (G),,
22_2,BHADRADRI KOTHAGUDEM,08,CHERLA,2203037,UYYALAMADUGU (Z),,
22_2,BHADRADRI KOTHAGUDEM,08,CHERLA,2203031,VADDIPET (Z),,
22_2,BHADRADRI KOTHAGUDEM,08,CHERLA,2203077,VEERAPURAM (G),,
22_2,BHADRADRI KOTHAGUDEM,09,CHUNCHUPALLY,2217012,CHUNCHUPALLE (U),,
22_2,BHADRADRI KOTHAGUDEM,09,CHUNCHUPALLY,2217015,GARIMELLA PADU (U),,
22_2,BHADRADRI KOTHAGUDEM,09,CHUNCHUPALLY,2217021,PENAGADAPA,,
22_2,BHADRADRI KOTHAGUDEM,09,CHUNCHUPALLY,2217014,PENUBALLI,,
22_2,BHADRADRI KOTHAGUDEM,10,DAMMAPETA,2228022,AKINEPALLI,,
22_2,BHADRADRI KOTHAGUDEM,10,DAMMAPETA,2228009,AMUDALALPADU,,
22_2,BHADRADRI KOTHAGUDEM,10,DAMMAPETA,2228002,ANKAMPALEM,,
22_2,BHADRADRI KOTHAGUDEM,10,DAMMAPETA,2228004,BALARAJUGUDEM,,
22_2,BHADRADRI KOTHAGUDEM,10,DAMMAPETA,2228010,DAMMAPETA,,
22_2,BHADRADRI KOTHAGUDEM,10,DAMMAPETA,2228013,GANESHPADU,,
22_2,BHADRADRI KOTHAGUDEM,10,DAMMAPETA,2228014,GUNNEPALLI,,
22_2,BHADRADRI KOTHAGUDEM,10,DAMMAPETA,2228003,JAGGARAM,,
22_2,BHADRADRI KOTHAGUDEM,10,DAMMAPETA,2228001,KATKURU,,
22_2,BHADRADRI KOTHAGUDEM,10,DAMMAPETA,2228007,LACHAPURAM,,
22_2,BHADRADRI KOTHAGUDEM,10,DAMMAPETA,2228008,MALKARAM,,
22_2,BHADRADRI KOTHAGUDEM,10,DAMMAPETA,2228018,MALLARAM,,
22_2,BHADRADRI KOTHAGUDEM,10,DAMMAPETA,2228020,MANDALAPALLI,,
22_2,BHADRADRI KOTHAGUDEM,10,DAMMAPETA,2228016,MODDULAGUDEM,,
22_2,BHADRADRI KOTHAGUDEM,10,DAMMAPETA,2228017,MUSTIBANDA,,
22_2,BHADRADRI KOTHAGUDEM,10,DAMMAPETA,2228012,NACHARAM,,
22_2,BHADRADRI KOTHAGUDEM,10,DAMMAPETA,2228011,NAGUPALLI,,
22_2,BHADRADRI KOTHAGUDEM,10,DAMMAPETA,2228015,NAIDUPETA,,
22_2,BHADRADRI KOTHAGUDEM,10,DAMMAPETA,2228005,PATWARIGUDEM,,
22_2,BHADRADRI KOTHAGUDEM,10,DAMMAPETA,2228006,PEDDAGOLLAGUDEM,,
22_2,BHADRADRI KOTHAGUDEM,10,DAMMAPETA,2228019,SAYANARAOPALEM,,
22_2,BHADRADRI KOTHAGUDEM,10,DAMMAPETA,2228021,VADLAGUDEM,,
22_2,BHADRADRI KOTHAGUDEM,11,DUMMAGUDEM,2208040,ACHUTHAPURAM,,
22_2,BHADRADRI KOTHAGUDEM,11,DUMMAGUDEM,2208046,ADAVI RAMAVARAM,,
22_2,BHADRADRI KOTHAGUDEM,11,DUMMAGUDEM,2208031,ANJUBAKA,,
22_2,BHADRADRI KOTHAGUDEM,11,DUMMAGUDEM,2208047,ARLAGUDEM,,
22_2,BHADRADRI KOTHAGUDEM,11,DUMMAGUDEM,2208083,BANDARUGUDEM,,
22_2,BHADRADRI KOTHAGUDEM,11,DUMMAGUDEM,2208063,BHEEMAVARAM,,
22_2,BHADRADRI KOTHAGUDEM,11,DUMMAGUDEM,2208070,BOJJIGUPPA,,
22_2,BHADRADRI KOTHAGUDEM,11,DUMMAGUDEM,2208052,BURRA VEMULA,,
22_2,BHADRADRI KOTHAGUDEM,11,DUMMAGUDEM,2208034,BYRAGULAPADU,,
22_2,BHADRADRI KOTHAGUDEM,11,DUMMAGUDEM,2208068,CHERUPALLI,,
22_2,BHADRADRI KOTHAGUDEM,11,DUMMAGUDEM,2208043,CHINNA KAMALAPURAM,,
22_2,BHADRADRI KOTHAGUDEM,11,DUMMAGUDEM,2208027,CHINNA NALLABALLI,,
22_2,BHADRADRI KOTHAGUDEM,11,DUMMAGUDEM,2208011,CHINNABANDIREVU,,
22_2,BHADRADRI KOTHAGUDEM,11,DUMMAGUDEM,2208021,CHINTAGUPPA,,
22_2,BHADRADRI KOTHAGUDEM,11,DUMMAGUDEM,2208030,DABBANUTHULA,,
22_2,BHADRADRI KOTHAGUDEM,11,DUMMAGUDEM,2208079,DANTENAM,,
22_2,BHADRADRI KOTHAGUDEM,11,DUMMAGUDEM,2208048,DHARMAPURAM,,
22_2,BHADRADRI KOTHAGUDEM,11,DUMMAGUDEM,2208036,DUMMUGUDEM,,
22_2,BHADRADRI KOTHAGUDEM,11,DUMMAGUDEM,2208059,FOWLERPETA,,
22_2,BHADRADRI KOTHAGUDEM,11,DUMMAGUDEM,2208058,GANGAVARAM,,
22_2,BHADRADRI KOTHAGUDEM,11,DUMMAGUDEM,2208050,GANGOLU,,
22_2,BHADRADRI KOTHAGUDEM,11,DUMMAGUDEM,2208009,GOURAVARAM,,
22_2,BHADRADRI KOTHAGUDEM,11,DUMMAGUDEM,2208004,GOVINDAPURAM,,
22_2,BHADRADRI KOTHAGUDEM,11,DUMMAGUDEM,2208061,GURRALABAYALU,,
22_2,BHADRADRI KOTHAGUDEM,11,DUMMAGUDEM,2208065,JINNEGATTU,,
22_2,BHADRADRI KOTHAGUDEM,11,DUMMAGUDEM,2208038,KANNAPURAM,,
22_2,BHADRADRI KOTHAGUDEM,11,DUMMAGUDEM,2208025,KASINAGARAM,,
22_2,BHADRADRI KOTHAGUDEM,11,DUMMAGUDEM,2208039,KATAYAGUDEM,,
22_2,BHADRADRI KOTHAGUDEM,11,DUMMAGUDEM,2208026,KESAVAPATNAM,,
22_2,BHADRADRI KOTHAGUDEM,11,DUMMAGUDEM,2208056,KHALSA REGUBALLY,,
22_2,BHADRADRI KOTHAGUDEM,11,DUMMAGUDEM,2208023,KHALSA VEERABHADRAPURAM,,
22_2,BHADRADRI KOTHAGUDEM,11,DUMMAGUDEM,2208066,KOMMANAPALLI,,
22_2,BHADRADRI KOTHAGUDEM,11,DUMMAGUDEM,2208051,KOTHAD DUMMUGUDEM,,
22_2,BHADRADRI KOTHAGUDEM,11,DUMMAGUDEM,2208014,KOTHAGUDEM,,
22_2,BHADRADRI KOTHAGUDEM,11,DUMMAGUDEM,2208082,KOTHAGUDEM-B,,
22_2,BHADRADRI KOTHAGUDEM,11,DUMMAGUDEM,2208019,KOTHAJINNELAGUDEM,,
22_2,BHADRADRI KOTHAGUDEM,11,DUMMAGUDEM,2208067,KOTHAPALLI,,
22_2,BHADRADRI KOTHAGUDEM,11,DUMMAGUDEM,2208029,KOTHURU,,
22_2,BHADRADRI KOTHAGUDEM,11,DUMMAGUDEM,2208015,KOTIPALLEPADU,,
22_2,BHADRADRI KOTHAGUDEM,11,DUMMAGUDEM,2208069,KOYA NARSAPURAM,,
22_2,BHADRADRI KOTHAGUDEM,11,DUMMAGUDEM,2208062,LACHIGUDEM,,
22_2,BHADRADRI KOTHAGUDEM,11,DUMMAGUDEM,2208012,LAKSHMINARASIMHARAOPETA,,
22_2,BHADRADRI KOTHAGUDEM,11,DUMMAGUDEM,2208017,LAKSHMIPURAM,,
22_2,BHADRADRI KOTHAGUDEM,11,DUMMAGUDEM,2208037,LAXMINAGARAM,,
22_2,BHADRADRI KOTHAGUDEM,11,DUMMAGUDEM,2208072,LAXMIPURAM,,
22_2,BHADRADRI KOTHAGUDEM,11,DUMMAGUDEM,2208007,LINGAPURAM,,
22_2,BHADRADRI KOTHAGUDEM,11,DUMMAGUDEM,2208041,MAHADEVAPURAM,,
22_2,BHADRADRI KOTHAGUDEM,11,DUMMAGUDEM,2208032,MANGUVAI,,
22_2,BHADRADRI KOTHAGUDEM,11,DUMMAGUDEM,2208064,MARAYAGUDEM,,
22_2,BHADRADRI KOTHAGUDEM,11,DUMMAGUDEM,2208075,MAREDUBAKA (Z),,
22_2,BHADRADRI KOTHAGUDEM,11,DUMMAGUDEM,2208006,MULAKANAPALLI,,
22_2,BHADRADRI KOTHAGUDEM,11,DUMMAGUDEM,2208053,NADIKUDI,,
22_2,BHADRADRI KOTHAGUDEM,11,DUMMAGUDEM,2208001,NARAYANAPURAM,,
22_2,BHADRADRI KOTHAGUDEM,11,DUMMAGUDEM,2208060,NARAYANRAO PETA,,
22_2,BHADRADRI KOTHAGUDEM,11,DUMMAGUDEM,2208080,NARSAPURAM,,
22_2,BHADRADRI KOTHAGUDEM,11,DUMMAGUDEM,2208008,PAIDAGUDEM,,
22_2,BHADRADRI KOTHAGUDEM,11,DUMMAGUDEM,2208018,PAIDAKULAMADUGU,,
22_2,BHADRADRI KOTHAGUDEM,11,DUMMAGUDEM,2208002,PARNASALA,,
22_2,BHADRADRI KOTHAGUDEM,11,DUMMAGUDEM,2208022,PATAJINNELAGUDEM,,
22_2,BHADRADRI KOTHAGUDEM,11,DUMMAGUDEM,2208076,PATHA MAREDUBAKA,,
22_2,BHADRADRI KOTHAGUDEM,11,DUMMAGUDEM,2208005,PEDABANDIREVU,,
22_2,BHADRADRI KOTHAGUDEM,11,DUMMAGUDEM,2208016,PEDANALLABALLI,,
22_2,BHADRADRI KOTHAGUDEM,11,DUMMAGUDEM,2208044,PEDDA KAMALAPURAM,,
22_2,BHADRADRI KOTHAGUDEM,11,DUMMAGUDEM,2208035,PRAGALLAPALLY,,
22_2,BHADRADRI KOTHAGUDEM,11,DUMMAGUDEM,2208042,RAJUPETA,,
22_2,BHADRADRI KOTHAGUDEM,11,DUMMAGUDEM,2208033,RAMACHANDRAPURAM,,
22_2,BHADRADRI KOTHAGUDEM,11,DUMMAGUDEM,2208071,RAMACHANDRUNI PETA,,
22_2,BHADRADRI KOTHAGUDEM,11,DUMMAGUDEM,2208057,RAMARAO PETA,,
22_2,BHADRADRI KOTHAGUDEM,11,DUMMAGUDEM,2208010,SANGAM,,
22_2,BHADRADRI KOTHAGUDEM,11,DUMMAGUDEM,2208077,SEETHARAMPURAM,,
22_2,BHADRADRI KOTHAGUDEM,11,DUMMAGUDEM,2208073,SINGAVARAM,,
22_2,BHADRADRI KOTHAGUDEM,11,DUMMAGUDEM,2208003,SITANAGARAM,,
22_2,BHADRADRI KOTHAGUDEM,11,DUMMAGUDEM,2208049,SUBBARAOPETA,,
22_2,BHADRADRI KOTHAGUDEM,11,DUMMAGUDEM,2208020,SUGHNAPURAM,,
22_2,BHADRADRI KOTHAGUDEM,11,DUMMAGUDEM,2208013,SURAVARAM,,
22_2,BHADRADRI KOTHAGUDEM,11,DUMMAGUDEM,2208024,TAILORPETA,,
22_2,BHADRADRI KOTHAGUDEM,11,DUMMAGUDEM,2208081,TURUBAKA,,
22_2,BHADRADRI KOTHAGUDEM,11,DUMMAGUDEM,2208078,VENKATA RAMAPURAM,,
22_2,BHADRADRI KOTHAGUDEM,11,DUMMAGUDEM,2208074,WHITE NAGARAM,,
22_2,BHADRADRI KOTHAGUDEM,11,DUMMAGUDEM,2208054,WORK LAND REGUBALLE,,
22_2,BHADRADRI KOTHAGUDEM,11,DUMMAGUDEM,2208045,YERRABORU,,
22_2,BHADRADRI KOTHAGUDEM,11,DUMMAGUDEM,2208028,Z.VEERABHADRAPURAM,,
22_2,BHADRADRI KOTHAGUDEM,11,DUMMAGUDEM,2208055,ZAMANDARI REGUBALLE,,
22_2,BHADRADRI KOTHAGUDEM,12,GUNDALA,2205002,CHINNA VENKATAPURAM,,
22_2,BHADRADRI KOTHAGUDEM,12,GUNDALA,2205003,DAMARATHOGU,,
22_2,BHADRADRI KOTHAGUDEM,12,GUNDALA,2205012,GALABA,,
22_2,BHADRADRI KOTHAGUDEM,12,GUNDALA,2205009,GUNDALA,,
22_2,BHADRADRI KOTHAGUDEM,12,GUNDALA,2205016,KACHANAPALLI,,
22_2,BHADRADRI KOTHAGUDEM,12,GUNDALA,2205010,KONAVARIGUDEM,,
22_2,BHADRADRI KOTHAGUDEM,12,GUNDALA,2205011,LINGAGUDEM,,
22_2,BHADRADRI KOTHAGUDEM,12,GUNDALA,2205007,MAMAKANNU,,
22_2,BHADRADRI KOTHAGUDEM,12,GUNDALA,2205008,MUTHAPURAM,,
22_2,BHADRADRI KOTHAGUDEM,12,GUNDALA,2205015,PADIGAPUR,,
22_2,BHADRADRI KOTHAGUDEM,12,GUNDALA,2205014,RUDRAPAKA,,
22_2,BHADRADRI KOTHAGUDEM,12,GUNDALA,2205001,SAYANAPALLE,,
22_2,BHADRADRI KOTHAGUDEM,12,GUNDALA,2205013,SETTIPALLI,,
22_2,BHADRADRI KOTHAGUDEM,13,JULURPAD,2224007,GUNDEPUDI,,
22_2,BHADRADRI KOTHAGUDEM,13,JULURPAD,2224002,JULURPAD,,
22_2,BHADRADRI KOTHAGUDEM,13,JULURPAD,2224006,KAKARLA,,
22_2,BHADRADRI KOTHAGUDEM,13,JULURPAD,2224004,KARIVARIGUDEM,,
22_2,BHADRADRI KOTHAGUDEM,13,JULURPAD,2224005,MACHINENIPETA,,
22_2,BHADRADRI KOTHAGUDEM,13,JULURPAD,2224008,NALLABANDABODU,,
22_2,BHADRADRI KOTHAGUDEM,13,JULURPAD,2224003,PADAMATA NARSAPURAM,,
22_2,BHADRADRI KOTHAGUDEM,13,JULURPAD,2224001,PAPAKOLLU,,
22_2,BHADRADRI KOTHAGUDEM,14,KARAKAGUDEM,2204025,ANANTHARAM,,
22_2,BHADRADRI KOTHAGUDEM,14,KARAKAGUDEM,2204022,BHATTUPALLE,,
22_2,BHADRADRI KOTHAGUDEM,14,KARAKAGUDEM,2204020,CHIRRAMALLA,,
22_2,BHADRADRI KOTHAGUDEM,14,KARAKAGUDEM,2204023,KALVALANAGARAM,,
22_2,BHADRADRI KOTHAGUDEM,14,KARAKAGUDEM,2204021,KARAKAGUDEM,,
22_2,BHADRADRI KOTHAGUDEM,14,KARAKAGUDEM,2204024,MOTHE (PATTI MALLUR),,
22_2,BHADRADRI KOTHAGUDEM,14,KARAKAGUDEM,2204027,REGALLA,,
22_2,BHADRADRI KOTHAGUDEM,14,KARAKAGUDEM,2204026,SAMATH MOTHE,,
22_2,BHADRADRI KOTHAGUDEM,14,KARAKAGUDEM,2204016,SAMATHBHATTUPALLI,,
22_2,BHADRADRI KOTHAGUDEM,15,KOTHAGUDEM,2217013,KOTHAGUDEM,,
22_2,BHADRADRI KOTHAGUDEM,15,KOTHAGUDEM,2217016,RAMAVARAM,,
22_2,BHADRADRI KOTHAGUDEM,16,LAXMIDEVIPALLY,2217002,BANGARU CHELKA,,
22_2,BHADRADRI KOTHAGUDEM,16,LAXMIDEVIPALLY,2217007,CHATAKONDA (R),,
22_2,BHADRADRI KOTHAGUDEM,16,LAXMIDEVIPALLY,2217004,GATTUMALLA,,
22_2,BHADRADRI KOTHAGUDEM,16,LAXMIDEVIPALLY,2217003,GOLLAGUDEM,,
22_2,BHADRADRI KOTHAGUDEM,16,LAXMIDEVIPALLY,2217009,KARUKONDA,,
22_2,BHADRADRI KOTHAGUDEM,16,LAXMIDEVIPALLY,2217006,KUNARAM,,
22_2,BHADRADRI KOTHAGUDEM,16,LAXMIDEVIPALLY,2217008,LAXMIDEVIPALLE,,
22_2,BHADRADRI KOTHAGUDEM,16,LAXMIDEVIPALLY,2217001,PUNUKUDUCHELKA,,
22_2,BHADRADRI KOTHAGUDEM,16,LAXMIDEVIPALLY,2217005,REGALLA,,
22_2,BHADRADRI KOTHAGUDEM,17,MANUGURU,2206005,ANANTHARAM,,
22_2,BHADRADRI KOTHAGUDEM,17,MANUGURU,2206004,ANNARAM,,
22_2,BHADRADRI KOTHAGUDEM,17,MANUGURU,2206006,CHINNARAVIGUDEM,,
22_2,BHADRADRI KOTHAGUDEM,17,MANUGURU,2206003,GUNDLASINGARAM,,
22_2,BHADRADRI KOTHAGUDEM,17,MANUGURU,2206010,MALLARAM,,
22_2,BHADRADRI KOTHAGUDEM,17,MANUGURU,2206007,MANUGURU,,
22_2,BHADRADRI KOTHAGUDEM,17,MANUGURU,2206008,PEDDIPALLI,,
22_2,BHADRADRI KOTHAGUDEM,17,MANUGURU,2206001,RAMANUJAVARAM,,
22_2,BHADRADRI KOTHAGUDEM,17,MANUGURU,2206009,SAMATHSINGARAM,,
22_2,BHADRADRI KOTHAGUDEM,17,MANUGURU,2206002,THIRUMALAPURAM,,
22_2,BHADRADRI KOTHAGUDEM,18,MULAKALAPALLE,2226002,ANNARAM,,
22_2,BHADRADRI KOTHAGUDEM,18,MULAKALAPALLE,2226011,CHAPARALAPALLI,,
22_2,BHADRADRI KOTHAGUDEM,18,MULAKALAPALLE,2226004,GOPALARAOPETA,,
22_2,BHADRADRI KOTHAGUDEM,18,MULAKALAPALLE,2226013,JAGANNATHAPURAM,,
22_2,BHADRADRI KOTHAGUDEM,18,MULAKALAPALLE,2226012,KAMALAPURAM,,
22_2,BHADRADRI KOTHAGUDEM,18,MULAKALAPALLE,2226014,KAPUGANGARAM,,
22_2,BHADRADRI KOTHAGUDEM,18,MULAKALAPALLE,2226001,KISTARAM,,
22_2,BHADRADRI KOTHAGUDEM,18,MULAKALAPALLE,2226005,MADHARAM,,
22_2,BHADRADRI KOTHAGUDEM,18,MULAKALAPALLE,2226010,MOOKAMAMIDI,,
22_2,BHADRADRI KOTHAGUDEM,18,MULAKALAPALLE,2226006,MULAKALAPALLI,,
22_2,BHADRADRI KOTHAGUDEM,18,MULAKALAPALLE,2226009,PAGALLAPALLI,,
22_2,BHADRADRI KOTHAGUDEM,18,MULAKALAPALLE,2226003,PUSUGUDEM,,
22_2,BHADRADRI KOTHAGUDEM,18,MULAKALAPALLE,2226008,RACHANNAGUDEM,,
22_2,BHADRADRI KOTHAGUDEM,18,MULAKALAPALLE,2226007,THIMMAMPETA,,
22_2,BHADRADRI KOTHAGUDEM,19,PALWANCHA,2204028,CHANDRALAGUDEM,,
22_2,BHADRADRI KOTHAGUDEM,19,PALWANCHA,2216019,DANTHELABORA,,
22_2,BHADRADRI KOTHAGUDEM,19,PALWANCHA,2216020,GANGADEVIGUPPA,,
22_2,BHADRADRI KOTHAGUDEM,19,PALWANCHA,2216003,KAREGATTU,,
22_2,BHADRADRI KOTHAGUDEM,19,PALWANCHA,2216016,KOYAGUTTA,,
22_2,BHADRADRI KOTHAGUDEM,19,PALWANCHA,2216010,LAKSHMIDEVIPALLE,,
22_2,BHADRADRI KOTHAGUDEM,19,PALWANCHA,2216013,NAGARAM,,
22_2,BHADRADRI KOTHAGUDEM,19,PALWANCHA,2216017,NARAYANARAO PETA,,
22_2,BHADRADRI KOTHAGUDEM,19,PALWANCHA,2216009,PALWANCHA (U),,
22_2,BHADRADRI KOTHAGUDEM,19,PALWANCHA,2216006,PANDURANGAPURAM,,
22_2,BHADRADRI KOTHAGUDEM,19,PALWANCHA,2216008,PAYAKARI YANAMBYLU,,
22_2,BHADRADRI KOTHAGUDEM,19,PALWANCHA,2216012,RANGAPURAM,,
22_2,BHADRADRI KOTHAGUDEM,19,PALWANCHA,2216015,REPALLEWADA,,
22_2,BHADRADRI KOTHAGUDEM,19,PALWANCHA,2216018,SANGAM,,
22_2,BHADRADRI KOTHAGUDEM,19,PALWANCHA,2216005,SAREKAL,,
22_2,BHADRADRI KOTHAGUDEM,19,PALWANCHA,2216011,SOMULAGUDEM,,
22_2,BHADRADRI KOTHAGUDEM,19,PALWANCHA,2216007,SURARAM,,
22_2,BHADRADRI KOTHAGUDEM,19,PALWANCHA,2216014,THOGUGUDEM,,
22_2,BHADRADRI KOTHAGUDEM,19,PALWANCHA,2216002,VULAVANOOR,,
22_2,BHADRADRI KOTHAGUDEM,19,PALWANCHA,2216004,YANAMBAILU,,
22_2,BHADRADRI KOTHAGUDEM,20,PINAPAKA,2204014,ALLAMPALLI,,
22_2,BHADRADRI KOTHAGUDEM,20,PINAPAKA,2204009,BAYYARAM,,
22_2,BHADRADRI KOTHAGUDEM,20,PINAPAKA,2204004,BHEEMAVARAM,,
22_2,BHADRADRI KOTHAGUDEM,20,PINAPAKA,2204012,BOMMARAJUPALLI,,
22_2,BHADRADRI KOTHAGUDEM,20,PINAPAKA,2204005,CHEGARSALA,,
22_2,BHADRADRI KOTHAGUDEM,20,PINAPAKA,2204001,DUGINEYPALLI,,
22_2,BHADRADRI KOTHAGUDEM,20,PINAPAKA,2204008,ELCHIREDDIPALLI,,
22_2,BHADRADRI KOTHAGUDEM,20,PINAPAKA,2204010,GADDAMPALLI,,
22_2,BHADRADRI KOTHAGUDEM,20,PINAPAKA,2204018,JANAMPETA,,
22_2,BHADRADRI KOTHAGUDEM,20,PINAPAKA,2204015,PINAPAKA,,
22_2,BHADRADRI KOTHAGUDEM,20,PINAPAKA,2204019,POTLAPALLE,,
22_2,BHADRADRI KOTHAGUDEM,20,PINAPAKA,2204006,SARJATHPALLI,,
22_2,BHADRADRI KOTHAGUDEM,20,PINAPAKA,2204011,SEETHARAMPURAM,,
22_2,BHADRADRI KOTHAGUDEM,20,PINAPAKA,2204002,SINGIREDDIPALLI,,
22_2,BHADRADRI KOTHAGUDEM,20,PINAPAKA,2204017,SUNNAMVARIGUDEM,,
22_2,BHADRADRI KOTHAGUDEM,20,PINAPAKA,2204013,UPPAKA,,
22_2,BHADRADRI KOTHAGUDEM,20,PINAPAKA,2204003,VEERAPURAM,,
22_2,BHADRADRI KOTHAGUDEM,20,PINAPAKA,2204007,VENKATRAOPETA,,
22_2,BHADRADRI KOTHAGUDEM,21,SUJATHANAGAR,2217020,GAREEBPETA,,
22_2,BHADRADRI KOTHAGUDEM,21,SUJATHANAGAR,2217018,RAGHAVAPURAM,,
22_2,BHADRADRI KOTHAGUDEM,21,SUJATHANAGAR,2217011,SARVARAM,,
22_2,BHADRADRI KOTHAGUDEM,21,SUJATHANAGAR,2217019,SEETHAMPETA,,
22_2,BHADRADRI KOTHAGUDEM,21,SUJATHANAGAR,2217010,SINGABHUPALEM,,
22_2,BHADRADRI KOTHAGUDEM,21,SUJATHANAGAR,2217017,SUJATHANAGAR,,
22_2,BHADRADRI KOTHAGUDEM,22,TEKULAPALLE,2218004,BETHAMPUDI,,
22_2,BHADRADRI KOTHAGUDEM,22,TEKULAPALLE,2218001,BODU,,
22_2,BHADRADRI KOTHAGUDEM,22,TEKULAPALLE,2218003,GANGARAM,,
22_2,BHADRADRI KOTHAGUDEM,22,TEKULAPALLE,2218006,GOLLAPALLE,,
22_2,BHADRADRI KOTHAGUDEM,22,TEKULAPALLE,2218002,KOPPURAI,,
22_2,BHADRADRI KOTHAGUDEM,22,TEKULAPALLE,2218005,PEGALLAPADU,,
22_2,BHADRADRI KOTHAGUDEM,23,YELLANDU,2219002,CHALLA SAMUDRAM,,
22_2,BHADRADRI KOTHAGUDEM,23,YELLANDU,2219004,KOMARARAM,,
22_2,BHADRADRI KOTHAGUDEM,23,YELLANDU,2219001,MAMIDIGUNDALA,,
22_2,BHADRADRI KOTHAGUDEM,23,YELLANDU,2219007,RAGHABOINGUDEM,,
22_2,BHADRADRI KOTHAGUDEM,23,YELLANDU,2219003,ROMPAID,,
22_2,BHADRADRI KOTHAGUDEM,23,YELLANDU,2219005,SUDIMALLA,,
22_2,BHADRADRI KOTHAGUDEM,23,YELLANDU,2219006,YELLANDU,,
23_1,NALGONDA,01,ADAVIDEVULAPALLY,2350004,ADAVI DEVULA PALLI,,
23_1,NALGONDA,01,ADAVIDEVULAPALLY,2350002,BALEEN PALLI,,
23_1,NALGONDA,01,ADAVIDEVULAPALLY,2350003,CHITYALA,,
23_1,NALGONDA,01,ADAVIDEVULAPALLY,2350014,MUDIMANIKAM,,
23_1,NALGONDA,01,ADAVIDEVULAPALLY,2350001,MULKA CHARLA,,
23_1,NALGONDA,01,ADAVIDEVULAPALLY,2350005,ULSHAYA PALEM,,
23_1,NALGONDA,02,ANUMULA,2351011,AMBATPALLI,,
23_1,NALGONDA,02,ANUMULA,2351004,ANNARAM,,
23_1,NALGONDA,02,ANUMULA,2351015,ANUMULA,,
23_1,NALGONDA,02,ANUMULA,2351017,IBRAHIM PETA,,
23_1,NALGONDA,02,ANUMULA,2351001,KOSALAMARRI,,
23_1,NALGONDA,02,ANUMULA,2351021,KOTHAPALLI,,
23_1,NALGONDA,02,ANUMULA,2351006,KUMMARIKUNTA KALVA,,
23_1,NALGONDA,02,ANUMULA,2351010,KUPASPALLI,,
23_1,NALGONDA,02,ANUMULA,2351005,MAREPALLI,,
23_1,NALGONDA,02,ANUMULA,2351002,MUKKAMALA,,
23_1,NALGONDA,02,ANUMULA,2351008,NARAYANA PURAM,,
23_1,NALGONDA,02,ANUMULA,2351016,PALEM,,
23_1,NALGONDA,02,ANUMULA,2351018,PERUR,,
23_1,NALGONDA,02,ANUMULA,2351007,PULIMAMIDI,,
23_1,NALGONDA,02,ANUMULA,2351013,RAMADUGU,,
23_1,NALGONDA,02,ANUMULA,2351012,SREENADHAPUR,,
23_1,NALGONDA,02,ANUMULA,2351014,THIMMAPUR,,
23_1,NALGONDA,02,ANUMULA,2351003,VENKATADRI PALEM,,
23_1,NALGONDA,02,ANUMULA,2351009,YACHARAM,,
23_1,NALGONDA,03,CHANDAMPETA,2359003,ACHAMPET (P) CHANDAMPET,,
23_1,NALGONDA,03,CHANDAMPETA,2359016,BOLLARAMPATTI(MUNAGALA),,
23_1,NALGONDA,03,CHANDAMPETA,2359004,CHANDAMPET,,
23_1,NALGONDA,03,CHANDAMPETA,2359013,CHITRIYALA,,
23_1,NALGONDA,03,CHANDAMPETA,2359006,GAGILLAPUR,,
23_1,NALGONDA,03,CHANDAMPETA,2359001,GUNTI PALLI,,
23_1,NALGONDA,03,CHANDAMPETA,2359021,KAMBALA PALLI,,
23_1,NALGONDA,03,CHANDAMPETA,2359002,MUDUDONDLA,,
23_1,NALGONDA,03,CHANDAMPETA,2359014,MURPUNUTHALA,,
23_1,NALGONDA,03,CHANDAMPETA,2359023,POGILLA,,
23_1,NALGONDA,03,CHANDAMPETA,2359005,POLE PALLI,,
23_1,NALGONDA,03,CHANDAMPETA,2359017,REKULA GADDA,,
23_1,NALGONDA,03,CHANDAMPETA,2359022,REKULA VALYAM,,
23_1,NALGONDA,03,CHANDAMPETA,2359015,THELDEVARA PALLI,,
23_1,NALGONDA,03,CHANDAMPETA,2359020,YALMALA MANDA,,
23_1,NALGONDA,04,CHANDUR,2338012,ANGADIPETA,,
23_1,NALGONDA,04,CHANDUR,2338011,BANGARIGADDA,,
23_1,NALGONDA,04,CHANDUR,2338005,BODANGI PARTHY,,
23_1,NALGONDA,04,CHANDUR,2355007,CHAMALA PALLI,,
23_1,NALGONDA,04,CHANDUR,2338013,CHANDUR,,
23_1,NALGONDA,04,CHANDUR,2338010,DONIPAMULA,,
23_1,NALGONDA,04,CHANDUR,2338016,GUNDREPALLE,,
23_1,NALGONDA,04,CHANDUR,2338008,IDIKUDA,,
23_1,NALGONDA,04,CHANDUR,2338015,KASTHALA,,
23_1,NALGONDA,04,CHANDUR,2338003,KONDAPURAM,,
23_1,NALGONDA,04,CHANDUR,2338006,KUMANDANIGUDA,,
23_1,NALGONDA,04,CHANDUR,2338009,NERMATA,,
23_1,NALGONDA,04,CHANDUR,2338004,PULLEMLA,,
23_1,NALGONDA,04,CHANDUR,2338007,SIRDEPALLE,,
23_1,NALGONDA,04,CHANDUR,2338017,THUMMALAPALLE,,
23_1,NALGONDA,04,CHANDUR,2338014,UDATHALA PALLE,,
23_1,NALGONDA,05,CHINTHA PALLE,2356022,ANAJPUR,,
23_1,NALGONDA,05,CHINTHA PALLE,2356019,CHINTHA PALLI,,
23_1,NALGONDA,05,CHINTHA PALLE,2356012,GADYA GOWRARAM,,
23_1,NALGONDA,05,CHINTHA PALLE,2356001,GODKONDLA,,
23_1,NALGONDA,05,CHINTHA PALLE,2356021,HUMANTHULA PALLI,,
23_1,NALGONDA,05,CHINTHA PALLE,2356017,KOKKIRAYALA GOWRARAM,,
23_1,NALGONDA,05,CHINTHA PALLE,2356008,KURMA PALLI,,
23_1,NALGONDA,05,CHINTHA PALLE,2356005,KURMAIDU,,
23_1,NALGONDA,05,CHINTHA PALLE,2356003,MADNAPUR,,
23_1,NALGONDA,05,CHINTHA PALLE,2356020,MALLAREDDI PALLI,,
23_1,NALGONDA,05,CHINTHA PALLE,2356009,MALLE PALLI P.K.KURTHI,,
23_1,NALGONDA,05,CHINTHA PALLE,2356014,MELVALA PALLI,,
23_1,NALGONDA,05,CHINTHA PALLE,2356018,NASARLA PALLI,,
23_1,NALGONDA,05,CHINTHA PALLE,2356002,POLEPALLE RAMNAGAR,,
23_1,NALGONDA,05,CHINTHA PALLE,2356004,SAKALSEREPALLY,,
23_1,NALGONDA,05,CHINTHA PALLE,2356007,TAKATLA PALLI,,
23_1,NALGONDA,05,CHINTHA PALLE,2356016,TEEDED,,
23_1,NALGONDA,05,CHINTHA PALLE,2356015,TIRUMALAPUR,,
23_1,NALGONDA,05,CHINTHA PALLE,2356006,UMMAPUR,,
23_1,NALGONDA,05,CHINTHA PALLE,2356013,UPPARA PALLI,,
23_1,NALGONDA,05,CHINTHA PALLE,2356011,VARKAL,,
23_1,NALGONDA,05,CHINTHA PALLE,2356010,VINJAMOOR,,
23_1,NALGONDA,06,CHITYAL,2321003,AIPOOR,,
23_1,NALGONDA,06,CHITYAL,2321014,CHINAKAPARTHY,,
23_1,NALGONDA,06,CHITYAL,2321008,CHITYAL,,
23_1,NALGONDA,06,CHITYAL,2321002,GUNDRAM PALLE,,
23_1,NALGONDA,06,CHITYAL,2321012,NERADA,,
23_1,NALGONDA,06,CHITYAL,2321007,PEDAKAPARTHY,,
23_1,NALGONDA,06,CHITYAL,2321004,PERE PALLE,,
23_1,NALGONDA,06,CHITYAL,2321005,PITTAM PALLE,,
23_1,NALGONDA,06,CHITYAL,2321009,SHIVANENI GUDEM,,
23_1,NALGONDA,06,CHITYAL,2321001,SUNKENE PALLE,,
23_1,NALGONDA,06,CHITYAL,2321015,TALLA YELLEMLA,,
23_1,NALGONDA,06,CHITYAL,2321013,URMADLA,,
23_1,NALGONDA,06,CHITYAL,2321010,VANIPAKALA,,
23_1,NALGONDA,06,CHITYAL,2321006,VELIMINEDU,,
23_1,NALGONDA,06,CHITYAL,2321011,WATTIMARTHY,,
23_1,NALGONDA,06,CHITYAL,2321016,YELIKATTA,,
23_1,NALGONDA,07,DAMERCHERLA,2350011,DAMERACHERLA,,
23_1,NALGONDA,07,DAMERCHERLA,2350008,DILAWARPUR,,
23_1,NALGONDA,07,DAMERCHERLA,2350017,IRKIGUDEM,,
23_1,NALGONDA,07,DAMERCHERLA,2350007,KALLE PALLY,,
23_1,NALGONDA,07,DAMERCHERLA,2350010,KESAWAPUR,,
23_1,NALGONDA,07,DAMERCHERLA,2350009,KONDRAPOLU,,
23_1,NALGONDA,07,DAMERCHERLA,2350015,KOTHA PALLI,,
23_1,NALGONDA,07,DAMERCHERLA,2350012,NARSAPUR,,
23_1,NALGONDA,07,DAMERCHERLA,2350016,THALLA VEERAPPA GUDEM,,
23_1,NALGONDA,07,DAMERCHERLA,2350006,TIMMAPUR,,
23_1,NALGONDA,07,DAMERCHERLA,2350018,VADA PALLI,,
23_1,NALGONDA,07,DAMERCHERLA,2350013,VEERLA PALEM,,
23_1,NALGONDA,08,DEVARAKONDA,2357017,DEVARKONDA,,
23_1,NALGONDA,08,DEVARAKONDA,2357001,GOTTIMUKKALA,,
23_1,NALGONDA,08,DEVARAKONDA,2357002,IDDAM PALLI,,
23_1,NALGONDA,08,DEVARAKONDA,2357021,KACHARAM,,
23_1,NALGONDA,08,DEVARAKONDA,2357019,KOMME PALLI,,
23_1,NALGONDA,08,DEVARAKONDA,2357005,KONDABHEEMANA PALLI,,
23_1,NALGONDA,08,DEVARAKONDA,2357023,MADMADKA,,
23_1,NALGONDA,08,DEVARAKONDA,2357006,MUDIGONDA,,
23_1,NALGONDA,08,DEVARAKONDA,2357022,MYNAM PALLI,,
23_1,NALGONDA,08,DEVARAKONDA,2357003,PADAMATI PALLI,,
23_1,NALGONDA,08,DEVARAKONDA,2357018,PENCHIKAL PAHAD,,
23_1,NALGONDA,08,DEVARAKONDA,2357007,SERE PALLI,,
23_1,NALGONDA,08,DEVARAKONDA,2357024,SHAKAVALLY,,
23_1,NALGONDA,08,DEVARAKONDA,2357020,TATIKOLE,,
23_1,NALGONDA,08,DEVARAKONDA,2357004,TURUPU PALLI,,
23_1,NALGONDA,33,GATTUPPAL,2337005,ANTHAMPET,,
23_1,NALGONDA,33,GATTUPPAL,2338001,GHATTUPPAL,,
23_1,NALGONDA,33,GATTUPPAL,2337007,NAMAPUR,,
23_1,NALGONDA,33,GATTUPPAL,2337006,SOMRAJGUDA,,
23_1,NALGONDA,33,GATTUPPAL,2338002,THERATPALLE,,
23_1,NALGONDA,33,GATTUPPAL,2335016,VELMAKANNE,,
23_1,NALGONDA,32,GUDIPALLY,2353007,BHEEMANAPALLI,,
23_1,NALGONDA,32,GUDIPALLY,2353002,CHILAKA MARRY,,
23_1,NALGONDA,32,GUDIPALLY,2353006,GHANPALLI,,
23_1,NALGONDA,32,GUDIPALLY,2353009,GHANPUR,,
23_1,NALGONDA,32,GUDIPALLY,2353011,GHATNEMILIPUR,,
23_1,NALGONDA,32,GUDIPALLY,2353004,GUDIPALLI,,
23_1,NALGONDA,32,GUDIPALLY,2353005,KESHAMNENI PALLI,,
23_1,NALGONDA,32,GUDIPALLY,2353010,MADHAPUR,,
23_1,NALGONDA,32,GUDIPALLY,2353008,POLKAMPALLI,,
23_1,NALGONDA,32,GUDIPALLY,2353003,ROLLAKAL,,
23_1,NALGONDA,32,GUDIPALLY,2353001,SURE PALLI,,
23_1,NALGONDA,09,GUNDLA PALLE,2358019,BOGGULADONA,,
23_1,NALGONDA,09,GUNDLA PALLE,2358013,BOLLANA PALLI,,
23_1,NALGONDA,09,GUNDLA PALLE,2358001,BRAHMANA PALLI,,
23_1,NALGONDA,09,GUNDLA PALLE,2358016,BURHANPUR,,
23_1,NALGONDA,09,GUNDLA PALLE,2358014,CHERKU PALLI,,
23_1,NALGONDA,09,GUNDLA PALLE,2358008,DASARINEMALIPUR,,
23_1,NALGONDA,09,GUNDLA PALLE,2358021,GONABOINA PALLI,,
23_1,NALGONDA,09,GUNDLA PALLE,2358018,GONAKOL,,
23_1,NALGONDA,09,GUNDLA PALLE,2358017,GUNDLA PALLI,,
23_1,NALGONDA,09,GUNDLA PALLE,2358020,GUNDLATIPPARTHI V.PALLI,,
23_1,NALGONDA,09,GUNDLA PALLE,2358022,KAMADENIGOWARARAM,,
23_1,NALGONDA,09,GUNDLA PALLE,2358009,KAME PALLI,,
23_1,NALGONDA,09,GUNDLA PALLE,2358007,KANDUKUR,,
23_1,NALGONDA,09,GUNDLA PALLE,2358012,KHANAPUR,,
23_1,NALGONDA,09,GUNDLA PALLE,2358015,KUTUBSHAPUR,,
23_1,NALGONDA,09,GUNDLA PALLE,2358006,RAHMATPUR,,
23_1,NALGONDA,09,GUNDLA PALLE,2358002,SINGARAJ PALLI,,
23_1,NALGONDA,09,GUNDLA PALLE,2358011,T.GOWARARAM,,
23_1,NALGONDA,09,GUNDLA PALLE,2358004,TOWKLAPUR,,
23_1,NALGONDA,09,GUNDLA PALLE,2358005,VAVILKOLE,,
23_1,NALGONDA,09,GUNDLA PALLE,2358003,VEERABOINA PALLI,,
23_1,NALGONDA,09,GUNDLA PALLE,2358010,YERRARAM,,
23_1,NALGONDA,10,GURRAMPODE,2354009,AMLUR,,
23_1,NALGONDA,10,GURRAMPODE,2354008,BOLLARAM (P) KOPPOLE,,
23_1,NALGONDA,10,GURRAMPODE,2354004,CHAMLED,,
23_1,NALGONDA,10,GURRAMPODE,2354025,CHEPUR,,
23_1,NALGONDA,10,GURRAMPODE,2354014,CHINTHAGUDAM,,
23_1,NALGONDA,10,GURRAMPODE,2354010,GURRAM PODE,,
23_1,NALGONDA,10,GURRAMPODE,2354021,JUNUTHLA,,
23_1,NALGONDA,10,GURRAMPODE,2354023,KACHARRAM (P)KOPPOLE,,
23_1,NALGONDA,10,GURRAMPODE,2354016,KALWAPALLI,,
23_1,NALGONDA,10,GURRAMPODE,2354003,KONDAPUR,,
23_1,NALGONDA,10,GURRAMPODE,2354006,KOPPOLE,,
23_1,NALGONDA,10,GURRAMPODE,2354026,KOTHLAPUR,,
23_1,NALGONDA,10,GURRAMPODE,2354020,MAILAPUR,,
23_1,NALGONDA,10,GURRAMPODE,2354019,MAKKA PALLI,,
23_1,NALGONDA,10,GURRAMPODE,2354027,MOSANGI,,
23_1,NALGONDA,10,GURRAMPODE,2354002,MULKALA PALLI,,
23_1,NALGONDA,10,GURRAMPODE,2354007,NADIKUDA,,
23_1,NALGONDA,10,GURRAMPODE,2354012,OOTLAPALLI,,
23_1,NALGONDA,10,GURRAMPODE,2354024,PALLE PAHAD,,
23_1,NALGONDA,10,GURRAMPODE,2354017,PALWAI,,
23_1,NALGONDA,10,GURRAMPODE,2354018,PARLA PALLI,,
23_1,NALGONDA,10,GURRAMPODE,2354001,POCHAMPALLI,,
23_1,NALGONDA,10,GURRAMPODE,2354015,SHAGAZIPUR,,
23_1,NALGONDA,10,GURRAMPODE,2354013,SULTHANPUR,,
23_1,NALGONDA,10,GURRAMPODE,2354011,TENEPALLI,,
23_1,NALGONDA,10,GURRAMPODE,2354022,THANEDAR PALLI,,
23_1,NALGONDA,10,GURRAMPODE,2354005,VATTIKODE,,
23_1,NALGONDA,11,KANGAL,2339011,BOINAPALLE,,
23_1,NALGONDA,11,KANGAL,2339018,BOMMEPALLE,,
23_1,NALGONDA,11,KANGAL,2339012,BUDEMERLA PALLE,,
23_1,NALGONDA,11,KANGAL,2339009,CHERLA GOURARAM,,
23_1,NALGONDA,11,KANGAL,2339020,CHETLA CHENNARAM,,
23_1,NALGONDA,11,KANGAL,2339025,CHINNA MADHARAM,,
23_1,NALGONDA,11,KANGAL,2339008,DERVESHPUR,,
23_1,NALGONDA,11,KANGAL,2339006,DOREPALLE,,
23_1,NALGONDA,11,KANGAL,2339003,GADDAMVARI YADAVALLY,,
23_1,NALGONDA,11,KANGAL,2339016,GOURARAM,,
23_1,NALGONDA,11,KANGAL,2339015,HYDLAPUR,,
23_1,NALGONDA,11,KANGAL,2339026,IRUGANTI PALLE,,
23_1,NALGONDA,11,KANGAL,2339024,JANGAMAI GUDA,,
23_1,NALGONDA,11,KANGAL,2339013,KANGAL,,
23_1,NALGONDA,11,KANGAL,2339023,MANGENA PALLE,,
23_1,NALGONDA,11,KANGAL,2339017,MULARAM,,
23_1,NALGONDA,11,KANGAL,2339021,NARSIMHAPUR,,
23_1,NALGONDA,11,KANGAL,2339005,PAGIDI MARRI,,
23_1,NALGONDA,11,KANGAL,2339010,PARVATHAGIRI,,
23_1,NALGONDA,11,KANGAL,2339002,PONUGODE,,
23_1,NALGONDA,11,KANGAL,2339001,REGATLA,,
23_1,NALGONDA,11,KANGAL,2339019,SERILINGOTAM,,
23_1,NALGONDA,11,KANGAL,2339004,SHAHABDULLA PUR,,
23_1,NALGONDA,11,KANGAL,2339014,TURKA PALLE,,
23_1,NALGONDA,12,KATTANGUR,2323015,AITI PAMULA,,
23_1,NALGONDA,12,KATTANGUR,2323018,BOLLEPALLE,,
23_1,NALGONDA,12,KATTANGUR,2323006,CHERUVANNARAM,,
23_1,NALGONDA,12,KATTANGUR,2323013,DUGNEVALLY,,
23_1,NALGONDA,12,KATTANGUR,2323003,EDULUR,,
23_1,NALGONDA,12,KATTANGUR,2323011,ISMAILPALLI,,
23_1,NALGONDA,12,KATTANGUR,2323008,KALMERA,,
23_1,NALGONDA,12,KATTANGUR,2323014,KATTANGOOR,,
23_1,NALGONDA,12,KATTANGUR,2323005,KURUMATHY,,
23_1,NALGONDA,12,KATTANGUR,2323017,MALLARAM,,
23_1,NALGONDA,12,KATTANGUR,2323007,MUNUKUNTLA,,
23_1,NALGONDA,12,KATTANGUR,2323010,PAMANAGUNDLA,,
23_1,NALGONDA,12,KATTANGUR,2323004,PANDENA PALLE,,
23_1,NALGONDA,12,KATTANGUR,2323002,PARADA,,
23_1,NALGONDA,12,KATTANGUR,2323012,PITTAM PALLE,,
23_1,NALGONDA,12,KATTANGUR,2323016,RAMACHANDRAPURAM,,
23_1,NALGONDA,12,KATTANGUR,2323001,THIMMAPUR,,
23_1,NALGONDA,12,KATTANGUR,2323009,YERSANIGUDA,,
23_1,NALGONDA,13,KETHEPALLY,2325013,BHEEMAVARAM,,
23_1,NALGONDA,13,KETHEPALLY,2325008,BONDA PALEM,,
23_1,NALGONDA,13,KETHEPALLY,2325003,BOPPARAM,,
23_1,NALGONDA,13,KETHEPALLY,2325009,CHERUKU PALLE,,
23_1,NALGONDA,13,KETHEPALLY,2325002,GUDIWADA,,
23_1,NALGONDA,13,KETHEPALLY,2325007,INPAMULA,,
23_1,NALGONDA,13,KETHEPALLY,2325001,IPPALA GUDEM,,
23_1,NALGONDA,13,KETHEPALLY,2325004,KASANGODE,,
23_1,NALGONDA,13,KETHEPALLY,2325005,KETHE PALLE,,
23_1,NALGONDA,13,KETHEPALLY,2325012,KOPPOLE,,
23_1,NALGONDA,13,KETHEPALLY,2325006,KORLA PAHAD,,
23_1,NALGONDA,13,KETHEPALLY,2325010,THUNGATHURTHY,,
23_1,NALGONDA,13,KETHEPALLY,2325011,UPPALA PAHAD,,
23_1,NALGONDA,14,KONDA MALLEPALLY,2357026,ATCHAMPET,,
23_1,NALGONDA,14,KONDA MALLEPALLY,2357028,CHANNAMNENI PALLI,,
23_1,NALGONDA,14,KONDA MALLEPALLY,2357008,CHENNARAM,,
23_1,NALGONDA,14,KONDA MALLEPALLY,2357013,CHINNA ADISERLA PALLI,,
23_1,NALGONDA,14,KONDA MALLEPALLY,2357014,CHINTHAKUNTLA,,
23_1,NALGONDA,14,KONDA MALLEPALLY,2357015,DONIYALA,,
23_1,NALGONDA,14,KONDA MALLEPALLY,2357029,FAKEERPOOR,,
23_1,NALGONDA,14,KONDA MALLEPALLY,2357016,GAZINAGAR,,
23_1,NALGONDA,14,KONDA MALLEPALLY,2357012,GUMMADA VALLY,,
23_1,NALGONDA,14,KONDA MALLEPALLY,2357010,KOLMUNTHAL PAHAD,,
23_1,NALGONDA,14,KONDA MALLEPALLY,2357011,KONDAMALLA PALLI,,
23_1,NALGONDA,14,KONDA MALLEPALLY,2357025,PENDLI PAKALA,,
23_1,NALGONDA,14,KONDA MALLEPALLY,2357027,VARDHAMANIGUDA,,
23_1,NALGONDA,14,KONDA MALLEPALLY,2357009,YEPOOR,,
23_1,NALGONDA,15,MADUGULAPALLY,2341008,ABHANGA PURAM,,
23_1,NALGONDA,15,MADUGULAPALLY,2332002,AGAMOTHKUR,,
23_1,NALGONDA,15,MADUGULAPALLY,2332006,BHEEMAN PALLE,,
23_1,NALGONDA,15,MADUGULAPALLY,2332007,BOMMAKAL,,
23_1,NALGONDA,15,MADUGULAPALLY,2333016,CHERUVU PALLE,,
23_1,NALGONDA,15,MADUGULAPALLY,2332003,CHIRUMARTHY,,
23_1,NALGONDA,15,MADUGULAPALLY,2333017,DACHARAM,,
23_1,NALGONDA,15,MADUGULAPALLY,2341007,GAJALAPUR,,
23_1,NALGONDA,15,MADUGULAPALLY,2332009,GANDRAVANIGUDA,,
23_1,NALGONDA,15,MADUGULAPALLY,2340003,GOPALPUR,,
23_1,NALGONDA,15,MADUGULAPALLY,2333019,INDUGULA,,
23_1,NALGONDA,15,MADUGULAPALLY,2332019,KALVALAPALEM,,
23_1,NALGONDA,15,MADUGULAPALLY,2340002,KANNEKAL,,
23_1,NALGONDA,15,MADUGULAPALLY,2340001,KESAVAPURAM,,
23_1,NALGONDA,15,MADUGULAPALLY,2332001,KOYAL PAHAD,,
23_1,NALGONDA,15,MADUGULAPALLY,2332010,KUKKADAM,,
23_1,NALGONDA,15,MADUGULAPALLY,2333018,MADUGULA PALLE,,
23_1,NALGONDA,15,MADUGULAPALLY,2341009,NARASIMHULA GUDEM,,
23_1,NALGONDA,15,MADUGULAPALLY,2332004,PAMULAPAHAD,,
23_1,NALGONDA,15,MADUGULAPALLY,2341006,POOSALA PAHAD,,
23_1,NALGONDA,15,MADUGULAPALLY,2332008,THOPUCHERLA,,
23_1,NALGONDA,16,MARRI GUDA,2337015,BHATLA PALLE,,
23_1,NALGONDA,16,MARRI GUDA,2337013,DAMERA BHEEMAN PALLE,,
23_1,NALGONDA,16,MARRI GUDA,2337011,INDURTHI,,
23_1,NALGONDA,16,MARRI GUDA,2337004,KHUDABAKSH PALLE,,
23_1,NALGONDA,16,MARRI GUDA,2337017,KONDUR,,
23_1,NALGONDA,16,MARRI GUDA,2337008,LENKALA PALLE,,
23_1,NALGONDA,16,MARRI GUDA,2337016,MARRIGUDA,,
23_1,NALGONDA,16,MARRI GUDA,2337009,METICHANDAPUR,,
23_1,NALGONDA,16,MARRI GUDA,2337012,SARAMPET,,
23_1,NALGONDA,16,MARRI GUDA,2337001,TAMMAD PALLE,,
23_1,NALGONDA,16,MARRI GUDA,2337002,TIRGANDLA PALLE,,
23_1,NALGONDA,16,MARRI GUDA,2337014,VATTI PALLE,,
23_1,NALGONDA,16,MARRI GUDA,2337010,VENKEPALLE,,
23_1,NALGONDA,16,MARRI GUDA,2337003,YERGANDLA PALLE,,
23_1,NALGONDA,17,MIRYALAGUDA,2342013,ALAGADAPA,,
23_1,NALGONDA,17,MIRYALAGUDA,2342024,ANNARAM,,
23_1,NALGONDA,17,MIRYALAGUDA,2342003,CHILLAPURAM,,
23_1,NALGONDA,17,MIRYALAGUDA,2342021,CHINTHA PALLI,,
23_1,NALGONDA,17,MIRYALAGUDA,2342001,GOGUVANIGUDEM,,
23_1,NALGONDA,17,MIRYALAGUDA,2342019,GUDUR,,
23_1,NALGONDA,17,MIRYALAGUDA,2342020,HYDLA PURAM,,
23_1,NALGONDA,17,MIRYALAGUDA,2342002,ILAPURAM,,
23_1,NALGONDA,17,MIRYALAGUDA,2342012,KALVA PALLI,,
23_1,NALGONDA,17,MIRYALAGUDA,2342018,KISTA PURAM,,
23_1,NALGONDA,17,MIRYALAGUDA,2342017,KOTHAGUDA,,
23_1,NALGONDA,17,MIRYALAGUDA,2342006,MIRYALAGUDA,,
23_1,NALGONDA,17,MIRYALAGUDA,2342015,MULKAL KALVA,,
23_1,NALGONDA,17,MIRYALAGUDA,2342005,NANDI PAHAD,,
23_1,NALGONDA,17,MIRYALAGUDA,2342011,NARSIMHULAGUDA,,
23_1,NALGONDA,17,MIRYALAGUDA,2342014,RAYAN PALEM,,
23_1,NALGONDA,17,MIRYALAGUDA,2342016,RUDRARAM,,
23_1,NALGONDA,17,MIRYALAGUDA,2342010,TADKAMALLA,,
23_1,NALGONDA,17,MIRYALAGUDA,2342009,TAKKELLAPAHAD,,
23_1,NALGONDA,17,MIRYALAGUDA,2342004,THUNGA PAHAD,,
23_1,NALGONDA,17,MIRYALAGUDA,2342022,VENKATADRI PALEM,,
23_1,NALGONDA,17,MIRYALAGUDA,2342008,VOOTLA PALLI,,
23_1,NALGONDA,17,MIRYALAGUDA,2342007,YADGARPALLI,,
23_1,NALGONDA,17,MIRYALAGUDA,2342023,ZAPTIVEERAPPA GUDA,,
23_1,NALGONDA,18,MUNUGODE,2335015,CHALMEDA,,
23_1,NALGONDA,18,MUNUGODE,2335013,CHEEKATI MAMIDI,,
23_1,NALGONDA,18,MUNUGODE,2335019,CHOLLEDU,,
23_1,NALGONDA,18,MUNUGODE,2335009,GUDAPUR,,
23_1,NALGONDA,18,MUNUGODE,2335003,IPPARTHY,,
23_1,NALGONDA,18,MUNUGODE,2335010,JAMASTHAN PALLE,,
23_1,NALGONDA,18,MUNUGODE,2335008,KALAVALA PALLE,,
23_1,NALGONDA,18,MUNUGODE,2335018,KALVAKUNTLA,,
23_1,NALGONDA,18,MUNUGODE,2335012,KASLAPURAM,,
23_1,NALGONDA,18,MUNUGODE,2335002,KISTAPURAM,,
23_1,NALGONDA,18,MUNUGODE,2335014,KOMPALLE,,
23_1,NALGONDA,18,MUNUGODE,2335022,KORATIKAL,,
23_1,NALGONDA,18,MUNUGODE,2335001,KOTHULARAM,,
23_1,NALGONDA,18,MUNUGODE,2335017,MARRIGUDEM,,
23_1,NALGONDA,18,MUNUGODE,2335020,MUNUGODE,,
23_1,NALGONDA,18,MUNUGODE,2335004,PALIVELA,,
23_1,NALGONDA,18,MUNUGODE,2335007,PULIPALPULA,,
23_1,NALGONDA,18,MUNUGODE,2335006,RATHI PALLE,,
23_1,NALGONDA,18,MUNUGODE,2335011,SINGARAM,,
23_1,NALGONDA,18,MUNUGODE,2335021,SOLIPUR,,
23_1,NALGONDA,18,MUNUGODE,2335005,VOOKONDI,,
23_1,NALGONDA,19,NAKREKAL,2324006,ADAVI BOLLARAM,,
23_1,NALGONDA,19,NAKREKAL,2324007,CHANDAM PALLE,,
23_1,NALGONDA,19,NAKREKAL,2324014,CHANDUPATLA,,
23_1,NALGONDA,19,NAKREKAL,2324016,GORENKAL PALLE,,
23_1,NALGONDA,19,NAKREKAL,2324005,KADAPARTHY,,
23_1,NALGONDA,19,NAKREKAL,2324015,MANDALAPUR,,
23_1,NALGONDA,19,NAKREKAL,2324012,MANGALI PALLE,,
23_1,NALGONDA,19,NAKREKAL,2324013,MARRUR,,
23_1,NALGONDA,19,NAKREKAL,2324009,NAKREKAL,,
23_1,NALGONDA,19,NAKREKAL,2324008,NELLIBANDA,,
23_1,NALGONDA,19,NAKREKAL,2324004,NOMULA,,
23_1,NALGONDA,19,NAKREKAL,2324001,OGODE,,
23_1,NALGONDA,19,NAKREKAL,2324003,PALEM,,
23_1,NALGONDA,19,NAKREKAL,2324010,TATIKAL,,
23_1,NALGONDA,19,NAKREKAL,2324011,TETTEKUNTA,,
23_1,NALGONDA,19,NAKREKAL,2324002,VALLABHAPUR,,
23_1,NALGONDA,20,NALGONDA,2334004,AMMAGUDA,,
23_1,NALGONDA,20,NALGONDA,2334018,ANANTHARAM,,
23_1,NALGONDA,20,NALGONDA,2334024,ANNAREDDY GUDA,,
23_1,NALGONDA,20,NALGONDA,2334002,ANNEPARTHY,,
23_1,NALGONDA,20,NALGONDA,2334001,APPAJI PETA,,
23_1,NALGONDA,20,NALGONDA,2334030,ARJALABAVI,,
23_1,NALGONDA,20,NALGONDA,2334009,BUDHARAM,,
23_1,NALGONDA,20,NALGONDA,2334006,CHANDAN PALLE,,
23_1,NALGONDA,20,NALGONDA,2339007,CHENNARAM,,
23_1,NALGONDA,20,NALGONDA,2334003,CHRLAPALLE,,
23_1,NALGONDA,20,NALGONDA,2334005,DANDAMPALLE,,
23_1,NALGONDA,20,NALGONDA,2334016,DONAKAL,,
23_1,NALGONDA,20,NALGONDA,2334022,G.K.ANNARAM,,
23_1,NALGONDA,20,NALGONDA,2334028,GANDHAMVARIGUDEM,,
23_1,NALGONDA,20,NALGONDA,2334021,GOLLA GUDA (URBAN),,
23_1,NALGONDA,20,NALGONDA,2334017,GUNDLA PALLE,,
23_1,NALGONDA,20,NALGONDA,2334011,K.KONDARAM,,
23_1,NALGONDA,20,NALGONDA,2334010,KANCHANPPALLE,,
23_1,NALGONDA,20,NALGONDA,2333005,KHAJIRAMARAM,,
23_1,NALGONDA,20,NALGONDA,2334015,KHUDAVANPUR,,
23_1,NALGONDA,20,NALGONDA,2334019,KOTHA PALLE,,
23_1,NALGONDA,20,NALGONDA,2334013,M.DOMALAPALLE,,
23_1,NALGONDA,20,NALGONDA,2334029,MAMILLAGUDA,,
23_1,NALGONDA,20,NALGONDA,2334008,MARRIGUDA,,
23_1,NALGONDA,20,NALGONDA,2334023,MEDLA DUPPALA PALLE,,
23_1,NALGONDA,20,NALGONDA,2334027,MUSHAM PALLE,,
23_1,NALGONDA,20,NALGONDA,2334020,NALGONDA (URBAN),,
23_1,NALGONDA,20,NALGONDA,2334014,NARSING BATLA,,
23_1,NALGONDA,20,NALGONDA,2334012,P.DOMALAPALLE,,
23_1,NALGONDA,20,NALGONDA,2334007,PANAGALLU,,
23_1,NALGONDA,20,NALGONDA,2334026,RASOOLPUR,,
23_1,NALGONDA,20,NALGONDA,2333006,SURARAM,,
23_1,NALGONDA,20,NALGONDA,2339022,THORAGAL,,
23_1,NALGONDA,20,NALGONDA,2334025,VELUGU PALLE,,
23_1,NALGONDA,21,NAMPALLY,2355025,BANDA THIMMAPUR,,
23_1,NALGONDA,21,NAMPALLY,2355003,BRAHMANA GOURARAM,,
23_1,NALGONDA,21,NAMPALLY,2355012,CHITTAM PAHAD,,
23_1,NALGONDA,21,NAMPALLY,2355004,DAMERA,,
23_1,NALGONDA,21,NAMPALLY,2355027,DEVETH PALLI,,
23_1,NALGONDA,21,NAMPALLY,2355023,FAKIRPUR,,
23_1,NALGONDA,21,NAMPALLY,2355008,GANUGU PALLI,,
23_1,NALGONDA,21,NAMPALLY,2355018,GHATLA MALLA PALLI,,
23_1,NALGONDA,21,NAMPALLY,2355001,HYDELAPUR,,
23_1,NALGONDA,21,NAMPALLY,2355017,KETHPALLI (P) PASNOOR,,
23_1,NALGONDA,21,NAMPALLY,2355006,KUNDELLA TIRUMALAGIRI,,
23_1,NALGONDA,21,NAMPALLY,2355015,MALLAPRAJ PALLI,,
23_1,NALGONDA,21,NAMPALLY,2355020,MEDLAVAI,,
23_1,NALGONDA,21,NAMPALLY,2355009,MOHAMADAPUR,,
23_1,NALGONDA,21,NAMPALLY,2355028,MUSTI PALLI,,
23_1,NALGONDA,21,NAMPALLY,2355011,NAMPALLI,,
23_1,NALGONDA,21,NAMPALLY,2355005,NERALLA PALLI,,
23_1,NALGONDA,21,NAMPALLY,2355029,PAGIDI PALLI,,
23_1,NALGONDA,21,NAMPALLY,2355021,PASNOOR,,
23_1,NALGONDA,21,NAMPALLY,2355010,PEDDAPUR,,
23_1,NALGONDA,21,NAMPALLY,2355024,REBELLI,,
23_1,NALGONDA,21,NAMPALLY,2355022,SHARABHAPUR,,
23_1,NALGONDA,21,NAMPALLY,2355026,SUNKISHALA,,
23_1,NALGONDA,21,NAMPALLY,2355002,SWAMULAVARI LINGOTAM,,
23_1,NALGONDA,21,NAMPALLY,2355019,THUMMALA PALLI,,
23_1,NALGONDA,21,NAMPALLY,2355016,TIRUMALAGIRI,,
23_1,NALGONDA,21,NAMPALLY,2355014,TUNGAPATHI GOURARAM,,
23_1,NALGONDA,21,NAMPALLY,2355013,VADDE PALLI,,
23_1,NALGONDA,22,NARKETPALLE,2322003,AKKENE PALLE,,
23_1,NALGONDA,22,NARKETPALLE,2322013,AKKENEPALLIVARILINGOTAM,,
23_1,NALGONDA,22,NARKETPALLE,2322002,AMMANABOLE,,
23_1,NALGONDA,22,NARKETPALLE,2322018,AURAVANI,,
23_1,NALGONDA,22,NARKETPALLE,2322017,BRAHMANVELLEMLA,,
23_1,NALGONDA,22,NARKETPALLE,2322014,CHERUGHAT,,
23_1,NALGONDA,22,NARKETPALLE,2322006,CHIPPALA PALLE,,
23_1,NALGONDA,22,NARKETPALLE,2322016,CHOUDAM PALLE,,
23_1,NALGONDA,22,NARKETPALLE,2322010,MADHAYEDAVALLY,,
23_1,NALGONDA,22,NARKETPALLE,2322009,MANDRA,,
23_1,NALGONDA,22,NARKETPALLE,2322004,NAKKALA PALLE,,
23_1,NALGONDA,22,NARKETPALLE,2322015,NARKETPALLE,,
23_1,NALGONDA,22,NARKETPALLE,2322011,NEMMANI,,
23_1,NALGONDA,22,NARKETPALLE,2322012,POTHINENI PALLE,,
23_1,NALGONDA,22,NARKETPALLE,2322001,SABBIDIGUDA,,
23_1,NALGONDA,22,NARKETPALLE,2322005,SHA PALLE,,
23_1,NALGONDA,22,NARKETPALLE,2322008,THIRUMALA GIRI,,
23_1,NALGONDA,22,NARKETPALLE,2322007,THONDALVAI,,
23_1,NALGONDA,22,NARKETPALLE,2322019,YELLAREDDY GUDA,,
23_1,NALGONDA,23,NEREDUGOMMU,2359012,BATCHAPUR,,
23_1,NALGONDA,23,NEREDUGOMMU,2359018,DASARLA PALLI,,
23_1,NALGONDA,23,NEREDUGOMMU,2359019,KACHARAJ PALLI,,
23_1,NALGONDA,23,NEREDUGOMMU,2359009,KETHE PALLI,,
23_1,NALGONDA,23,NEREDUGOMMU,2359010,KOTHA PALLI,,
23_1,NALGONDA,23,NEREDUGOMMU,2359008,NERADUGOMMU,,
23_1,NALGONDA,23,NEREDUGOMMU,2359011,PEDDAMUNIGAL,,
23_1,NALGONDA,23,NEREDUGOMMU,2353016,PERVAL,,
23_1,NALGONDA,23,NEREDUGOMMU,2359007,TIMMAPURAM,,
23_1,NALGONDA,24,NIDAMANUR,2340010,BANKAPUR,,
23_1,NALGONDA,24,NIDAMANUR,2340013,BOKKAMANTHULA PAHAD,,
23_1,NALGONDA,24,NIDAMANUR,2340007,GUNTIPALLE,,
23_1,NALGONDA,24,NIDAMANUR,2340005,MARPAKA,,
23_1,NALGONDA,24,NIDAMANUR,2340008,MUPPARAM,,
23_1,NALGONDA,24,NIDAMANUR,2340009,NIDAMANUR,,
23_1,NALGONDA,24,NIDAMANUR,2340018,REGULAGADDA,,
23_1,NALGONDA,24,NIDAMANUR,2340011,SAKHAPUR,,
23_1,NALGONDA,24,NIDAMANUR,2340016,SUREPALLE,,
23_1,NALGONDA,24,NIDAMANUR,2340014,TUMMADAM,,
23_1,NALGONDA,24,NIDAMANUR,2340017,VALLABHAPUR,,
23_1,NALGONDA,24,NIDAMANUR,2340012,VEMPAHAD,,
23_1,NALGONDA,24,NIDAMANUR,2340015,VENIGANDLA,,
23_1,NALGONDA,24,NIDAMANUR,2340006,VUTKUR,,
23_1,NALGONDA,24,NIDAMANUR,2340004,YERRABALLI,,
23_1,NALGONDA,25,PEDA ADISHARLA PALLI,2353017,AZMAPUR,,
23_1,NALGONDA,25,PEDA ADISHARLA PALLI,2353014,DUGYALA,,
23_1,NALGONDA,25,PEDA ADISHARLA PALLI,2353025,LAXMINAGAR(PEDAGATTU),,
23_1,NALGONDA,25,PEDA ADISHARLA PALLI,2353018,MALLAPURAM,,
23_1,NALGONDA,25,PEDA ADISHARLA PALLI,2353012,MEDARAM,,
23_1,NALGONDA,25,PEDA ADISHARLA PALLI,2353023,NAMBAPURAM,,
23_1,NALGONDA,25,PEDA ADISHARLA PALLI,2353024,PAVURALAGATTU(RC),,
23_1,NALGONDA,25,PEDA ADISHARLA PALLI,2353015,PEDDA ADISERLA PALLI,,
23_1,NALGONDA,25,PEDA ADISHARLA PALLI,2353021,PEDDAGUMMADAM,,
23_1,NALGONDA,25,PEDA ADISHARLA PALLI,2353013,TIRUMALAGIRI(P.DUGYAL),,
23_1,NALGONDA,25,PEDA ADISHARLA PALLI,2353019,VADDIPATLA,,
23_1,NALGONDA,25,PEDA ADISHARLA PALLI,2353020,VANKA VALYAM PAHAD,,
23_1,NALGONDA,25,PEDA ADISHARLA PALLI,2353022,YELLA PURAM,,
23_1,NALGONDA,26,PEDDAVOORA,2352018,CHALA KURTHY,,
23_1,NALGONDA,26,PEDDAVOORA,2352015,CHINTA PALLI,,
23_1,NALGONDA,26,PEDDAVOORA,2352007,GARNEKUNTA,,
23_1,NALGONDA,26,PEDDAVOORA,2352009,KOTHALUR,,
23_1,NALGONDA,26,PEDDAVOORA,2352012,LINGAM PALLI,,
23_1,NALGONDA,26,PEDDAVOORA,2352020,NANDIKONDA,,
23_1,NALGONDA,26,PEDDAVOORA,2352017,PARVEDULA,,
23_1,NALGONDA,26,PEDDAVOORA,2352014,PEDDAVURU,,
23_1,NALGONDA,26,PEDDAVOORA,2352006,PINNAVURA,,
23_1,NALGONDA,26,PEDDAVOORA,2352003,POLEPALLI,,
23_1,NALGONDA,26,PEDDAVOORA,2352004,POTHNUR,,
23_1,NALGONDA,26,PEDDAVOORA,2352002,PULICHERLA,,
23_1,NALGONDA,26,PEDDAVOORA,2352005,SANGARAM,,
23_1,NALGONDA,26,PEDDAVOORA,2352011,SIRASANA GANDLA,,
23_1,NALGONDA,26,PEDDAVOORA,2352019,SUNKISHALA,,
23_1,NALGONDA,26,PEDDAVOORA,2352010,TAMMADAPALLI,,
23_1,NALGONDA,26,PEDDAVOORA,2352013,TEPPALA MADUGU,,
23_1,NALGONDA,26,PEDDAVOORA,2352016,THUNGATHURTHY,,
23_1,NALGONDA,26,PEDDAVOORA,2352008,VELMAGUDA,,
23_1,NALGONDA,26,PEDDAVOORA,2352021,VIJAYAPURI NORTH,,
23_1,NALGONDA,26,PEDDAVOORA,2352001,VUTLAPALLI,,
23_1,NALGONDA,27,SHALIGOURARAM,2312018,ADLUR,,
23_1,NALGONDA,27,SHALIGOURARAM,2312016,AKARAM,,
23_1,NALGONDA,27,SHALIGOURARAM,2312014,BAIRONI BANDA,,
23_1,NALGONDA,27,SHALIGOURARAM,2312006,CHITTALUR,,
23_1,NALGONDA,27,SHALIGOURARAM,2312003,GURIJALA,,
23_1,NALGONDA,27,SHALIGOURARAM,2312008,ITUKULA PAHAD,,
23_1,NALGONDA,27,SHALIGOURARAM,2312009,MADARAM KALAN,,
23_1,NALGONDA,27,SHALIGOURARAM,2312002,MANIMADDE,,
23_1,NALGONDA,27,SHALIGOURARAM,2312013,NULAGADDA KOTHAPALLE,,
23_1,NALGONDA,27,SHALIGOURARAM,2312019,PATHA KONDARAM,,
23_1,NALGONDA,27,SHALIGOURARAM,2312020,PERKA KONDARAM,,
23_1,NALGONDA,27,SHALIGOURARAM,2312004,SALI LINGOTAM,,
23_1,NALGONDA,27,SHALIGOURARAM,2312011,SALIGOURARAM,,
23_1,NALGONDA,27,SHALIGOURARAM,2312015,THAKKEDLA PAHAD,,
23_1,NALGONDA,27,SHALIGOURARAM,2312005,TUDIMIDI,,
23_1,NALGONDA,27,SHALIGOURARAM,2312001,UPPALANCHA,,
23_1,NALGONDA,27,SHALIGOURARAM,2312010,UTUKUR,,
23_1,NALGONDA,27,SHALIGOURARAM,2312012,VADDI PAMULA,,
23_1,NALGONDA,27,SHALIGOURARAM,2312017,VALLALA,,
23_1,NALGONDA,27,SHALIGOURARAM,2312007,VANGAMARTHI,,
23_1,NALGONDA,28,TIPPARTHY,2333002,A.DUPPALA PALLE,,
23_1,NALGONDA,28,TIPPARTHY,2333008,GADDIKONDARAM,,
23_1,NALGONDA,28,TIPPARTHY,2333015,GANGANA PALEM,,
23_1,NALGONDA,28,TIPPARTHY,2333009,INDLOOR,,
23_1,NALGONDA,28,TIPPARTHY,2333013,JANGAMREDDI GUDEM,,
23_1,NALGONDA,28,TIPPARTHY,2333003,KANKANALA PALLE,,
23_1,NALGONDA,28,TIPPARTHY,2333001,KESHRAJ PALLE,,
23_1,NALGONDA,28,TIPPARTHY,2333010,MAMIDALA,,
23_1,NALGONDA,28,TIPPARTHY,2333007,PAJJUR,,
23_1,NALGONDA,28,TIPPARTHY,2333014,RAJUPETA,,
23_1,NALGONDA,28,TIPPARTHY,2333011,SARVARAM,,
23_1,NALGONDA,28,TIPPARTHY,2333004,THANDER PALLE,,
23_1,NALGONDA,28,TIPPARTHY,2333012,THIPPARTHI,,
23_1,NALGONDA,29,TIRUMALAGIRI (SAGAR),2351022,ALWALA,,
23_1,NALGONDA,29,TIRUMALAGIRI (SAGAR),2352024,CHINTALA PALEM,,
23_1,NALGONDA,29,TIRUMALAGIRI (SAGAR),2352022,JAMMANA KOTA,,
23_1,NALGONDA,29,TIRUMALAGIRI (SAGAR),2351026,KOMPALLI,,
23_1,NALGONDA,29,TIRUMALAGIRI (SAGAR),2351024,KONERPUR,,
23_1,NALGONDA,29,TIRUMALAGIRI (SAGAR),2340019,NEHATAPUR,,
23_1,NALGONDA,29,TIRUMALAGIRI (SAGAR),2352023,NELLIKAL,,
23_1,NALGONDA,29,TIRUMALAGIRI (SAGAR),2351027,RAJAVARAM,,
23_1,NALGONDA,29,TIRUMALAGIRI (SAGAR),2351019,SILGAPUR,,
23_1,NALGONDA,29,TIRUMALAGIRI (SAGAR),2351023,SREERAMPUR,,
23_1,NALGONDA,29,TIRUMALAGIRI (SAGAR),2352025,THIMMAI PALEM,,
23_1,NALGONDA,29,TIRUMALAGIRI (SAGAR),2352026,THUNIKI NUTHULA,,
23_1,NALGONDA,29,TIRUMALAGIRI (SAGAR),2351020,TIRUMALAGIRI,,
23_1,NALGONDA,29,TIRUMALAGIRI (SAGAR),2351025,YELLAPUR,,
23_1,NALGONDA,30,TRIPURARAM,2341017,ANJANA PALLE,,
23_1,NALGONDA,30,TRIPURARAM,2341002,ANNARAM,,
23_1,NALGONDA,30,TRIPURARAM,2341014,BABASAHEBPET,,
23_1,NALGONDA,30,TRIPURARAM,2341016,BEJJIKAL,,
23_1,NALGONDA,30,TRIPURARAM,2341020,BORRAI PALEM,,
23_1,NALGONDA,30,TRIPURARAM,2341011,BRUNDANVANPUR,,
23_1,NALGONDA,30,TRIPURARAM,2341003,DUGGE PALLE,,
23_1,NALGONDA,30,TRIPURARAM,2341004,KAMAREDDI GUDEM,,
23_1,NALGONDA,30,TRIPURARAM,2341012,KAMPA SAGAR,,
23_1,NALGONDA,30,TRIPURARAM,2341005,KAMPALA PALLE,,
23_1,NALGONDA,30,TRIPURARAM,2341001,KONTHALA PALLE,,
23_1,NALGONDA,30,TRIPURARAM,2341019,MATUR,,
23_1,NALGONDA,30,TRIPURARAM,2341013,NARLAKANTIGUDA,,
23_1,NALGONDA,30,TRIPURARAM,2341010,PEDDA DEVULA PALLE,,
23_1,NALGONDA,30,TRIPURARAM,2341018,RAGADAPA,,
23_1,NALGONDA,30,TRIPURARAM,2341015,THRIPURARAM,,
23_1,NALGONDA,31,VEMULAPALLY,2332005,AMANGAL,,
23_1,NALGONDA,31,VEMULAPALLY,2332013,ANNAPAREDDIGUDA,,
23_1,NALGONDA,31,VEMULAPALLY,2332011,BUGGABARI GUDA,,
23_1,NALGONDA,31,VEMULAPALLY,2332020,CHALI CHIMALA PALEM,,
23_1,NALGONDA,31,VEMULAPALLY,2332014,ITIKYALA,,
23_1,NALGONDA,31,VEMULAPALLY,2332023,KAMEPALLE,,
23_1,NALGONDA,31,VEMULAPALLY,2332022,MOLKA PATNAM,,
23_1,NALGONDA,31,VEMULAPALLY,2332015,MUNDLA PAHAD,,
23_1,NALGONDA,31,VEMULAPALLY,2332021,RAVULA PENTA,,
23_1,NALGONDA,31,VEMULAPALLY,2332018,SALKUNUR,,
23_1,NALGONDA,31,VEMULAPALLY,2332016,SETTIPALEM,,
23_1,NALGONDA,31,VEMULAPALLY,2332017,THIMMAREDDIGUDA,,
23_1,NALGONDA,31,VEMULAPALLY,2332012,VEMULA PALLE,,
23_2,SURYAPET,01,ANANTHAGIRI,2345002,ANANTHA GIRI,,
23_2,SURYAPET,01,ANANTHAGIRI,2329006,CHAN PALLE,,
23_2,SURYAPET,01,ANANTHAGIRI,2345005,GONDRIYALA,,
23_2,SURYAPET,01,ANANTHAGIRI,2345007,KHANA PURAM,,
23_2,SURYAPET,01,ANANTHAGIRI,2345004,LAKMA VARAM,,
23_2,SURYAPET,01,ANANTHAGIRI,2329007,PALARAM,,
23_2,SURYAPET,01,ANANTHAGIRI,2329015,SINGAVARAM,,
23_2,SURYAPET,01,ANANTHAGIRI,2345003,TIRU ANNARAM,,
23_2,SURYAPET,01,ANANTHAGIRI,2329008,TRIPURAVARAM,,
23_2,SURYAPET,01,ANANTHAGIRI,2329016,YASANTA PURAM,,
23_2,SURYAPET,02,ATHMAKUR (S),2310006,AIPUR,,
23_2,SURYAPET,02,ATHMAKUR (S),2310014,ATMAKUR,,
23_2,SURYAPET,02,ATHMAKUR (S),2310008,BOPPARAM,,
23_2,SURYAPET,02,ATHMAKUR (S),2310018,DACHARAM,,
23_2,SURYAPET,02,ATHMAKUR (S),2310016,ENUBAMLA,,
23_2,SURYAPET,02,ATHMAKUR (S),2310002,GATTIKAL,,
23_2,SURYAPET,02,ATHMAKUR (S),2310017,GOLLAGUDA,,
23_2,SURYAPET,02,ATHMAKUR (S),2310004,ISTHALAPUR,,
23_2,SURYAPET,02,ATHMAKUR (S),2310001,KANDAGATLA,,
23_2,SURYAPET,02,ATHMAKUR (S),2310020,KOTA PAHAD,,
23_2,SURYAPET,02,ATHMAKUR (S),2310010,MAKTHA KOTHA GUDEM,,
23_2,SURYAPET,02,ATHMAKUR (S),2310009,MIDTHAN PALLE,,
23_2,SURYAPET,02,ATHMAKUR (S),2310005,MUKKUDEU DEVI PALLE,,
23_2,SURYAPET,02,ATHMAKUR (S),2310015,NAMMIKAL,,
23_2,SURYAPET,02,ATHMAKUR (S),2310012,NARAYANAPPA GUDA,,
23_2,SURYAPET,02,ATHMAKUR (S),2310013,NASEEMPET,,
23_2,SURYAPET,02,ATHMAKUR (S),2310003,PATHARLA PAHAD,,
23_2,SURYAPET,02,ATHMAKUR (S),2310011,SETTI GUDEM,,
23_2,SURYAPET,02,ATHMAKUR (S),2310019,THUMMALAPEN PAHAD,,
23_2,SURYAPET,02,ATHMAKUR (S),2310007,VENKATAPUR,,
23_2,SURYAPET,03,CHILKUR,2344001,BETHA VOLE,,
23_2,SURYAPET,03,CHILKUR,2344003,CHILKUR,,
23_2,SURYAPET,03,CHILKUR,2344002,KONDAPURAM,,
23_2,SURYAPET,03,CHILKUR,2344004,PALEANNARAM,,
23_2,SURYAPET,04,CHINTHALAPALEM (MALLAREDDYGUDEM),2346011,ADLUR,,
23_2,SURYAPET,04,CHINTHALAPALEM (MALLAREDDYGUDEM),2346004,CHINTHALA PALEM,,
23_2,SURYAPET,04,CHINTHALAPALEM (MALLAREDDYGUDEM),2346013,CHINTRIYALA,,
23_2,SURYAPET,04,CHINTHALAPALEM (MALLAREDDYGUDEM),2346006,DONDA PADU,,
23_2,SURYAPET,04,CHINTHALAPALEM (MALLAREDDYGUDEM),2346007,GUDI MALKA PURAM,,
23_2,SURYAPET,04,CHINTHALAPALEM (MALLAREDDYGUDEM),2346009,NEMALIPURI,,
23_2,SURYAPET,04,CHINTHALAPALEM (MALLAREDDYGUDEM),2346014,REBALLE,,
23_2,SURYAPET,04,CHINTHALAPALEM (MALLAREDDYGUDEM),2346012,THAMMARAM,,
23_2,SURYAPET,04,CHINTHALAPALEM (MALLAREDDYGUDEM),2346008,VAJINE PALLI,,
23_2,SURYAPET,04,CHINTHALAPALEM (MALLAREDDYGUDEM),2346010,VELLATUR,,
23_2,SURYAPET,05,CHIVVEMLA,2327001,AILAPUR,,
23_2,SURYAPET,05,CHIVVEMLA,2327003,BEEBIGUDA,,
23_2,SURYAPET,05,CHIVVEMLA,2327006,CHENDUPATLA,,
23_2,SURYAPET,05,CHIVVEMLA,2327008,CHIVVEMLA,,
23_2,SURYAPET,05,CHIVVEMLA,2327009,DURAJ PALLE,,
23_2,SURYAPET,05,CHIVVEMLA,2327004,GAYAMVARI GUDA,,
23_2,SURYAPET,05,CHIVVEMLA,2327013,GUMPULA,,
23_2,SURYAPET,05,CHIVVEMLA,2327015,GUNJALURU,,
23_2,SURYAPET,05,CHIVVEMLA,2327002,KUDAKUDA,,
23_2,SURYAPET,05,CHIVVEMLA,2327007,THIMMA PURAM,,
23_2,SURYAPET,05,CHIVVEMLA,2327014,THIRUMALAGIRI,,
23_2,SURYAPET,05,CHIVVEMLA,2327011,TULJARAO PET,,
23_2,SURYAPET,05,CHIVVEMLA,2327010,UNDRUGONDA,,
23_2,SURYAPET,05,CHIVVEMLA,2327012,VALLABHAPUR,,
23_2,SURYAPET,05,CHIVVEMLA,2327005,VATTIKHAMMAM PAHAD,,
23_2,SURYAPET,06,GARIDE PALLE,2343001,GADDI PALLI,,
23_2,SURYAPET,06,GARIDE PALLE,2343011,GANUGA BANDA,,
23_2,SURYAPET,06,GARIDE PALLE,2343009,GARIDE PALLI,,
23_2,SURYAPET,06,GARIDE PALLE,2343010,KALMALA CHERVU,,
23_2,SURYAPET,06,GARIDE PALLE,2343007,KALUVA PALLE,,
23_2,SURYAPET,06,GARIDE PALLE,2343002,KUTHUBSHA PURAM,,
23_2,SURYAPET,06,GARIDE PALLE,2343004,PONUGODU,,
23_2,SURYAPET,06,GARIDE PALLE,2343006,RAINI GUDEM,,
23_2,SURYAPET,06,GARIDE PALLE,2343008,SARVARAM,,
23_2,SURYAPET,06,GARIDE PALLE,2343005,TALLA MAKAPURAM,,
23_2,SURYAPET,06,GARIDE PALLE,2343003,VELIDANDA,,
23_2,SURYAPET,07,HUZURNAGAR,2347004,AMARA VARAM,,
23_2,SURYAPET,07,HUZURNAGAR,2347002,BURUGADDA,,
23_2,SURYAPET,07,HUZURNAGAR,2347006,HUZUR NAGAR,,
23_2,SURYAPET,07,HUZURNAGAR,2347005,LAKKA VARAM,,
23_2,SURYAPET,07,HUZURNAGAR,2347003,LINGAGIRI,,
23_2,SURYAPET,07,HUZURNAGAR,2347001,MACHAVARAM,,
23_2,SURYAPET,07,HUZURNAGAR,2347007,YAPALA SINGARAM,,
23_2,SURYAPET,08,JAJIREDDY GUDEM,2311014,ADIVEMULA,,
23_2,SURYAPET,08,JAJIREDDY GUDEM,2311005,BOLLAM PALLE,,
23_2,SURYAPET,08,JAJIREDDY GUDEM,2311006,JAJI REDDI GUDEM,,
23_2,SURYAPET,08,JAJIREDDY GUDEM,2311011,KASARLA PAHAD,,
23_2,SURYAPET,08,JAJIREDDY GUDEM,2311007,KESARAM,,
23_2,SURYAPET,08,JAJIREDDY GUDEM,2311013,KODUR,,
23_2,SURYAPET,08,JAJIREDDY GUDEM,2311012,KOMMALA,,
23_2,SURYAPET,08,JAJIREDDY GUDEM,2311009,KUNCHAMARTHI,,
23_2,SURYAPET,08,JAJIREDDY GUDEM,2311004,PARSAI PALLE,,
23_2,SURYAPET,08,JAJIREDDY GUDEM,2311015,THIMMAPURAM,,
23_2,SURYAPET,08,JAJIREDDY GUDEM,2311008,UYYALAWADA,,
23_2,SURYAPET,08,JAJIREDDY GUDEM,2311010,VELPUCHERLA,,
23_2,SURYAPET,09,KODAD,2345016,CHIMIRYALA,,
23_2,SURYAPET,09,KODAD,2345015,DORAKUNTA,,
23_2,SURYAPET,09,KODAD,2345012,GANAPA VARAM,,
23_2,SURYAPET,09,KODAD,2345009,GUDIBANDA,,
23_2,SURYAPET,09,KODAD,2345014,KAPUGAL,,
23_2,SURYAPET,09,KODAD,2345008,KODAD,,
23_2,SURYAPET,09,KODAD,2345001,KOMARABANDA,,
23_2,SURYAPET,09,KODAD,2345013,KUCHIPUDI,,
23_2,SURYAPET,09,KODAD,2345017,REDLA KUNTA,,
23_2,SURYAPET,09,KODAD,2345006,T.B.PALEM,,
23_2,SURYAPET,09,KODAD,2345010,THOGARRAI,,
23_2,SURYAPET,09,KODAD,2345011,YERRARAM,,
23_2,SURYAPET,10,MADDIRALA,2309008,CHANDU PATLA,,
23_2,SURYAPET,10,MADDIRALA,2309007,CHINNA NEMILA,,
23_2,SURYAPET,10,MADDIRALA,2309005,GANJIVARI KOTHAPALLE,,
23_2,SURYAPET,10,MADDIRALA,2309001,GORENTLA,,
23_2,SURYAPET,10,MADDIRALA,2308008,GUMMADAVALLY,,
23_2,SURYAPET,10,MADDIRALA,2308004,KUKKADAM,,
23_2,SURYAPET,10,MADDIRALA,2308005,KUNTA PALLE,,
23_2,SURYAPET,10,MADDIRALA,2309003,MADDIRALA,,
23_2,SURYAPET,10,MADDIRALA,2309006,MAMINDLA MADAVA,,
23_2,SURYAPET,10,MADDIRALA,2309004,MUKUNDAPURAM,,
23_2,SURYAPET,10,MADDIRALA,2309002,POLUMALLA,,
23_2,SURYAPET,10,MADDIRALA,2308007,RAMACHANDRAPUR,,
23_2,SURYAPET,10,MADDIRALA,2308006,REDDIGUDA,,
23_2,SURYAPET,11,MATTAMPALLE,2348004,ALLIPURAM,,
23_2,SURYAPET,11,MATTAMPALLE,2348002,CHANNAYA PALEM,,
23_2,SURYAPET,11,MATTAMPALLE,2348006,CHOUTAPALLI,,
23_2,SURYAPET,11,MATTAMPALLE,2348008,GUNDLA PALLI,,
23_2,SURYAPET,11,MATTAMPALLE,2348005,MATTAM PALLI,,
23_2,SURYAPET,11,MATTAMPALLE,2348010,MATTAPALLI,,
23_2,SURYAPET,11,MATTAMPALLE,2348009,PEDDA VEEDU,,
23_2,SURYAPET,11,MATTAMPALLE,2348007,RAGHUNADHA PALEM,,
23_2,SURYAPET,11,MATTAMPALLE,2348003,VARDHA PURAM,,
23_2,SURYAPET,11,MATTAMPALLE,2348001,YATAVAKILLA,,
23_2,SURYAPET,12,MELLACHERUVU,2346001,KANDIBANDA,,
23_2,SURYAPET,12,MELLACHERUVU,2346002,MELLA CHERVU,,
23_2,SURYAPET,12,MELLACHERUVU,2346005,REVURU,,
23_2,SURYAPET,12,MELLACHERUVU,2346003,YAPALA MADHARAM,,
23_2,SURYAPET,13,MOTHEY,2328006,ANNARIGUDEM,,
23_2,SURYAPET,13,MOTHEY,2328009,BUMKACHRLA,,
23_2,SURYAPET,13,MOTHEY,2328012,GOPALAPURAM,,
23_2,SURYAPET,13,MOTHEY,2328011,HUSSAINBAD,,
23_2,SURYAPET,13,MOTHEY,2328003,KUDALI,,
23_2,SURYAPET,13,MOTHEY,2328013,MAMILLAGUDEM,,
23_2,SURYAPET,13,MOTHEY,2328015,MOTHEY,,
23_2,SURYAPET,13,MOTHEY,2328017,NAMAVARAM,,
23_2,SURYAPET,13,MOTHEY,2328005,NEREDAVAI,,
23_2,SURYAPET,13,MOTHEY,2328016,RAGHAVAPUR,,
23_2,SURYAPET,13,MOTHEY,2328001,RAVI PAHAD,,
23_2,SURYAPET,13,MOTHEY,2328002,SARVARAM,,
23_2,SURYAPET,13,MOTHEY,2328008,SINGARNENI PALLE,,
23_2,SURYAPET,13,MOTHEY,2328010,SIRIKONDA,,
23_2,SURYAPET,13,MOTHEY,2328014,THUMMALA PALLE,,
23_2,SURYAPET,13,MOTHEY,2328004,URLUGUNDA,,
23_2,SURYAPET,13,MOTHEY,2328007,VIBHALAPUR,,
23_2,SURYAPET,14,MUNAGALA,2330011,AKUPAMULA,,
23_2,SURYAPET,14,MUNAGALA,2330010,BARAKATH GUDA,,
23_2,SURYAPET,14,MUNAGALA,2330008,GANAPAVARAM,,
23_2,SURYAPET,14,MUNAGALA,2330006,KALAKOVA,,
23_2,SURYAPET,14,MUNAGALA,2330009,KOKKIRENI,,
23_2,SURYAPET,14,MUNAGALA,2330004,MADHAVARAM,,
23_2,SURYAPET,14,MUNAGALA,2330007,MUNAGALA,,
23_2,SURYAPET,14,MUNAGALA,2330001,NELA MARRI,,
23_2,SURYAPET,14,MUNAGALA,2330005,REPALA,,
23_2,SURYAPET,14,MUNAGALA,2330003,SYEDMUJAVARPET,,
23_2,SURYAPET,14,MUNAGALA,2330002,TADVAI,,
23_2,SURYAPET,15,NADIGUDEM,2329003,BRUNDAVAN PURAM,,
23_2,SURYAPET,15,NADIGUDEM,2329009,CHAKIRALA,,
23_2,SURYAPET,15,NADIGUDEM,2329012,EKLASHKHAN PET,,
23_2,SURYAPET,15,NADIGUDEM,2329001,KAGITARAMACHANDRA PURAM,,
23_2,SURYAPET,15,NADIGUDEM,2329002,KARIVIRALA,,
23_2,SURYAPET,15,NADIGUDEM,2329010,NADIGUDEM,,
23_2,SURYAPET,15,NADIGUDEM,2329011,RAMA PURAM,,
23_2,SURYAPET,15,NADIGUDEM,2329014,RATNA VARAM,,
23_2,SURYAPET,15,NADIGUDEM,2329004,SIRIPURAM,,
23_2,SURYAPET,15,NADIGUDEM,2329013,TELLABALI,,
23_2,SURYAPET,15,NADIGUDEM,2329005,YELLA PURAM,,
23_2,SURYAPET,16,NAGARAM,2307013,CHENNA PURAM,,
23_2,SURYAPET,16,NAGARAM,2311003,DEVARANENI KOTHA PALLE,,
23_2,SURYAPET,16,NAGARAM,2307015,ETOOR,,
23_2,SURYAPET,16,NAGARAM,2308012,LAXMAPUR,,
23_2,SURYAPET,16,NAGARAM,2307012,MAMIDI PALLE,,
23_2,SURYAPET,16,NAGARAM,2311002,NAGARAM,,
23_2,SURYAPET,16,NAGARAM,2308013,PASNUR,,
23_2,SURYAPET,16,NAGARAM,2308011,PASTHALA,,
23_2,SURYAPET,16,NAGARAM,2307014,PHANIGIRI,,
23_2,SURYAPET,16,NAGARAM,2311001,WARDHAMANU KOTA,,
23_2,SURYAPET,17,NEREDUCHERLA,2349010,BODALA DINNA,,
23_2,SURYAPET,17,NEREDUCHERLA,2349011,CHILLEPALLI,,
23_2,SURYAPET,17,NEREDUCHERLA,2349001,DACHARAM,,
23_2,SURYAPET,17,NEREDUCHERLA,2349013,DIRSENCHERLA,,
23_2,SURYAPET,17,NEREDUCHERLA,2349006,FATHEPURAM,,
23_2,SURYAPET,17,NEREDUCHERLA,2349007,JANALA DINNE,,
23_2,SURYAPET,17,NEREDUCHERLA,2349004,KALLUR,,
23_2,SURYAPET,17,NEREDUCHERLA,2349009,KALVALA DINNA,,
23_2,SURYAPET,17,NEREDUCHERLA,2349005,MEDARAM,,
23_2,SURYAPET,17,NEREDUCHERLA,2349012,NEREDCHERLA,,
23_2,SURYAPET,17,NEREDUCHERLA,2349008,PENCHIKAL DINNE,,
23_2,SURYAPET,17,NEREDUCHERLA,2349003,SOMAVARAM,,
23_2,SURYAPET,17,NEREDUCHERLA,2349002,YELLARAM,,
23_2,SURYAPET,18,NOOTHANAKAL,2309019,BHIKUMALLA,,
23_2,SURYAPET,18,NOOTHANAKAL,2309011,CHILPA KUNTA,,
23_2,SURYAPET,18,NOOTHANAKAL,2309017,DIRISANA PALLE,,
23_2,SURYAPET,18,NOOTHANAKAL,2309015,GUNDLA SINGARAM,,
23_2,SURYAPET,18,NOOTHANAKAL,2309021,LINGAM PALLE,,
23_2,SURYAPET,18,NOOTHANAKAL,2309020,MACHAN PALLE,,
23_2,SURYAPET,18,NOOTHANAKAL,2309022,MEDIGUDA,,
23_2,SURYAPET,18,NOOTHANAKAL,2309016,MIRYALA,,
23_2,SURYAPET,18,NOOTHANAKAL,2309010,NUTHANKAL,,
23_2,SURYAPET,18,NOOTHANAKAL,2309018,PEDANEMILA,,
23_2,SURYAPET,18,NOOTHANAKAL,2309013,TALLA SINGARAM,,
23_2,SURYAPET,18,NOOTHANAKAL,2309012,VENKE PALLE,,
23_2,SURYAPET,18,NOOTHANAKAL,2309014,YADAVALLI,,
23_2,SURYAPET,18,NOOTHANAKAL,2309009,YERRA PAHAD,,
23_2,SURYAPET,19,PALAKEEDU,2349022,ALANGA PURAM,,
23_2,SURYAPET,19,PALAKEEDU,2349021,BOTHALAPALEM,,
23_2,SURYAPET,19,PALAKEEDU,2349014,GUDUGUNTLA PALEM,,
23_2,SURYAPET,19,PALAKEEDU,2349024,GUNDEBOINA GUDEM,,
23_2,SURYAPET,19,PALAKEEDU,2349023,GUNDLA PAHAD,,
23_2,SURYAPET,19,PALAKEEDU,2349025,JANAPAHAD,,
23_2,SURYAPET,19,PALAKEEDU,2349019,KOMATIKUNTA,,
23_2,SURYAPET,19,PALAKEEDU,2349026,MAHANKALI GUDEM,,
23_2,SURYAPET,19,PALAKEEDU,2349015,MUSIVODDU SINGARAM,,
23_2,SURYAPET,19,PALAKEEDU,2349020,PALAKEEDU,,
23_2,SURYAPET,19,PALAKEEDU,2349027,RAVIPAHAD,,
23_2,SURYAPET,19,PALAKEEDU,2349017,SAJJAPURAM,,
23_2,SURYAPET,19,PALAKEEDU,2349018,SUNYA PAHAD,,
23_2,SURYAPET,19,PALAKEEDU,2349016,YELLA PURAM,,
23_2,SURYAPET,20,PENPAHAD,2331002,ANAJIPURAM,,
23_2,SURYAPET,20,PENPAHAD,2331009,ANATHARAM,,
23_2,SURYAPET,20,PENPAHAD,2331006,BHAKTHALAPURAM,,
23_2,SURYAPET,20,PENPAHAD,2331017,CHEEDELLA,,
23_2,SURYAPET,20,PENPAHAD,2331005,DHARMAPURAM,,
23_2,SURYAPET,20,PENPAHAD,2331010,DOSAPAHAD,,
23_2,SURYAPET,20,PENPAHAD,2331015,DUPAHAD,,
23_2,SURYAPET,20,PENPAHAD,2331016,GAJULAMALKAPURAM,,
23_2,SURYAPET,20,PENPAHAD,2331014,LINGALA,,
23_2,SURYAPET,20,PENPAHAD,2331007,MACHARAM,,
23_2,SURYAPET,20,PENPAHAD,2331004,MOHAMMADAPURAM,,
23_2,SURYAPET,20,PENPAHAD,2331013,N.ANNARAM,,
23_2,SURYAPET,20,PENPAHAD,2331011,NAGULAPAHAD,,
23_2,SURYAPET,20,PENPAHAD,2331008,PENPAHAD,,
23_2,SURYAPET,20,PENPAHAD,2331012,POTLA PAHAD,,
23_2,SURYAPET,20,PENPAHAD,2331001,RAJPET,,
23_2,SURYAPET,20,PENPAHAD,2331003,SINGAREDDY PALEM,,
23_2,SURYAPET,21,SURYAPET,2326005,BALEMLA,,
23_2,SURYAPET,21,SURYAPET,2326013,BECHIRAG MADHARAM,,
23_2,SURYAPET,21,SURYAPET,2326011,BECHIRAGDACHARAM,,
23_2,SURYAPET,21,SURYAPET,2326020,CIRCLE PET,,
23_2,SURYAPET,21,SURYAPET,2326018,IMAMPET,,
23_2,SURYAPET,21,SURYAPET,2326016,KASARABAD,,
23_2,SURYAPET,21,SURYAPET,2326017,KESARAM,,
23_2,SURYAPET,21,SURYAPET,2326015,KONKATHIMMANI ANNARAM,,
23_2,SURYAPET,21,SURYAPET,2326012,PILLALA MARRI,,
23_2,SURYAPET,21,SURYAPET,2326007,PINNAI PALEM,,
23_2,SURYAPET,21,SURYAPET,2326002,RAMACHANDRA PURAM,,
23_2,SURYAPET,21,SURYAPET,2326006,RAMANNAGUDA,,
23_2,SURYAPET,21,SURYAPET,2326003,RAMAVARAM,,
23_2,SURYAPET,21,SURYAPET,2326001,SOLIPET,,
23_2,SURYAPET,21,SURYAPET,2326014,SURYAPET,,
23_2,SURYAPET,21,SURYAPET,2326010,TEKUMATLA,,
23_2,SURYAPET,21,SURYAPET,2326019,THALLA KHAMMAMPADU,,
23_2,SURYAPET,21,SURYAPET,2326009,VENKATRAMPUR,,
23_2,SURYAPET,21,SURYAPET,2326008,YENDLA PALLE,,
23_2,SURYAPET,21,SURYAPET,2326004,YERKARAM,,
23_2,SURYAPET,22,THIRUMALAGIRI,2307016,ANANTHARAM,,
23_2,SURYAPET,22,THIRUMALAGIRI,2307010,BANDLA PALLE,,
23_2,SURYAPET,22,THIRUMALAGIRI,2307009,GUNDEPURI,,
23_2,SURYAPET,22,THIRUMALAGIRI,2307007,JALAL PURAM,,
23_2,SURYAPET,22,THIRUMALAGIRI,2307011,MALI PURAM,,
23_2,SURYAPET,22,THIRUMALAGIRI,2307006,MAMIDIYALA,,
23_2,SURYAPET,22,THIRUMALAGIRI,2307002,NANDA PURAM,,
23_2,SURYAPET,22,THIRUMALAGIRI,2307008,SIDDA SAMUDRAM,,
23_2,SURYAPET,22,THIRUMALAGIRI,2307001,THATI PAMULA,,
23_2,SURYAPET,22,THIRUMALAGIRI,2307003,THIRUMALAGIRI,,
23_2,SURYAPET,22,THIRUMALAGIRI,2307004,THONDA,,
23_2,SURYAPET,22,THIRUMALAGIRI,2307005,VELCHALA,,
23_2,SURYAPET,23,THUNGATHURTHY,2308017,ANNARAM,,
23_2,SURYAPET,23,THUNGATHURTHY,2308010,BANDARAMARAM,,
23_2,SURYAPET,23,THUNGATHURTHY,2308015,GANUGUBANDA,,
23_2,SURYAPET,23,THUNGATHURTHY,2308001,GOTTIPARTHI,,
23_2,SURYAPET,23,THUNGATHURTHY,2308016,KARIVIRALA,,
23_2,SURYAPET,23,THUNGATHURTHY,2308019,KESHAVA PURAM,,
23_2,SURYAPET,23,THUNGATHURTHY,2308003,MANAPUR,,
23_2,SURYAPET,23,THUNGATHURTHY,2308002,RAVULA PALLE,,
23_2,SURYAPET,23,THUNGATHURTHY,2308020,SANGEM,,
23_2,SURYAPET,23,THUNGATHURTHY,2308014,THUNGATHURTHI,,
23_2,SURYAPET,23,THUNGATHURTHY,2308018,VELUG PALLE,,
23_2,SURYAPET,23,THUNGATHURTHY,2308009,VEMPATI,,
23_3,YADADRI BHUVANAGIRI,01,ADDAGUDUR,2313009,ADDA GUDUR,,
23_3,YADADRI BHUVANAGIRI,01,ADDAGUDUR,2313004,CHINNAPADISHALA,,
23_3,YADADRI BHUVANAGIRI,01,ADDAGUDUR,2313006,CHIRRA GUDUR,,
23_3,YADADRI BHUVANAGIRI,01,ADDAGUDUR,2313008,CHOULLA RAMARAM,,
23_3,YADADRI BHUVANAGIRI,01,ADDAGUDUR,2313023,DHARMARAM,,
23_3,YADADRI BHUVANAGIRI,01,ADDAGUDUR,2313005,JANAKIPUR,,
23_3,YADADRI BHUVANAGIRI,01,ADDAGUDUR,2313010,KANCHAN PALLE,,
23_3,YADADRI BHUVANAGIRI,01,ADDAGUDUR,2313007,KOTAMARTHI,,
23_3,YADADRI BHUVANAGIRI,01,ADDAGUDUR,2313020,REPAKA (P),,
23_3,YADADRI BHUVANAGIRI,01,ADDAGUDUR,2313022,SINGARAM (P),,
23_3,YADADRI BHUVANAGIRI,01,ADDAGUDUR,2313021,VELDEVI,,
23_3,YADADRI BHUVANAGIRI,02,ALAIR,2305005,ALAIR,,
23_3,YADADRI BHUVANAGIRI,02,ALAIR,2305006,BAHADURPET,,
23_3,YADADRI BHUVANAGIRI,02,ALAIR,2305010,GOLANKONDA,,
23_3,YADADRI BHUVANAGIRI,02,ALAIR,2305001,KOLANUPAKA,,
23_3,YADADRI BHUVANAGIRI,02,ALAIR,2305008,KOLLUR,,
23_3,YADADRI BHUVANAGIRI,02,ALAIR,2305007,MANTHAPURI,,
23_3,YADADRI BHUVANAGIRI,02,ALAIR,2305003,PATELGUDA,,
23_3,YADADRI BHUVANAGIRI,02,ALAIR,2305009,SHARAJPET,,
23_3,YADADRI BHUVANAGIRI,02,ALAIR,2305002,SRINIVASA PURAM,,
23_3,YADADRI BHUVANAGIRI,02,ALAIR,2305004,TANGUTOOR,,
23_3,YADADRI BHUVANAGIRI,03,ATHMAKUR(M),2314014,ATMAKUR,,
23_3,YADADRI BHUVANAGIRI,03,ATHMAKUR(M),2314013,DHARMAPUR,,
23_3,YADADRI BHUVANAGIRI,03,ATHMAKUR(M),2314006,KALWAPALLE,,
23_3,YADADRI BHUVANAGIRI,03,ATHMAKUR(M),2314010,KHAPRAI PALLE,,
23_3,YADADRI BHUVANAGIRI,03,ATHMAKUR(M),2314008,KORATIKAL,,
23_3,YADADRI BHUVANAGIRI,03,ATHMAKUR(M),2314011,KURELLA,,
23_3,YADADRI BHUVANAGIRI,03,ATHMAKUR(M),2314019,LINGARAJ PALLE,,
23_3,YADADRI BHUVANAGIRI,03,ATHMAKUR(M),2314007,MORIPIRALA,,
23_3,YADADRI BHUVANAGIRI,03,ATHMAKUR(M),2306012,PALLE PAHAD,,
23_3,YADADRI BHUVANAGIRI,03,ATHMAKUR(M),2314017,PALLERLA,,
23_3,YADADRI BHUVANAGIRI,03,ATHMAKUR(M),2306013,PARU PALLE,,
23_3,YADADRI BHUVANAGIRI,03,ATHMAKUR(M),2314018,RAGHAVAPUR,,
23_3,YADADRI BHUVANAGIRI,03,ATHMAKUR(M),2314009,RAHIMKHANPET,,
23_3,YADADRI BHUVANAGIRI,03,ATHMAKUR(M),2314015,RAIPALLE,,
23_3,YADADRI BHUVANAGIRI,03,ATHMAKUR(M),2314016,SARVEPALLE,,
23_3,YADADRI BHUVANAGIRI,03,ATHMAKUR(M),2314005,SINGARAM,,
23_3,YADADRI BHUVANAGIRI,03,ATHMAKUR(M),2314012,THUKKAPUR,,
23_3,YADADRI BHUVANAGIRI,04,B.POCHAMPALLY,2318009,ABDULLA NAGAR,,
23_3,YADADRI BHUVANAGIRI,04,B.POCHAMPALLY,2318002,ALINAGAR,,
23_3,YADADRI BHUVANAGIRI,04,B.POCHAMPALLY,2318019,BHEEMAN PALLE,,
23_3,YADADRI BHUVANAGIRI,04,B.POCHAMPALLY,2318015,DANTHUR,,
23_3,YADADRI BHUVANAGIRI,04,B.POCHAMPALLY,2318012,DESHMUKHI,,
23_3,YADADRI BHUVANAGIRI,04,B.POCHAMPALLY,2318017,DHARMA REDDI PALLE,,
23_3,YADADRI BHUVANAGIRI,04,B.POCHAMPALLY,2318008,GOUSE KONDA,,
23_3,YADADRI BHUVANAGIRI,04,B.POCHAMPALLY,2318022,HYDERPUR,,
23_3,YADADRI BHUVANAGIRI,04,B.POCHAMPALLY,2318006,INDRIYALA,,
23_3,YADADRI BHUVANAGIRI,04,B.POCHAMPALLY,2318011,JAGATTH PALLE,,
23_3,YADADRI BHUVANAGIRI,04,B.POCHAMPALLY,2318020,JALAL PUR,,
23_3,YADADRI BHUVANAGIRI,04,B.POCHAMPALLY,2318023,JIBLAK PALLE,,
23_3,YADADRI BHUVANAGIRI,04,B.POCHAMPALLY,2318003,JULUR,,
23_3,YADADRI BHUVANAGIRI,04,B.POCHAMPALLY,2318018,KANUMUKLA,,
23_3,YADADRI BHUVANAGIRI,04,B.POCHAMPALLY,2318004,KHAPRAI PALLE,,
23_3,YADADRI BHUVANAGIRI,04,B.POCHAMPALLY,2318021,MEHAR NAGAR,,
23_3,YADADRI BHUVANAGIRI,04,B.POCHAMPALLY,2318010,MUKTHAPUR,,
23_3,YADADRI BHUVANAGIRI,04,B.POCHAMPALLY,2318005,PEDDA RAVULA PALLE,,
23_3,YADADRI BHUVANAGIRI,04,B.POCHAMPALLY,2318001,PILLAI PALLE,,
23_3,YADADRI BHUVANAGIRI,04,B.POCHAMPALLY,2318013,POCHAMPALLE,,
23_3,YADADRI BHUVANAGIRI,04,B.POCHAMPALLY,2318007,RAMALINGAM PALLE,,
23_3,YADADRI BHUVANAGIRI,04,B.POCHAMPALLY,2318014,REVAN PALLE,,
23_3,YADADRI BHUVANAGIRI,04,B.POCHAMPALLY,2318016,VANKA MAMIDI,,
23_3,YADADRI BHUVANAGIRI,05,BHONGIR,2316025,ANAJIPUR,,
23_3,YADADRI BHUVANAGIRI,05,BHONGIR,2316022,ANANTHARAM,,
23_3,YADADRI BHUVANAGIRI,05,BHONGIR,2316020,BAGATH BHUVANAGIRI,,
23_3,YADADRI BHUVANAGIRI,05,BHONGIR,2316014,BANDA SOMARAM,,
23_3,YADADRI BHUVANAGIRI,05,BHONGIR,2316005,BASWAPUR,,
23_3,YADADRI BHUVANAGIRI,05,BHONGIR,2316021,BHUVANAGIRI,,
23_3,YADADRI BHUVANAGIRI,05,BHONGIR,2316028,BOLLE PALLE,,
23_3,YADADRI BHUVANAGIRI,05,BHONGIR,2316024,BOMMAI PALLE,,
23_3,YADADRI BHUVANAGIRI,05,BHONGIR,2316010,CHANDUPATLA,,
23_3,YADADRI BHUVANAGIRI,05,BHONGIR,2316011,CHEEMALA KONDUR,,
23_3,YADADRI BHUVANAGIRI,05,BHONGIR,2316015,GOUSE NAGAR,,
23_3,YADADRI BHUVANAGIRI,05,BHONGIR,2316002,HANMAPUR,,
23_3,YADADRI BHUVANAGIRI,05,BHONGIR,2316006,HUSSAINABAD(RURAL),,
23_3,YADADRI BHUVANAGIRI,05,BHONGIR,2316008,KESARAM,,
23_3,YADADRI BHUVANAGIRI,05,BHONGIR,2316009,KUNOOR,,
23_3,YADADRI BHUVANAGIRI,05,BHONGIR,2316012,MUSTYALAPALLI,,
23_3,YADADRI BHUVANAGIRI,05,BHONGIR,2316027,NAGIREDDI PALLE,,
23_3,YADADRI BHUVANAGIRI,05,BHONGIR,2316026,NANDANAM,,
23_3,YADADRI BHUVANAGIRI,05,BHONGIR,2316023,PAGIDI PALLE,,
23_3,YADADRI BHUVANAGIRI,05,BHONGIR,2316019,PENCHIKLA PAHAD,,
23_3,YADADRI BHUVANAGIRI,05,BHONGIR,2316018,RAMACHANDRAPUR,,
23_3,YADADRI BHUVANAGIRI,05,BHONGIR,2316007,RAYAGIRI,,
23_3,YADADRI BHUVANAGIRI,05,BHONGIR,2316029,SURE PALLE,,
23_3,YADADRI BHUVANAGIRI,05,BHONGIR,2316001,TAJPUR,,
23_3,YADADRI BHUVANAGIRI,05,BHONGIR,2316004,TIMMAPUR,,
23_3,YADADRI BHUVANAGIRI,05,BHONGIR,2316017,TUKKAPUR,,
23_3,YADADRI BHUVANAGIRI,05,BHONGIR,2316013,VEERA VALLY,,
23_3,YADADRI BHUVANAGIRI,05,BHONGIR,2316003,WADAPARTHY,,
23_3,YADADRI BHUVANAGIRI,05,BHONGIR,2316016,YERRAM BALLE,,
23_3,YADADRI BHUVANAGIRI,06,BIBINAGAR,2317008,ANNAMPATLA,,
23_3,YADADRI BHUVANAGIRI,06,BIBINAGAR,2317011,BAGDAYARA,,
23_3,YADADRI BHUVANAGIRI,06,BIBINAGAR,2317009,BIBINAGAR,,
23_3,YADADRI BHUVANAGIRI,06,BIBINAGAR,2317015,BRAHMANA PALLE,,
23_3,YADADRI BHUVANAGIRI,06,BIBINAGAR,2317021,CHINARAVULA PALLE,,
23_3,YADADRI BHUVANAGIRI,06,BIBINAGAR,2317007,GUDUR,,
23_3,YADADRI BHUVANAGIRI,06,BIBINAGAR,2317020,GURRALA DANDI,,
23_3,YADADRI BHUVANAGIRI,06,BIBINAGAR,2317006,JAIN PALLE,,
23_3,YADADRI BHUVANAGIRI,06,BIBINAGAR,2317019,JAM PALLE,,
23_3,YADADRI BHUVANAGIRI,06,BIBINAGAR,2317002,JAMEELAPET,,
23_3,YADADRI BHUVANAGIRI,06,BIBINAGAR,2317003,JIYA PALLE,,
23_3,YADADRI BHUVANAGIRI,06,BIBINAGAR,2317005,KONDAMADUGU,,
23_3,YADADRI BHUVANAGIRI,06,BIBINAGAR,2317018,MADHARAM,,
23_3,YADADRI BHUVANAGIRI,06,BIBINAGAR,2317004,MAHADEVPUR,,
23_3,YADADRI BHUVANAGIRI,06,BIBINAGAR,2317025,MAKTHA ANANTHARAM,,
23_3,YADADRI BHUVANAGIRI,06,BIBINAGAR,2317016,MAQDOOM PALLE,,
23_3,YADADRI BHUVANAGIRI,06,BIBINAGAR,2317012,NEMARUGOMULA,,
23_3,YADADRI BHUVANAGIRI,06,BIBINAGAR,2317013,PADAMATI SOMARAM,,
23_3,YADADRI BHUVANAGIRI,06,BIBINAGAR,2317022,RAGHAVAPUR,,
23_3,YADADRI BHUVANAGIRI,06,BIBINAGAR,2317014,RAHEEM KHAN GUDA,,
23_3,YADADRI BHUVANAGIRI,06,BIBINAGAR,2317010,RANGAPUR,,
23_3,YADADRI BHUVANAGIRI,06,BIBINAGAR,2317017,RAVI PAHAD,,
23_3,YADADRI BHUVANAGIRI,06,BIBINAGAR,2317001,RAYARAO PET,,
23_3,YADADRI BHUVANAGIRI,06,BIBINAGAR,2317023,RUDRA VELLY,,
23_3,YADADRI BHUVANAGIRI,06,BIBINAGAR,2317024,VENKIRYAL,,
23_3,YADADRI BHUVANAGIRI,07,BOMMALARAMARAM,2301006,BANDAKADI PALLE,,
23_3,YADADRI BHUVANAGIRI,07,BOMMALARAMARAM,2301003,BOIN PALLE,,
23_3,YADADRI BHUVANAGIRI,07,BOMMALARAMARAM,2301018,BOMMALARAMARAM,,
23_3,YADADRI BHUVANAGIRI,07,BOMMALARAMARAM,2301011,CHEEKATI MAMIDI,,
23_3,YADADRI BHUVANAGIRI,07,BOMMALARAMARAM,2301022,HAZIPUR,,
23_3,YADADRI BHUVANAGIRI,07,BOMMALARAMARAM,2301008,JALALPUR,,
23_3,YADADRI BHUVANAGIRI,07,BOMMALARAMARAM,2301023,MAILARAM,,
23_3,YADADRI BHUVANAGIRI,07,BOMMALARAMARAM,2301021,MAISI REDDY PALLE,,
23_3,YADADRI BHUVANAGIRI,07,BOMMALARAMARAM,2301013,MALYALA,,
23_3,YADADRI BHUVANAGIRI,07,BOMMALARAMARAM,2301012,MARYALA,,
23_3,YADADRI BHUVANAGIRI,07,BOMMALARAMARAM,2301024,MEDI PALLE,,
23_3,YADADRI BHUVANAGIRI,07,BOMMALARAMARAM,2301005,MUNEERABAD,,
23_3,YADADRI BHUVANAGIRI,07,BOMMALARAMARAM,2301020,NAGENENI PALLE,,
23_3,YADADRI BHUVANAGIRI,07,BOMMALARAMARAM,2301017,PEDDA PARVATHAPUR,,
23_3,YADADRI BHUVANAGIRI,07,BOMMALARAMARAM,2301009,PYARARAM,,
23_3,YADADRI BHUVANAGIRI,07,BOMMALARAMARAM,2301015,RAMGA PURAM,,
23_3,YADADRI BHUVANAGIRI,07,BOMMALARAMARAM,2301016,RAMLINGAM PALLE,,
23_3,YADADRI BHUVANAGIRI,07,BOMMALARAMARAM,2301010,SOLIPETA,,
23_3,YADADRI BHUVANAGIRI,07,BOMMALARAMARAM,2301004,SOMAJI PALLE,,
23_3,YADADRI BHUVANAGIRI,07,BOMMALARAMARAM,2301002,THIMMA PURAM,,
23_3,YADADRI BHUVANAGIRI,07,BOMMALARAMARAM,2301007,THUMKUNTA,,
23_3,YADADRI BHUVANAGIRI,07,BOMMALARAMARAM,2301019,TIRUMALAGIRI,,
23_3,YADADRI BHUVANAGIRI,07,BOMMALARAMARAM,2301014,YAVAPUR,,
23_3,YADADRI BHUVANAGIRI,08,CHOUTUPPAL,2319016,ALLAPUR,,
23_3,YADADRI BHUVANAGIRI,08,CHOUTUPPAL,2319007,CHINNA KONDUR,,
23_3,YADADRI BHUVANAGIRI,08,CHOUTUPPAL,2319006,CHOUTUPPAL,,
23_3,YADADRI BHUVANAGIRI,08,CHOUTUPPAL,2319018,DARMOJIGUDA,,
23_3,YADADRI BHUVANAGIRI,08,CHOUTUPPAL,2319015,DEVALAMMA NAGARAM,,
23_3,YADADRI BHUVANAGIRI,08,CHOUTUPPAL,2319009,JAI KESARAM,,
23_3,YADADRI BHUVANAGIRI,08,CHOUTUPPAL,2319003,KHAIRATHPUR,,
23_3,YADADRI BHUVANAGIRI,08,CHOUTUPPAL,2319005,LAKKARAM,,
23_3,YADADRI BHUVANAGIRI,08,CHOUTUPPAL,2319012,LINGOJI GUDA,,
23_3,YADADRI BHUVANAGIRI,08,CHOUTUPPAL,2319002,MALKAPUR,,
23_3,YADADRI BHUVANAGIRI,08,CHOUTUPPAL,2319008,NELAPATLA,,
23_3,YADADRI BHUVANAGIRI,08,CHOUTUPPAL,2319011,PANTHANGI,,
23_3,YADADRI BHUVANAGIRI,08,CHOUTUPPAL,2319017,PEEPAL PAHAD,,
23_3,YADADRI BHUVANAGIRI,08,CHOUTUPPAL,2319010,SWAMULAVARI LINGOTAM,,
23_3,YADADRI BHUVANAGIRI,08,CHOUTUPPAL,2319013,TALLASINGARAM,,
23_3,YADADRI BHUVANAGIRI,08,CHOUTUPPAL,2319014,TANGAD PALLE,,
23_3,YADADRI BHUVANAGIRI,08,CHOUTUPPAL,2319001,TUPRANPET,,
23_3,YADADRI BHUVANAGIRI,08,CHOUTUPPAL,2319004,YELLAGIRI,,
23_3,YADADRI BHUVANAGIRI,17,GUNDALA,2306014,AMBALA,,
23_3,YADADRI BHUVANAGIRI,17,GUNDALA,2306002,ANANTARAM,,
23_3,YADADRI BHUVANAGIRI,17,GUNDALA,2306016,BANDAKOTHA PALLE,,
23_3,YADADRI BHUVANAGIRI,17,GUNDALA,2306009,BRAHMAN PALLE,,
23_3,YADADRI BHUVANAGIRI,17,GUNDALA,2306006,GANGAPUR,,
23_3,YADADRI BHUVANAGIRI,17,GUNDALA,2306015,GUNDALA,,
23_3,YADADRI BHUVANAGIRI,17,GUNDALA,2306001,KOMME PALLE,,
23_3,YADADRI BHUVANAGIRI,17,GUNDALA,2306005,MARPADAGA,,
23_3,YADADRI BHUVANAGIRI,17,GUNDALA,2306007,MASAN PALLE,,
23_3,YADADRI BHUVANAGIRI,17,GUNDALA,2306018,PEDDA PADISHALA,,
23_3,YADADRI BHUVANAGIRI,17,GUNDALA,2306008,RAMARAM,,
23_3,YADADRI BHUVANAGIRI,17,GUNDALA,2306004,SEETARAMPUR,,
23_3,YADADRI BHUVANAGIRI,17,GUNDALA,2306010,SUDDALA,,
23_3,YADADRI BHUVANAGIRI,17,GUNDALA,2306019,TURKALA SHAPUR,,
23_3,YADADRI BHUVANAGIRI,17,GUNDALA,2306020,VANGALA,,
23_3,YADADRI BHUVANAGIRI,17,GUNDALA,2306017,VASTHA KONDUR,,
23_3,YADADRI BHUVANAGIRI,17,GUNDALA,2306003,VELMAJALA,,
23_3,YADADRI BHUVANAGIRI,09,MOTAKONDUR,2305011,AMMAN BOLE,,
23_3,YADADRI BHUVANAGIRI,09,MOTAKONDUR,2314001,CHADA,,
23_3,YADADRI BHUVANAGIRI,09,MOTAKONDUR,2314004,CHAMAPUR,,
23_3,YADADRI BHUVANAGIRI,09,MOTAKONDUR,2314003,CHANDE PALLE,,
23_3,YADADRI BHUVANAGIRI,09,MOTAKONDUR,2305014,DILAWARPUR,,
23_3,YADADRI BHUVANAGIRI,09,MOTAKONDUR,2314002,DURSAGANI PALLE,,
23_3,YADADRI BHUVANAGIRI,09,MOTAKONDUR,2305013,IKKURTHI,,
23_3,YADADRI BHUVANAGIRI,09,MOTAKONDUR,2305012,MATOOR,,
23_3,YADADRI BHUVANAGIRI,09,MOTAKONDUR,2304016,MOOTA KONDUR,,
23_3,YADADRI BHUVANAGIRI,09,MOTAKONDUR,2306011,TERYALA,,
23_3,YADADRI BHUVANAGIRI,09,MOTAKONDUR,2304017,VARTOOR,,
23_3,YADADRI BHUVANAGIRI,10,MOTHKUR,2313016,ANAJIPUR,,
23_3,YADADRI BHUVANAGIRI,10,MOTHKUR,2313012,BIJILAPUR,,
23_3,YADADRI BHUVANAGIRI,10,MOTHKUR,2313019,DACHARAM,,
23_3,YADADRI BHUVANAGIRI,10,MOTHKUR,2313018,DATTAPPAGUDA,,
23_3,YADADRI BHUVANAGIRI,10,MOTHKUR,2313002,KONDA GADAPA,,
23_3,YADADRI BHUVANAGIRI,10,MOTHKUR,2313001,MOTHKUR,,
23_3,YADADRI BHUVANAGIRI,10,MOTHKUR,2313013,MUSITPATLA,,
23_3,YADADRI BHUVANAGIRI,10,MOTHKUR,2313015,PALADUGU,,
23_3,YADADRI BHUVANAGIRI,10,MOTHKUR,2313014,PANAKA BANDA,,
23_3,YADADRI BHUVANAGIRI,10,MOTHKUR,2313011,PATIMATLA,,
23_3,YADADRI BHUVANAGIRI,10,MOTHKUR,2313017,PODICHEDU,,
23_3,YADADRI BHUVANAGIRI,10,MOTHKUR,2313024,PODICHEDU KHURDU,,
23_3,YADADRI BHUVANAGIRI,10,MOTHKUR,2313003,SADARSHAPUR,,
23_3,YADADRI BHUVANAGIRI,11,NARAYANAPOOR,2336014,CHILLAPURAM,,
23_3,YADADRI BHUVANAGIRI,11,NARAYANAPOOR,2336005,CHIMIRIYALA,,
23_3,YADADRI BHUVANAGIRI,11,NARAYANAPOOR,2336003,GUDDI MALKAPURAM,,
23_3,YADADRI BHUVANAGIRI,11,NARAYANAPOOR,2336010,GUJJA,,
23_3,YADADRI BHUVANAGIRI,11,NARAYANAPOOR,2336012,JANGAM,,
23_3,YADADRI BHUVANAGIRI,11,NARAYANAPOOR,2336008,KANKANAL GUDEM,,
23_3,YADADRI BHUVANAGIRI,11,NARAYANAPOOR,2336007,KOTHAGUDEM,,
23_3,YADADRI BHUVANAGIRI,11,NARAYANAPOOR,2336004,KOTHULAPURAM,,
23_3,YADADRI BHUVANAGIRI,11,NARAYANAPOOR,2336002,MAHAMMADABAD,,
23_3,YADADRI BHUVANAGIRI,11,NARAYANAPOOR,2336006,NARAYANAPUR,,
23_3,YADADRI BHUVANAGIRI,11,NARAYANAPOOR,2336011,PUTTAPAKA,,
23_3,YADADRI BHUVANAGIRI,11,NARAYANAPOOR,2336001,RACHAKONDA,,
23_3,YADADRI BHUVANAGIRI,11,NARAYANAPOOR,2336009,SARVAIL,,
23_3,YADADRI BHUVANAGIRI,11,NARAYANAPOOR,2336013,VAILA PALLE,,
23_3,YADADRI BHUVANAGIRI,12,RAJAPET,2303015,BASANTHAPUR,,
23_3,YADADRI BHUVANAGIRI,12,RAJAPET,2303017,BEGUMPET,,
23_3,YADADRI BHUVANAGIRI,12,RAJAPET,2303005,BONDUGULA,,
23_3,YADADRI BHUVANAGIRI,12,RAJAPET,2303004,BURUGU PALLE,,
23_3,YADADRI BHUVANAGIRI,12,RAJAPET,2303018,CHALLUR,,
23_3,YADADRI BHUVANAGIRI,12,RAJAPET,2303014,DOODI VENKATAPUR,,
23_3,YADADRI BHUVANAGIRI,12,RAJAPET,2303002,JALA,,
23_3,YADADRI BHUVANAGIRI,12,RAJAPET,2303016,KALAPALLE,,
23_3,YADADRI BHUVANAGIRI,12,RAJAPET,2303003,KURRARAM,,
23_3,YADADRI BHUVANAGIRI,12,RAJAPET,2303013,LAKSHMAKKA PALLE,,
23_3,YADADRI BHUVANAGIRI,12,RAJAPET,2303008,NARSAPUR,,
23_3,YADADRI BHUVANAGIRI,12,RAJAPET,2303011,NEMLA,,
23_3,YADADRI BHUVANAGIRI,12,RAJAPET,2303007,PAMUKUNTA,,
23_3,YADADRI BHUVANAGIRI,12,RAJAPET,2303006,PARU PALLE,,
23_3,YADADRI BHUVANAGIRI,12,RAJAPET,2303019,RAGHUNATHPUR,,
23_3,YADADRI BHUVANAGIRI,12,RAJAPET,2303010,RAJAPET,,
23_3,YADADRI BHUVANAGIRI,12,RAJAPET,2303009,RENIKUNTA,,
23_3,YADADRI BHUVANAGIRI,12,RAJAPET,2303001,SINGARAM,,
23_3,YADADRI BHUVANAGIRI,12,RAJAPET,2303012,SOMARAM,,
23_3,YADADRI BHUVANAGIRI,13,RAMANNAPETA,2320008,B.THURKA PALLE,,
23_3,YADADRI BHUVANAGIRI,13,RAMANNAPETA,2320006,BACHUPPALA,,
23_3,YADADRI BHUVANAGIRI,13,RAMANNAPETA,2320017,BOGARAM,,
23_3,YADADRI BHUVANAGIRI,13,RAMANNAPETA,2320014,DUBBAKA,,
23_3,YADADRI BHUVANAGIRI,13,RAMANNAPETA,2320013,ISKILLA,,
23_3,YADADRI BHUVANAGIRI,13,RAMANNAPETA,2320021,JANAM PALLE,,
23_3,YADADRI BHUVANAGIRI,13,RAMANNAPETA,2320011,KAKKIRENI,,
23_3,YADADRI BHUVANAGIRI,13,RAMANNAPETA,2320009,KUNKUDU PAMULA,,
23_3,YADADRI BHUVANAGIRI,13,RAMANNAPETA,2320003,LAXMA PURAM,,
23_3,YADADRI BHUVANAGIRI,13,RAMANNAPETA,2320004,MUNI PANPULA,,
23_3,YADADRI BHUVANAGIRI,13,RAMANNAPETA,2320015,NEERNEMULA,,
23_3,YADADRI BHUVANAGIRI,13,RAMANNAPETA,2320016,NIDHANAPALLE,,
23_3,YADADRI BHUVANAGIRI,13,RAMANNAPETA,2320005,PALLIWADA,,
23_3,YADADRI BHUVANAGIRI,13,RAMANNAPETA,2320020,RAMANNAPET,,
23_3,YADADRI BHUVANAGIRI,13,RAMANNAPETA,2320002,SHOBANADRIPURAM,,
23_3,YADADRI BHUVANAGIRI,13,RAMANNAPETA,2320019,SIRIPURAM,,
23_3,YADADRI BHUVANAGIRI,13,RAMANNAPETA,2320007,SURARAM,,
23_3,YADADRI BHUVANAGIRI,13,RAMANNAPETA,2320001,THUMMALAGUDA,,
23_3,YADADRI BHUVANAGIRI,13,RAMANNAPETA,2320012,UTHATOOR,,
23_3,YADADRI BHUVANAGIRI,13,RAMANNAPETA,2320018,YELLANKI,,
23_3,YADADRI BHUVANAGIRI,13,RAMANNAPETA,2320010,YENNARAM,,
23_3,YADADRI BHUVANAGIRI,14,THURKAPALLY,2302016,CHINA LAXMA PURAM,,
23_3,YADADRI BHUVANAGIRI,14,THURKAPALLY,2302009,DATTAI PALLE,,
23_3,YADADRI BHUVANAGIRI,14,THURKAPALLY,2302019,DHARMARAM,,
23_3,YADADRI BHUVANAGIRI,14,THURKAPALLY,2302006,GANDAMALLA,,
23_3,YADADRI BHUVANAGIRI,14,THURKAPALLY,2302001,GOPAL PURAM,,
23_3,YADADRI BHUVANAGIRI,14,THURKAPALLY,2302008,IBRAHIMPUR,,
23_3,YADADRI BHUVANAGIRI,14,THURKAPALLY,2302011,KOMATIKUNTA,,
23_3,YADADRI BHUVANAGIRI,14,THURKAPALLY,2302007,KONAPUR,,
23_3,YADADRI BHUVANAGIRI,14,THURKAPALLY,2302002,KONDAPUR,,
23_3,YADADRI BHUVANAGIRI,14,THURKAPALLY,2302018,MADHA PURAM,,
23_3,YADADRI BHUVANAGIRI,14,THURKAPALLY,2302015,MALKA PURAM,,
23_3,YADADRI BHUVANAGIRI,14,THURKAPALLY,2302013,MANNEVARI TURKAPALLE,,
23_3,YADADRI BHUVANAGIRI,14,THURKAPALLY,2302020,MULAKALA PALLE,,
23_3,YADADRI BHUVANAGIRI,14,THURKAPALLY,2302017,NAGAI PALLE,,
23_3,YADADRI BHUVANAGIRI,14,THURKAPALLY,2302021,PALLE PAHAD,,
23_3,YADADRI BHUVANAGIRI,14,THURKAPALLY,2302022,RUSTA PURAM,,
23_3,YADADRI BHUVANAGIRI,14,THURKAPALLY,2302003,SRINIVASAPUR,,
23_3,YADADRI BHUVANAGIRI,14,THURKAPALLY,2302004,TIRUMALAPUR,,
23_3,YADADRI BHUVANAGIRI,14,THURKAPALLY,2302014,VASALA MARRI,,
23_3,YADADRI BHUVANAGIRI,14,THURKAPALLY,2302005,VEERAREDDI PALLE,,
23_3,YADADRI BHUVANAGIRI,14,THURKAPALLY,2302010,VELPUPALLE,,
23_3,YADADRI BHUVANAGIRI,14,THURKAPALLY,2302012,VENKATAPUR,,
23_3,YADADRI BHUVANAGIRI,15,VALIGONDA,2315009,ARRUR,,
23_3,YADADRI BHUVANAGIRI,15,VALIGONDA,2315026,CHITTAPUR,,
23_3,YADADRI BHUVANAGIRI,15,VALIGONDA,2314021,DUPPELLI,,
23_3,YADADRI BHUVANAGIRI,15,VALIGONDA,2315024,GANGAPUR,,
23_3,YADADRI BHUVANAGIRI,15,VALIGONDA,2315016,GOKARAM,,
23_3,YADADRI BHUVANAGIRI,15,VALIGONDA,2315017,GOLLE PALLE,,
23_3,YADADRI BHUVANAGIRI,15,VALIGONDA,2315027,GOPARAJ PALLE,,
23_3,YADADRI BHUVANAGIRI,15,VALIGONDA,2315023,GURNATH PALLI,,
23_3,YADADRI BHUVANAGIRI,15,VALIGONDA,2315003,KANCHAN PALLE,,
23_3,YADADRI BHUVANAGIRI,15,VALIGONDA,2315006,KASHAMMA BKUNTA,,
23_3,YADADRI BHUVANAGIRI,15,VALIGONDA,2315022,LOTHUKUNTA,,
23_3,YADADRI BHUVANAGIRI,15,VALIGONDA,2315010,MALLE PALLE,,
23_3,YADADRI BHUVANAGIRI,15,VALIGONDA,2315005,MOGILIPAKA,,
23_3,YADADRI BHUVANAGIRI,15,VALIGONDA,2315008,MUDDAPUR,,
23_3,YADADRI BHUVANAGIRI,15,VALIGONDA,2315007,MUNAGALA TURKAPALLY,,
23_3,YADADRI BHUVANAGIRI,15,VALIGONDA,2315020,NAGARAM,,
23_3,YADADRI BHUVANAGIRI,15,VALIGONDA,2314020,NARSAPUR,,
23_3,YADADRI BHUVANAGIRI,15,VALIGONDA,2315018,NEMILI KALAWA,,
23_3,YADADRI BHUVANAGIRI,15,VALIGONDA,2315002,PAHILWANPUR,,
23_3,YADADRI BHUVANAGIRI,15,VALIGONDA,2315013,PODDATUR,,
23_3,YADADRI BHUVANAGIRI,15,VALIGONDA,2315004,PULIGILLA,,
23_3,YADADRI BHUVANAGIRI,15,VALIGONDA,2315012,REDLA REPAKA,,
23_3,YADADRI BHUVANAGIRI,15,VALIGONDA,2315014,SANGAM,,
23_3,YADADRI BHUVANAGIRI,15,VALIGONDA,2315011,SUNKI SHALA,,
23_3,YADADRI BHUVANAGIRI,15,VALIGONDA,2315001,TEKULA SOMARAM,,
23_3,YADADRI BHUVANAGIRI,15,VALIGONDA,2315019,VALIGONDA,,
23_3,YADADRI BHUVANAGIRI,15,VALIGONDA,2315021,VELVERTHY,,
23_3,YADADRI BHUVANAGIRI,15,VALIGONDA,2315028,VEMALKONDA,,
23_3,YADADRI BHUVANAGIRI,15,VALIGONDA,2315025,VENKATAPUR,,
23_3,YADADRI BHUVANAGIRI,15,VALIGONDA,2315015,VERKAT PALLE,,
23_3,YADADRI BHUVANAGIRI,16,YADAGIRIGUTTA,2304014,CHINNAKANDUKUR,,
23_3,YADADRI BHUVANAGIRI,16,YADAGIRIGUTTA,2304015,CHOLLER,,
23_3,YADADRI BHUVANAGIRI,16,YADAGIRIGUTTA,2304009,DATHAR PALLE,,
23_3,YADADRI BHUVANAGIRI,16,YADAGIRIGUTTA,2304002,GOWRAI PALLE,,
23_3,YADADRI BHUVANAGIRI,16,YADAGIRIGUTTA,2304011,GUNDLA PALLE,,
23_3,YADADRI BHUVANAGIRI,16,YADAGIRIGUTTA,2304010,JANGAM PALLE,,
23_3,YADADRI BHUVANAGIRI,16,YADAGIRIGUTTA,2304004,KACHARAM,,
23_3,YADADRI BHUVANAGIRI,16,YADAGIRIGUTTA,2304001,MALLAPUR,,
23_3,YADADRI BHUVANAGIRI,16,YADAGIRIGUTTA,2304005,MASAIPET,,
23_3,YADADRI BHUVANAGIRI,16,YADAGIRIGUTTA,2304006,PEDDAKANDUKUR,,
23_3,YADADRI BHUVANAGIRI,16,YADAGIRIGUTTA,2304013,RAMOJIPET,,
23_3,YADADRI BHUVANAGIRI,16,YADAGIRIGUTTA,2304003,SADU VELLE,,
23_3,YADADRI BHUVANAGIRI,16,YADAGIRIGUTTA,2304007,SAIDAPUR,,
23_3,YADADRI BHUVANAGIRI,16,YADAGIRIGUTTA,2304012,VANGA PALLE,,
23_3,YADADRI BHUVANAGIRI,16,YADAGIRIGUTTA,2304008,YADAGIRI PALLE (P)U,,
